In clock cycle: 3
Register Write to Reg: 0x03 Val: 0x10010000
In clock cycle: 6
Register Write to Reg: 0x03 Val: 0x10010000
In clock cycle: 7
Register Write to Reg: 0x04 Val: 0x00400008
In clock cycle: 10
Register Write to Reg: 0x04 Val: 0x00400018
In clock cycle: 13
Register Write to Reg: 0x04 Val: 0x00400020
In clock cycle: 16
Register Write to Reg: 0x01 Val: 0x00400018
In clock cycle: 19
Register Write to Reg: 0x05 Val: 0x00000001
In clock cycle: 20
Register Write to Reg: 0x04 Val: 0x00400034
In clock cycle: 23
Register Write to Reg: 0x01 Val: 0x00400028
In clock cycle: 25
Memory Write to Addr: 0x10010000 Val: 0x00000001
In clock cycle: 1038
Register Write to Reg: 0x03 Val: 0x10011000
In clock cycle: 1041
Register Write to Reg: 0x03 Val: 0x10011000
In clock cycle: 1042
Register Write to Reg: 0x04 Val: 0x00401008
In clock cycle: 1045
Register Write to Reg: 0x04 Val: 0x00401018
In clock cycle: 1048
Register Write to Reg: 0x04 Val: 0x00401020
In clock cycle: 1051
Register Write to Reg: 0x01 Val: 0x00401018
In clock cycle: 1054
Register Write to Reg: 0x05 Val: 0x00000001
In clock cycle: 1055
Register Write to Reg: 0x04 Val: 0x00401034
In clock cycle: 1058
Register Write to Reg: 0x01 Val: 0x00401028
In clock cycle: 1060
Memory Write to Addr: 0x10011000 Val: 0x00000001
In clock cycle: 2073
Register Write to Reg: 0x03 Val: 0x10012000
In clock cycle: 2076
Register Write to Reg: 0x03 Val: 0x10012000
In clock cycle: 2077
Register Write to Reg: 0x04 Val: 0x00402008
In clock cycle: 2080
Register Write to Reg: 0x04 Val: 0x00402018
In clock cycle: 2083
Register Write to Reg: 0x04 Val: 0x00402020
In clock cycle: 2086
Register Write to Reg: 0x01 Val: 0x00402018
In clock cycle: 2089
Register Write to Reg: 0x05 Val: 0x00000001
In clock cycle: 2090
Register Write to Reg: 0x04 Val: 0x00402034
In clock cycle: 2093
Register Write to Reg: 0x01 Val: 0x00402028
In clock cycle: 2095
Memory Write to Addr: 0x10012000 Val: 0x00000001
In clock cycle: 3108
Register Write to Reg: 0x03 Val: 0x10013000
In clock cycle: 3111
Register Write to Reg: 0x03 Val: 0x10013000
In clock cycle: 3112
Register Write to Reg: 0x04 Val: 0x00403008
In clock cycle: 3115
Register Write to Reg: 0x04 Val: 0x00403018
In clock cycle: 3118
Register Write to Reg: 0x04 Val: 0x00403020
In clock cycle: 3121
Register Write to Reg: 0x01 Val: 0x00403018
In clock cycle: 3124
Register Write to Reg: 0x05 Val: 0x00000001
In clock cycle: 3125
Register Write to Reg: 0x04 Val: 0x00403034
In clock cycle: 3128
Register Write to Reg: 0x01 Val: 0x00403028
In clock cycle: 3130
Memory Write to Addr: 0x10013000 Val: 0x00000001
In clock cycle: 4143
Register Write to Reg: 0x03 Val: 0x10014000
In clock cycle: 4146
Register Write to Reg: 0x03 Val: 0x10014000
In clock cycle: 4147
Register Write to Reg: 0x04 Val: 0x00404008
In clock cycle: 4150
Register Write to Reg: 0x04 Val: 0x00404018
In clock cycle: 4153
Register Write to Reg: 0x04 Val: 0x00404020
In clock cycle: 4156
Register Write to Reg: 0x01 Val: 0x00404018
In clock cycle: 4159
Register Write to Reg: 0x05 Val: 0x00000001
In clock cycle: 4160
Register Write to Reg: 0x04 Val: 0x00404034
In clock cycle: 4163
Register Write to Reg: 0x01 Val: 0x00404028
In clock cycle: 4165
Memory Write to Addr: 0x10014000 Val: 0x00000001
In clock cycle: 5178
Register Write to Reg: 0x03 Val: 0x10015000
In clock cycle: 5181
Register Write to Reg: 0x03 Val: 0x10015000
In clock cycle: 5182
Register Write to Reg: 0x04 Val: 0x00405008
In clock cycle: 5185
Register Write to Reg: 0x04 Val: 0x00405018
In clock cycle: 5188
Register Write to Reg: 0x04 Val: 0x00405020
In clock cycle: 5191
Register Write to Reg: 0x01 Val: 0x00405018
In clock cycle: 5194
Register Write to Reg: 0x05 Val: 0x00000001
In clock cycle: 5195
Register Write to Reg: 0x04 Val: 0x00405034
In clock cycle: 5198
Register Write to Reg: 0x01 Val: 0x00405028
In clock cycle: 5200
Memory Write to Addr: 0x10015000 Val: 0x00000001
In clock cycle: 6213
Register Write to Reg: 0x03 Val: 0x10016000
In clock cycle: 6216
Register Write to Reg: 0x03 Val: 0x10016000
In clock cycle: 6217
Register Write to Reg: 0x04 Val: 0x00406008
In clock cycle: 6220
Register Write to Reg: 0x04 Val: 0x00406018
In clock cycle: 6223
Register Write to Reg: 0x04 Val: 0x00406020
In clock cycle: 6226
Register Write to Reg: 0x01 Val: 0x00406018
In clock cycle: 6229
Register Write to Reg: 0x05 Val: 0x00000001
In clock cycle: 6230
Register Write to Reg: 0x04 Val: 0x00406034
In clock cycle: 6233
Register Write to Reg: 0x01 Val: 0x00406028
In clock cycle: 6235
Memory Write to Addr: 0x10016000 Val: 0x00000001
In clock cycle: 7248
Register Write to Reg: 0x03 Val: 0x10017000
In clock cycle: 7251
Register Write to Reg: 0x03 Val: 0x10017000
In clock cycle: 7252
Register Write to Reg: 0x04 Val: 0x00407008
In clock cycle: 7255
Register Write to Reg: 0x04 Val: 0x00407018
In clock cycle: 7258
Register Write to Reg: 0x04 Val: 0x00407020
In clock cycle: 7261
Register Write to Reg: 0x01 Val: 0x00407018
In clock cycle: 7264
Register Write to Reg: 0x05 Val: 0x00000001
In clock cycle: 7265
Register Write to Reg: 0x04 Val: 0x00407034
In clock cycle: 7268
Register Write to Reg: 0x01 Val: 0x00407028
In clock cycle: 7270
Memory Write to Addr: 0x10017000 Val: 0x00000001
In clock cycle: 8283
Register Write to Reg: 0x03 Val: 0x10018000
In clock cycle: 8286
Register Write to Reg: 0x03 Val: 0x10018000
In clock cycle: 8287
Register Write to Reg: 0x04 Val: 0x00408008
In clock cycle: 8290
Register Write to Reg: 0x04 Val: 0x00408018
In clock cycle: 8293
Register Write to Reg: 0x04 Val: 0x00408020
In clock cycle: 8296
Register Write to Reg: 0x01 Val: 0x00408018
In clock cycle: 8299
Register Write to Reg: 0x05 Val: 0x00000001
In clock cycle: 8300
Register Write to Reg: 0x04 Val: 0x00408034
In clock cycle: 8303
Register Write to Reg: 0x01 Val: 0x00408028
In clock cycle: 8305
Memory Write to Addr: 0x10018000 Val: 0x00000001
In clock cycle: 9318
Register Write to Reg: 0x03 Val: 0x10019000
In clock cycle: 9321
Register Write to Reg: 0x03 Val: 0x10019000
In clock cycle: 9322
Register Write to Reg: 0x04 Val: 0x00409008
In clock cycle: 9325
Register Write to Reg: 0x04 Val: 0x00409018
In clock cycle: 9328
Register Write to Reg: 0x04 Val: 0x00409020
In clock cycle: 9331
Register Write to Reg: 0x01 Val: 0x00409018
In clock cycle: 9334
Register Write to Reg: 0x05 Val: 0x00000001
In clock cycle: 9335
Register Write to Reg: 0x04 Val: 0x00409034
In clock cycle: 9338
Register Write to Reg: 0x01 Val: 0x00409028
In clock cycle: 9340
Memory Write to Addr: 0x10019000 Val: 0x00000001
In clock cycle: 10353
Register Write to Reg: 0x03 Val: 0x1001A000
In clock cycle: 10356
Register Write to Reg: 0x03 Val: 0x1001A000
In clock cycle: 10357
Register Write to Reg: 0x04 Val: 0x0040A008
In clock cycle: 10360
Register Write to Reg: 0x04 Val: 0x0040A018
In clock cycle: 10363
Register Write to Reg: 0x04 Val: 0x0040A020
In clock cycle: 10366
Register Write to Reg: 0x01 Val: 0x0040A018
In clock cycle: 10369
Register Write to Reg: 0x05 Val: 0x00000001
In clock cycle: 10370
Register Write to Reg: 0x04 Val: 0x0040A034
In clock cycle: 10373
Register Write to Reg: 0x01 Val: 0x0040A028
In clock cycle: 10375
Memory Write to Addr: 0x1001A000 Val: 0x00000001
In clock cycle: 11388
Register Write to Reg: 0x03 Val: 0x1001B000
In clock cycle: 11391
Register Write to Reg: 0x03 Val: 0x1001B000
In clock cycle: 11392
Register Write to Reg: 0x04 Val: 0x0040B008
In clock cycle: 11395
Register Write to Reg: 0x04 Val: 0x0040B018
In clock cycle: 11398
Register Write to Reg: 0x04 Val: 0x0040B020
In clock cycle: 11401
Register Write to Reg: 0x01 Val: 0x0040B018
In clock cycle: 11404
Register Write to Reg: 0x05 Val: 0x00000001
In clock cycle: 11405
Register Write to Reg: 0x04 Val: 0x0040B034
In clock cycle: 11408
Register Write to Reg: 0x01 Val: 0x0040B028
In clock cycle: 11410
Memory Write to Addr: 0x1001B000 Val: 0x00000001
In clock cycle: 12423
Register Write to Reg: 0x03 Val: 0x1001C000
In clock cycle: 12426
Register Write to Reg: 0x03 Val: 0x1001C000
In clock cycle: 12427
Register Write to Reg: 0x04 Val: 0x0040C008
In clock cycle: 12430
Register Write to Reg: 0x04 Val: 0x0040C018
In clock cycle: 12433
Register Write to Reg: 0x04 Val: 0x0040C020
In clock cycle: 12436
Register Write to Reg: 0x01 Val: 0x0040C018
In clock cycle: 12439
Register Write to Reg: 0x05 Val: 0x00000001
In clock cycle: 12440
Register Write to Reg: 0x04 Val: 0x0040C034
In clock cycle: 12443
Register Write to Reg: 0x01 Val: 0x0040C028
In clock cycle: 12445
Memory Write to Addr: 0x1001C000 Val: 0x00000001
In clock cycle: 13458
Register Write to Reg: 0x03 Val: 0x1001D000
In clock cycle: 13461
Register Write to Reg: 0x03 Val: 0x1001D000
In clock cycle: 13462
Register Write to Reg: 0x04 Val: 0x0040D008
In clock cycle: 13465
Register Write to Reg: 0x04 Val: 0x0040D018
In clock cycle: 13468
Register Write to Reg: 0x04 Val: 0x0040D020
In clock cycle: 13471
Register Write to Reg: 0x01 Val: 0x0040D018
In clock cycle: 13474
Register Write to Reg: 0x05 Val: 0x00000001
In clock cycle: 13475
Register Write to Reg: 0x04 Val: 0x0040D034
In clock cycle: 13478
Register Write to Reg: 0x01 Val: 0x0040D028
In clock cycle: 13480
Memory Write to Addr: 0x1001D000 Val: 0x00000001
In clock cycle: 14493
Register Write to Reg: 0x03 Val: 0x1001E000
In clock cycle: 14496
Register Write to Reg: 0x03 Val: 0x1001E000
In clock cycle: 14497
Register Write to Reg: 0x04 Val: 0x0040E008
In clock cycle: 14500
Register Write to Reg: 0x04 Val: 0x0040E018
In clock cycle: 14503
Register Write to Reg: 0x04 Val: 0x0040E020
In clock cycle: 14506
Register Write to Reg: 0x01 Val: 0x0040E018
In clock cycle: 14509
Register Write to Reg: 0x05 Val: 0x00000001
In clock cycle: 14510
Register Write to Reg: 0x04 Val: 0x0040E034
In clock cycle: 14513
Register Write to Reg: 0x01 Val: 0x0040E028
In clock cycle: 14515
Memory Write to Addr: 0x1001E000 Val: 0x00000001
In clock cycle: 15528
Register Write to Reg: 0x03 Val: 0x1001F000
In clock cycle: 15531
Register Write to Reg: 0x03 Val: 0x1001F000
In clock cycle: 15532
Register Write to Reg: 0x04 Val: 0x0040F008
In clock cycle: 15535
Register Write to Reg: 0x04 Val: 0x0040F018
In clock cycle: 15538
Register Write to Reg: 0x04 Val: 0x0040F020
In clock cycle: 15541
Register Write to Reg: 0x01 Val: 0x0040F018
In clock cycle: 15544
Register Write to Reg: 0x05 Val: 0x00000001
In clock cycle: 15545
Register Write to Reg: 0x04 Val: 0x0040F034
In clock cycle: 15548
Register Write to Reg: 0x01 Val: 0x0040F028
In clock cycle: 15550
Memory Write to Addr: 0x1001F000 Val: 0x00000001
In clock cycle: 16563
Register Write to Reg: 0x03 Val: 0x10020000
In clock cycle: 16566
Register Write to Reg: 0x03 Val: 0x10020000
In clock cycle: 16567
Register Write to Reg: 0x04 Val: 0x00410008
In clock cycle: 16570
Register Write to Reg: 0x04 Val: 0x00410018
In clock cycle: 16573
Register Write to Reg: 0x04 Val: 0x00410020
In clock cycle: 16576
Register Write to Reg: 0x01 Val: 0x00410018
In clock cycle: 16579
Register Write to Reg: 0x05 Val: 0x00000001
In clock cycle: 16580
Register Write to Reg: 0x04 Val: 0x00410034
In clock cycle: 16583
Register Write to Reg: 0x01 Val: 0x00410028
In clock cycle: 16585
Memory Write to Addr: 0x10020000 Val: 0x00000001
In clock cycle: 17598
Register Write to Reg: 0x03 Val: 0x10021000
In clock cycle: 17601
Register Write to Reg: 0x03 Val: 0x10021000
In clock cycle: 17602
Register Write to Reg: 0x04 Val: 0x00411008
In clock cycle: 17605
Register Write to Reg: 0x04 Val: 0x00411018
In clock cycle: 17608
Register Write to Reg: 0x04 Val: 0x00411020
In clock cycle: 17611
Register Write to Reg: 0x01 Val: 0x00411018
In clock cycle: 17614
Register Write to Reg: 0x05 Val: 0x00000001
In clock cycle: 17615
Register Write to Reg: 0x04 Val: 0x00411034
In clock cycle: 17618
Register Write to Reg: 0x01 Val: 0x00411028
In clock cycle: 17620
Memory Write to Addr: 0x10021000 Val: 0x00000001
In clock cycle: 18633
Register Write to Reg: 0x03 Val: 0x10022000
In clock cycle: 18636
Register Write to Reg: 0x03 Val: 0x10022000
In clock cycle: 18637
Register Write to Reg: 0x04 Val: 0x00412008
In clock cycle: 18640
Register Write to Reg: 0x04 Val: 0x00412018
In clock cycle: 18643
Register Write to Reg: 0x04 Val: 0x00412020
In clock cycle: 18646
Register Write to Reg: 0x01 Val: 0x00412018
In clock cycle: 18649
Register Write to Reg: 0x05 Val: 0x00000001
In clock cycle: 18650
Register Write to Reg: 0x04 Val: 0x00412034
In clock cycle: 18653
Register Write to Reg: 0x01 Val: 0x00412028
In clock cycle: 18655
Memory Write to Addr: 0x10022000 Val: 0x00000001
In clock cycle: 19668
Register Write to Reg: 0x03 Val: 0x10023000
In clock cycle: 19671
Register Write to Reg: 0x03 Val: 0x10023000
In clock cycle: 19672
Register Write to Reg: 0x04 Val: 0x00413008
In clock cycle: 19675
Register Write to Reg: 0x04 Val: 0x00413018
In clock cycle: 19678
Register Write to Reg: 0x04 Val: 0x00413020
In clock cycle: 19681
Register Write to Reg: 0x01 Val: 0x00413018
In clock cycle: 19684
Register Write to Reg: 0x05 Val: 0x00000001
In clock cycle: 19685
Register Write to Reg: 0x04 Val: 0x00413034
In clock cycle: 19688
Register Write to Reg: 0x01 Val: 0x00413028
In clock cycle: 19690
Memory Write to Addr: 0x10023000 Val: 0x00000001
In clock cycle: 20703
Register Write to Reg: 0x03 Val: 0x10024000
In clock cycle: 20706
Register Write to Reg: 0x03 Val: 0x10024000
In clock cycle: 20707
Register Write to Reg: 0x04 Val: 0x00414008
In clock cycle: 20710
Register Write to Reg: 0x04 Val: 0x00414018
In clock cycle: 20713
Register Write to Reg: 0x04 Val: 0x00414020
In clock cycle: 20716
Register Write to Reg: 0x01 Val: 0x00414018
In clock cycle: 20719
Register Write to Reg: 0x05 Val: 0x00000001
In clock cycle: 20720
Register Write to Reg: 0x04 Val: 0x00414034
In clock cycle: 20723
Register Write to Reg: 0x01 Val: 0x00414028
In clock cycle: 20725
Memory Write to Addr: 0x10024000 Val: 0x00000001
In clock cycle: 21738
Register Write to Reg: 0x03 Val: 0x10025000
In clock cycle: 21741
Register Write to Reg: 0x03 Val: 0x10025000
In clock cycle: 21742
Register Write to Reg: 0x04 Val: 0x00415008
In clock cycle: 21745
Register Write to Reg: 0x04 Val: 0x00415018
In clock cycle: 21748
Register Write to Reg: 0x04 Val: 0x00415020
In clock cycle: 21751
Register Write to Reg: 0x01 Val: 0x00415018
In clock cycle: 21754
Register Write to Reg: 0x05 Val: 0x00000001
In clock cycle: 21755
Register Write to Reg: 0x04 Val: 0x00415034
In clock cycle: 21758
Register Write to Reg: 0x01 Val: 0x00415028
In clock cycle: 21760
Memory Write to Addr: 0x10025000 Val: 0x00000001
In clock cycle: 22773
Register Write to Reg: 0x03 Val: 0x10026000
In clock cycle: 22776
Register Write to Reg: 0x03 Val: 0x10026000
In clock cycle: 22777
Register Write to Reg: 0x04 Val: 0x00416008
In clock cycle: 22780
Register Write to Reg: 0x04 Val: 0x00416018
In clock cycle: 22783
Register Write to Reg: 0x04 Val: 0x00416020
In clock cycle: 22786
Register Write to Reg: 0x01 Val: 0x00416018
In clock cycle: 22789
Register Write to Reg: 0x05 Val: 0x00000001
In clock cycle: 22790
Register Write to Reg: 0x04 Val: 0x00416034
In clock cycle: 22793
Register Write to Reg: 0x01 Val: 0x00416028
In clock cycle: 22795
Memory Write to Addr: 0x10026000 Val: 0x00000001
In clock cycle: 23808
Register Write to Reg: 0x03 Val: 0x10027000
In clock cycle: 23811
Register Write to Reg: 0x03 Val: 0x10027000
In clock cycle: 23812
Register Write to Reg: 0x04 Val: 0x00417008
In clock cycle: 23815
Register Write to Reg: 0x04 Val: 0x00417018
In clock cycle: 23818
Register Write to Reg: 0x04 Val: 0x00417020
In clock cycle: 23821
Register Write to Reg: 0x01 Val: 0x00417018
In clock cycle: 23824
Register Write to Reg: 0x05 Val: 0x00000001
In clock cycle: 23825
Register Write to Reg: 0x04 Val: 0x00417034
In clock cycle: 23828
Register Write to Reg: 0x01 Val: 0x00417028
In clock cycle: 23830
Memory Write to Addr: 0x10027000 Val: 0x00000001
In clock cycle: 24843
Register Write to Reg: 0x03 Val: 0x10028000
In clock cycle: 24846
Register Write to Reg: 0x03 Val: 0x10028000
In clock cycle: 24847
Register Write to Reg: 0x04 Val: 0x00418008
In clock cycle: 24850
Register Write to Reg: 0x04 Val: 0x00418018
In clock cycle: 24853
Register Write to Reg: 0x04 Val: 0x00418020
In clock cycle: 24856
Register Write to Reg: 0x01 Val: 0x00418018
In clock cycle: 24859
Register Write to Reg: 0x05 Val: 0x00000001
In clock cycle: 24860
Register Write to Reg: 0x04 Val: 0x00418034
In clock cycle: 24863
Register Write to Reg: 0x01 Val: 0x00418028
In clock cycle: 24865
Memory Write to Addr: 0x10028000 Val: 0x00000001
In clock cycle: 25878
Register Write to Reg: 0x03 Val: 0x10029000
In clock cycle: 25881
Register Write to Reg: 0x03 Val: 0x10029000
In clock cycle: 25882
Register Write to Reg: 0x04 Val: 0x00419008
In clock cycle: 25885
Register Write to Reg: 0x04 Val: 0x00419018
In clock cycle: 25888
Register Write to Reg: 0x04 Val: 0x00419020
In clock cycle: 25891
Register Write to Reg: 0x01 Val: 0x00419018
In clock cycle: 25894
Register Write to Reg: 0x05 Val: 0x00000001
In clock cycle: 25895
Register Write to Reg: 0x04 Val: 0x00419034
In clock cycle: 25898
Register Write to Reg: 0x01 Val: 0x00419028
In clock cycle: 25900
Memory Write to Addr: 0x10029000 Val: 0x00000001
In clock cycle: 26913
Register Write to Reg: 0x03 Val: 0x1002A000
In clock cycle: 26916
Register Write to Reg: 0x03 Val: 0x1002A000
In clock cycle: 26917
Register Write to Reg: 0x04 Val: 0x0041A008
In clock cycle: 26920
Register Write to Reg: 0x04 Val: 0x0041A018
In clock cycle: 26923
Register Write to Reg: 0x04 Val: 0x0041A020
In clock cycle: 26926
Register Write to Reg: 0x01 Val: 0x0041A018
In clock cycle: 26929
Register Write to Reg: 0x05 Val: 0x00000001
In clock cycle: 26930
Register Write to Reg: 0x04 Val: 0x0041A034
In clock cycle: 26933
Register Write to Reg: 0x01 Val: 0x0041A028
In clock cycle: 26935
Memory Write to Addr: 0x1002A000 Val: 0x00000001
In clock cycle: 27948
Register Write to Reg: 0x03 Val: 0x1002B000
In clock cycle: 27951
Register Write to Reg: 0x03 Val: 0x1002B000
In clock cycle: 27952
Register Write to Reg: 0x04 Val: 0x0041B008
In clock cycle: 27955
Register Write to Reg: 0x04 Val: 0x0041B018
In clock cycle: 27958
Register Write to Reg: 0x04 Val: 0x0041B020
In clock cycle: 27961
Register Write to Reg: 0x01 Val: 0x0041B018
In clock cycle: 27964
Register Write to Reg: 0x05 Val: 0x00000001
In clock cycle: 27965
Register Write to Reg: 0x04 Val: 0x0041B034
In clock cycle: 27968
Register Write to Reg: 0x01 Val: 0x0041B028
In clock cycle: 27970
Memory Write to Addr: 0x1002B000 Val: 0x00000001
In clock cycle: 28983
Register Write to Reg: 0x03 Val: 0x1002C000
In clock cycle: 28986
Register Write to Reg: 0x03 Val: 0x1002C000
In clock cycle: 28987
Register Write to Reg: 0x04 Val: 0x0041C008
In clock cycle: 28990
Register Write to Reg: 0x04 Val: 0x0041C018
In clock cycle: 28993
Register Write to Reg: 0x04 Val: 0x0041C020
In clock cycle: 28996
Register Write to Reg: 0x01 Val: 0x0041C018
In clock cycle: 28999
Register Write to Reg: 0x05 Val: 0x00000001
In clock cycle: 29000
Register Write to Reg: 0x04 Val: 0x0041C034
In clock cycle: 29003
Register Write to Reg: 0x01 Val: 0x0041C028
In clock cycle: 29005
Memory Write to Addr: 0x1002C000 Val: 0x00000001
In clock cycle: 30018
Register Write to Reg: 0x03 Val: 0x1002D000
In clock cycle: 30021
Register Write to Reg: 0x03 Val: 0x1002D000
In clock cycle: 30022
Register Write to Reg: 0x04 Val: 0x0041D008
In clock cycle: 30025
Register Write to Reg: 0x04 Val: 0x0041D018
In clock cycle: 30028
Register Write to Reg: 0x04 Val: 0x0041D020
In clock cycle: 30031
Register Write to Reg: 0x01 Val: 0x0041D018
In clock cycle: 30034
Register Write to Reg: 0x05 Val: 0x00000001
In clock cycle: 30035
Register Write to Reg: 0x04 Val: 0x0041D034
In clock cycle: 30038
Register Write to Reg: 0x01 Val: 0x0041D028
In clock cycle: 30040
Memory Write to Addr: 0x1002D000 Val: 0x00000001
In clock cycle: 31053
Register Write to Reg: 0x03 Val: 0x1002E000
In clock cycle: 31056
Register Write to Reg: 0x03 Val: 0x1002E000
In clock cycle: 31057
Register Write to Reg: 0x04 Val: 0x0041E008
In clock cycle: 31060
Register Write to Reg: 0x04 Val: 0x0041E018
In clock cycle: 31063
Register Write to Reg: 0x04 Val: 0x0041E020
In clock cycle: 31066
Register Write to Reg: 0x01 Val: 0x0041E018
In clock cycle: 31069
Register Write to Reg: 0x05 Val: 0x00000001
In clock cycle: 31070
Register Write to Reg: 0x04 Val: 0x0041E034
In clock cycle: 31073
Register Write to Reg: 0x01 Val: 0x0041E028
In clock cycle: 31075
Memory Write to Addr: 0x1002E000 Val: 0x00000001
In clock cycle: 32088
Register Write to Reg: 0x03 Val: 0x1002F000
In clock cycle: 32091
Register Write to Reg: 0x03 Val: 0x1002F000
In clock cycle: 32092
Register Write to Reg: 0x04 Val: 0x0041F008
In clock cycle: 32095
Register Write to Reg: 0x04 Val: 0x0041F018
In clock cycle: 32098
Register Write to Reg: 0x04 Val: 0x0041F020
In clock cycle: 32101
Register Write to Reg: 0x01 Val: 0x0041F018
In clock cycle: 32104
Register Write to Reg: 0x05 Val: 0x00000001
In clock cycle: 32105
Register Write to Reg: 0x04 Val: 0x0041F034
In clock cycle: 32108
Register Write to Reg: 0x01 Val: 0x0041F028
In clock cycle: 32110
Memory Write to Addr: 0x1002F000 Val: 0x00000001
In clock cycle: 33123
Register Write to Reg: 0x03 Val: 0x10030000
In clock cycle: 33126
Register Write to Reg: 0x03 Val: 0x10030000
In clock cycle: 33127
Register Write to Reg: 0x04 Val: 0x00420008
In clock cycle: 33130
Register Write to Reg: 0x04 Val: 0x00420018
In clock cycle: 33133
Register Write to Reg: 0x04 Val: 0x00420020
In clock cycle: 33136
Register Write to Reg: 0x01 Val: 0x00420018
In clock cycle: 33139
Register Write to Reg: 0x05 Val: 0x00000001
In clock cycle: 33140
Register Write to Reg: 0x04 Val: 0x00420034
In clock cycle: 33143
Register Write to Reg: 0x01 Val: 0x00420028
In clock cycle: 33145
Memory Write to Addr: 0x10030000 Val: 0x00000001
In clock cycle: 34158
Register Write to Reg: 0x03 Val: 0x10031000
In clock cycle: 34161
Register Write to Reg: 0x03 Val: 0x10031000
In clock cycle: 34162
Register Write to Reg: 0x04 Val: 0x00421008
In clock cycle: 34165
Register Write to Reg: 0x04 Val: 0x00421018
In clock cycle: 34168
Register Write to Reg: 0x04 Val: 0x00421020
In clock cycle: 34171
Register Write to Reg: 0x01 Val: 0x00421018
In clock cycle: 34174
Register Write to Reg: 0x05 Val: 0x00000001
In clock cycle: 34175
Register Write to Reg: 0x04 Val: 0x00421034
In clock cycle: 34178
Register Write to Reg: 0x01 Val: 0x00421028
In clock cycle: 34180
Memory Write to Addr: 0x10031000 Val: 0x00000001
In clock cycle: 35193
Register Write to Reg: 0x03 Val: 0x10032000
In clock cycle: 35196
Register Write to Reg: 0x03 Val: 0x10032000
In clock cycle: 35197
Register Write to Reg: 0x04 Val: 0x00422008
In clock cycle: 35200
Register Write to Reg: 0x04 Val: 0x00422018
In clock cycle: 35203
Register Write to Reg: 0x04 Val: 0x00422020
In clock cycle: 35206
Register Write to Reg: 0x01 Val: 0x00422018
In clock cycle: 35209
Register Write to Reg: 0x05 Val: 0x00000001
In clock cycle: 35210
Register Write to Reg: 0x04 Val: 0x00422034
In clock cycle: 35213
Register Write to Reg: 0x01 Val: 0x00422028
In clock cycle: 35215
Memory Write to Addr: 0x10032000 Val: 0x00000001
In clock cycle: 36228
Register Write to Reg: 0x03 Val: 0x10033000
In clock cycle: 36231
Register Write to Reg: 0x03 Val: 0x10033000
In clock cycle: 36232
Register Write to Reg: 0x04 Val: 0x00423008
In clock cycle: 36235
Register Write to Reg: 0x04 Val: 0x00423018
In clock cycle: 36238
Register Write to Reg: 0x04 Val: 0x00423020
In clock cycle: 36241
Register Write to Reg: 0x01 Val: 0x00423018
In clock cycle: 36244
Register Write to Reg: 0x05 Val: 0x00000001
In clock cycle: 36245
Register Write to Reg: 0x04 Val: 0x00423034
In clock cycle: 36248
Register Write to Reg: 0x01 Val: 0x00423028
In clock cycle: 36250
Memory Write to Addr: 0x10033000 Val: 0x00000001
In clock cycle: 37263
Register Write to Reg: 0x03 Val: 0x10034000
In clock cycle: 37266
Register Write to Reg: 0x03 Val: 0x10034000
In clock cycle: 37267
Register Write to Reg: 0x04 Val: 0x00424008
In clock cycle: 37270
Register Write to Reg: 0x04 Val: 0x00424018
In clock cycle: 37273
Register Write to Reg: 0x04 Val: 0x00424020
In clock cycle: 37276
Register Write to Reg: 0x01 Val: 0x00424018
In clock cycle: 37279
Register Write to Reg: 0x05 Val: 0x00000001
In clock cycle: 37280
Register Write to Reg: 0x04 Val: 0x00424034
In clock cycle: 37283
Register Write to Reg: 0x01 Val: 0x00424028
In clock cycle: 37285
Memory Write to Addr: 0x10034000 Val: 0x00000001
In clock cycle: 38298
Register Write to Reg: 0x03 Val: 0x10035000
In clock cycle: 38301
Register Write to Reg: 0x03 Val: 0x10035000
In clock cycle: 38302
Register Write to Reg: 0x04 Val: 0x00425008
In clock cycle: 38305
Register Write to Reg: 0x04 Val: 0x00425018
In clock cycle: 38308
Register Write to Reg: 0x04 Val: 0x00425020
In clock cycle: 38311
Register Write to Reg: 0x01 Val: 0x00425018
In clock cycle: 38314
Register Write to Reg: 0x05 Val: 0x00000001
In clock cycle: 38315
Register Write to Reg: 0x04 Val: 0x00425034
In clock cycle: 38318
Register Write to Reg: 0x01 Val: 0x00425028
In clock cycle: 38320
Memory Write to Addr: 0x10035000 Val: 0x00000001
In clock cycle: 39333
Register Write to Reg: 0x03 Val: 0x10036000
In clock cycle: 39336
Register Write to Reg: 0x03 Val: 0x10036000
In clock cycle: 39337
Register Write to Reg: 0x04 Val: 0x00426008
In clock cycle: 39340
Register Write to Reg: 0x04 Val: 0x00426018
In clock cycle: 39343
Register Write to Reg: 0x04 Val: 0x00426020
In clock cycle: 39346
Register Write to Reg: 0x01 Val: 0x00426018
In clock cycle: 39349
Register Write to Reg: 0x05 Val: 0x00000001
In clock cycle: 39350
Register Write to Reg: 0x04 Val: 0x00426034
In clock cycle: 39353
Register Write to Reg: 0x01 Val: 0x00426028
In clock cycle: 39355
Memory Write to Addr: 0x10036000 Val: 0x00000001
In clock cycle: 40368
Register Write to Reg: 0x03 Val: 0x10037000
In clock cycle: 40371
Register Write to Reg: 0x03 Val: 0x10037000
In clock cycle: 40372
Register Write to Reg: 0x04 Val: 0x00427008
In clock cycle: 40375
Register Write to Reg: 0x04 Val: 0x00427018
In clock cycle: 40378
Register Write to Reg: 0x04 Val: 0x00427020
In clock cycle: 40381
Register Write to Reg: 0x01 Val: 0x00427018
In clock cycle: 40384
Register Write to Reg: 0x05 Val: 0x00000001
In clock cycle: 40385
Register Write to Reg: 0x04 Val: 0x00427034
In clock cycle: 40388
Register Write to Reg: 0x01 Val: 0x00427028
In clock cycle: 40390
Memory Write to Addr: 0x10037000 Val: 0x00000001
In clock cycle: 41403
Register Write to Reg: 0x03 Val: 0x10038000
In clock cycle: 41406
Register Write to Reg: 0x03 Val: 0x10038000
In clock cycle: 41407
Register Write to Reg: 0x04 Val: 0x00428008
In clock cycle: 41410
Register Write to Reg: 0x04 Val: 0x00428018
In clock cycle: 41413
Register Write to Reg: 0x04 Val: 0x00428020
In clock cycle: 41416
Register Write to Reg: 0x01 Val: 0x00428018
In clock cycle: 41419
Register Write to Reg: 0x05 Val: 0x00000001
In clock cycle: 41420
Register Write to Reg: 0x04 Val: 0x00428034
In clock cycle: 41423
Register Write to Reg: 0x01 Val: 0x00428028
In clock cycle: 41425
Memory Write to Addr: 0x10038000 Val: 0x00000001
In clock cycle: 42438
Register Write to Reg: 0x03 Val: 0x10039000
In clock cycle: 42441
Register Write to Reg: 0x03 Val: 0x10039000
In clock cycle: 42442
Register Write to Reg: 0x04 Val: 0x00429008
In clock cycle: 42445
Register Write to Reg: 0x04 Val: 0x00429018
In clock cycle: 42448
Register Write to Reg: 0x04 Val: 0x00429020
In clock cycle: 42451
Register Write to Reg: 0x01 Val: 0x00429018
In clock cycle: 42454
Register Write to Reg: 0x05 Val: 0x00000001
In clock cycle: 42455
Register Write to Reg: 0x04 Val: 0x00429034
In clock cycle: 42458
Register Write to Reg: 0x01 Val: 0x00429028
In clock cycle: 42460
Memory Write to Addr: 0x10039000 Val: 0x00000001
In clock cycle: 43473
Register Write to Reg: 0x03 Val: 0x1003A000
In clock cycle: 43476
Register Write to Reg: 0x03 Val: 0x1003A000
In clock cycle: 43477
Register Write to Reg: 0x04 Val: 0x0042A008
In clock cycle: 43480
Register Write to Reg: 0x04 Val: 0x0042A018
In clock cycle: 43483
Register Write to Reg: 0x04 Val: 0x0042A020
In clock cycle: 43486
Register Write to Reg: 0x01 Val: 0x0042A018
In clock cycle: 43489
Register Write to Reg: 0x05 Val: 0x00000001
In clock cycle: 43490
Register Write to Reg: 0x04 Val: 0x0042A034
In clock cycle: 43493
Register Write to Reg: 0x01 Val: 0x0042A028
In clock cycle: 43495
Memory Write to Addr: 0x1003A000 Val: 0x00000001
In clock cycle: 44508
Register Write to Reg: 0x03 Val: 0x1003B000
In clock cycle: 44511
Register Write to Reg: 0x03 Val: 0x1003B000
In clock cycle: 44512
Register Write to Reg: 0x04 Val: 0x0042B008
In clock cycle: 44515
Register Write to Reg: 0x04 Val: 0x0042B018
In clock cycle: 44518
Register Write to Reg: 0x04 Val: 0x0042B020
In clock cycle: 44521
Register Write to Reg: 0x01 Val: 0x0042B018
In clock cycle: 44524
Register Write to Reg: 0x05 Val: 0x00000001
In clock cycle: 44525
Register Write to Reg: 0x04 Val: 0x0042B034
In clock cycle: 44528
Register Write to Reg: 0x01 Val: 0x0042B028
In clock cycle: 44530
Memory Write to Addr: 0x1003B000 Val: 0x00000001
In clock cycle: 45543
Register Write to Reg: 0x03 Val: 0x1003C000
In clock cycle: 45546
Register Write to Reg: 0x03 Val: 0x1003C000
In clock cycle: 45547
Register Write to Reg: 0x04 Val: 0x0042C008
In clock cycle: 45550
Register Write to Reg: 0x04 Val: 0x0042C018
In clock cycle: 45553
Register Write to Reg: 0x04 Val: 0x0042C020
In clock cycle: 45556
Register Write to Reg: 0x01 Val: 0x0042C018
In clock cycle: 45559
Register Write to Reg: 0x05 Val: 0x00000001
In clock cycle: 45560
Register Write to Reg: 0x04 Val: 0x0042C034
In clock cycle: 45563
Register Write to Reg: 0x01 Val: 0x0042C028
In clock cycle: 45565
Memory Write to Addr: 0x1003C000 Val: 0x00000001
In clock cycle: 46578
Register Write to Reg: 0x03 Val: 0x1003D000
In clock cycle: 46581
Register Write to Reg: 0x03 Val: 0x1003D000
In clock cycle: 46582
Register Write to Reg: 0x04 Val: 0x0042D008
In clock cycle: 46585
Register Write to Reg: 0x04 Val: 0x0042D018
In clock cycle: 46588
Register Write to Reg: 0x04 Val: 0x0042D020
In clock cycle: 46591
Register Write to Reg: 0x01 Val: 0x0042D018
In clock cycle: 46594
Register Write to Reg: 0x05 Val: 0x00000001
In clock cycle: 46595
Register Write to Reg: 0x04 Val: 0x0042D034
In clock cycle: 46598
Register Write to Reg: 0x01 Val: 0x0042D028
In clock cycle: 46600
Memory Write to Addr: 0x1003D000 Val: 0x00000001
In clock cycle: 47613
Register Write to Reg: 0x03 Val: 0x1003E000
In clock cycle: 47616
Register Write to Reg: 0x03 Val: 0x1003E000
In clock cycle: 47617
Register Write to Reg: 0x04 Val: 0x0042E008
In clock cycle: 47620
Register Write to Reg: 0x04 Val: 0x0042E018
In clock cycle: 47623
Register Write to Reg: 0x04 Val: 0x0042E020
In clock cycle: 47626
Register Write to Reg: 0x01 Val: 0x0042E018
In clock cycle: 47629
Register Write to Reg: 0x05 Val: 0x00000001
In clock cycle: 47630
Register Write to Reg: 0x04 Val: 0x0042E034
In clock cycle: 47633
Register Write to Reg: 0x01 Val: 0x0042E028
In clock cycle: 47635
Memory Write to Addr: 0x1003E000 Val: 0x00000001
In clock cycle: 48648
Register Write to Reg: 0x03 Val: 0x1003F000
In clock cycle: 48651
Register Write to Reg: 0x03 Val: 0x1003F000
In clock cycle: 48652
Register Write to Reg: 0x04 Val: 0x0042F008
In clock cycle: 48655
Register Write to Reg: 0x04 Val: 0x0042F018
In clock cycle: 48658
Register Write to Reg: 0x04 Val: 0x0042F020
In clock cycle: 48661
Register Write to Reg: 0x01 Val: 0x0042F018
In clock cycle: 48664
Register Write to Reg: 0x05 Val: 0x00000001
In clock cycle: 48665
Register Write to Reg: 0x04 Val: 0x0042F034
In clock cycle: 48668
Register Write to Reg: 0x01 Val: 0x0042F028
In clock cycle: 48670
Memory Write to Addr: 0x1003F000 Val: 0x00000001
In clock cycle: 49683
Register Write to Reg: 0x03 Val: 0x10040000
In clock cycle: 49686
Register Write to Reg: 0x03 Val: 0x10040000
In clock cycle: 49687
Register Write to Reg: 0x04 Val: 0x00430008
In clock cycle: 49690
Register Write to Reg: 0x04 Val: 0x00430018
In clock cycle: 49693
Register Write to Reg: 0x04 Val: 0x00430020
In clock cycle: 49696
Register Write to Reg: 0x01 Val: 0x00430018
In clock cycle: 49699
Register Write to Reg: 0x05 Val: 0x00000001
In clock cycle: 49700
Register Write to Reg: 0x04 Val: 0x00430034
In clock cycle: 49703
Register Write to Reg: 0x01 Val: 0x00430028
In clock cycle: 49705
Memory Write to Addr: 0x10040000 Val: 0x00000001
In clock cycle: 50718
Register Write to Reg: 0x03 Val: 0x10041000
In clock cycle: 50721
Register Write to Reg: 0x03 Val: 0x10041000
In clock cycle: 50722
Register Write to Reg: 0x04 Val: 0x00431008
In clock cycle: 50725
Register Write to Reg: 0x04 Val: 0x00431018
In clock cycle: 50728
Register Write to Reg: 0x04 Val: 0x00431020
In clock cycle: 50731
Register Write to Reg: 0x01 Val: 0x00431018
In clock cycle: 50734
Register Write to Reg: 0x05 Val: 0x00000001
In clock cycle: 50735
Register Write to Reg: 0x04 Val: 0x00431034
In clock cycle: 50738
Register Write to Reg: 0x01 Val: 0x00431028
In clock cycle: 50740
Memory Write to Addr: 0x10041000 Val: 0x00000001
In clock cycle: 51753
Register Write to Reg: 0x03 Val: 0x10042000
In clock cycle: 51756
Register Write to Reg: 0x03 Val: 0x10042000
In clock cycle: 51757
Register Write to Reg: 0x04 Val: 0x00432008
In clock cycle: 51760
Register Write to Reg: 0x04 Val: 0x00432018
In clock cycle: 51763
Register Write to Reg: 0x04 Val: 0x00432020
In clock cycle: 51766
Register Write to Reg: 0x01 Val: 0x00432018
In clock cycle: 51769
Register Write to Reg: 0x05 Val: 0x00000001
In clock cycle: 51770
Register Write to Reg: 0x04 Val: 0x00432034
In clock cycle: 51773
Register Write to Reg: 0x01 Val: 0x00432028
In clock cycle: 51775
Memory Write to Addr: 0x10042000 Val: 0x00000001
In clock cycle: 52788
Register Write to Reg: 0x03 Val: 0x10043000
In clock cycle: 52791
Register Write to Reg: 0x03 Val: 0x10043000
In clock cycle: 52792
Register Write to Reg: 0x04 Val: 0x00433008
In clock cycle: 52795
Register Write to Reg: 0x04 Val: 0x00433018
In clock cycle: 52798
Register Write to Reg: 0x04 Val: 0x00433020
In clock cycle: 52801
Register Write to Reg: 0x01 Val: 0x00433018
In clock cycle: 52804
Register Write to Reg: 0x05 Val: 0x00000001
In clock cycle: 52805
Register Write to Reg: 0x04 Val: 0x00433034
In clock cycle: 52808
Register Write to Reg: 0x01 Val: 0x00433028
In clock cycle: 52810
Memory Write to Addr: 0x10043000 Val: 0x00000001
In clock cycle: 53823
Register Write to Reg: 0x03 Val: 0x10044000
In clock cycle: 53826
Register Write to Reg: 0x03 Val: 0x10044000
In clock cycle: 53827
Register Write to Reg: 0x04 Val: 0x00434008
In clock cycle: 53830
Register Write to Reg: 0x04 Val: 0x00434018
In clock cycle: 53833
Register Write to Reg: 0x04 Val: 0x00434020
In clock cycle: 53836
Register Write to Reg: 0x01 Val: 0x00434018
In clock cycle: 53839
Register Write to Reg: 0x05 Val: 0x00000001
In clock cycle: 53840
Register Write to Reg: 0x04 Val: 0x00434034
In clock cycle: 53843
Register Write to Reg: 0x01 Val: 0x00434028
In clock cycle: 53845
Memory Write to Addr: 0x10044000 Val: 0x00000001
In clock cycle: 54858
Register Write to Reg: 0x03 Val: 0x10045000
In clock cycle: 54861
Register Write to Reg: 0x03 Val: 0x10045000
In clock cycle: 54862
Register Write to Reg: 0x04 Val: 0x00435008
In clock cycle: 54865
Register Write to Reg: 0x04 Val: 0x00435018
In clock cycle: 54868
Register Write to Reg: 0x04 Val: 0x00435020
In clock cycle: 54871
Register Write to Reg: 0x01 Val: 0x00435018
In clock cycle: 54874
Register Write to Reg: 0x05 Val: 0x00000001
In clock cycle: 54875
Register Write to Reg: 0x04 Val: 0x00435034
In clock cycle: 54878
Register Write to Reg: 0x01 Val: 0x00435028
In clock cycle: 54880
Memory Write to Addr: 0x10045000 Val: 0x00000001
In clock cycle: 55893
Register Write to Reg: 0x03 Val: 0x10046000
In clock cycle: 55896
Register Write to Reg: 0x03 Val: 0x10046000
In clock cycle: 55897
Register Write to Reg: 0x04 Val: 0x00436008
In clock cycle: 55900
Register Write to Reg: 0x04 Val: 0x00436018
In clock cycle: 55903
Register Write to Reg: 0x04 Val: 0x00436020
In clock cycle: 55906
Register Write to Reg: 0x01 Val: 0x00436018
In clock cycle: 55909
Register Write to Reg: 0x05 Val: 0x00000001
In clock cycle: 55910
Register Write to Reg: 0x04 Val: 0x00436034
In clock cycle: 55913
Register Write to Reg: 0x01 Val: 0x00436028
In clock cycle: 55915
Memory Write to Addr: 0x10046000 Val: 0x00000001
In clock cycle: 56928
Register Write to Reg: 0x03 Val: 0x10047000
In clock cycle: 56931
Register Write to Reg: 0x03 Val: 0x10047000
In clock cycle: 56932
Register Write to Reg: 0x04 Val: 0x00437008
In clock cycle: 56935
Register Write to Reg: 0x04 Val: 0x00437018
In clock cycle: 56938
Register Write to Reg: 0x04 Val: 0x00437020
In clock cycle: 56941
Register Write to Reg: 0x01 Val: 0x00437018
In clock cycle: 56944
Register Write to Reg: 0x05 Val: 0x00000001
In clock cycle: 56945
Register Write to Reg: 0x04 Val: 0x00437034
In clock cycle: 56948
Register Write to Reg: 0x01 Val: 0x00437028
In clock cycle: 56950
Memory Write to Addr: 0x10047000 Val: 0x00000001
In clock cycle: 57963
Register Write to Reg: 0x03 Val: 0x10048000
In clock cycle: 57966
Register Write to Reg: 0x03 Val: 0x10048000
In clock cycle: 57967
Register Write to Reg: 0x04 Val: 0x00438008
In clock cycle: 57970
Register Write to Reg: 0x04 Val: 0x00438018
In clock cycle: 57973
Register Write to Reg: 0x04 Val: 0x00438020
In clock cycle: 57976
Register Write to Reg: 0x01 Val: 0x00438018
In clock cycle: 57979
Register Write to Reg: 0x05 Val: 0x00000001
In clock cycle: 57980
Register Write to Reg: 0x04 Val: 0x00438034
In clock cycle: 57983
Register Write to Reg: 0x01 Val: 0x00438028
In clock cycle: 57985
Memory Write to Addr: 0x10048000 Val: 0x00000001
In clock cycle: 58998
Register Write to Reg: 0x03 Val: 0x10049000
In clock cycle: 59001
Register Write to Reg: 0x03 Val: 0x10049000
In clock cycle: 59002
Register Write to Reg: 0x04 Val: 0x00439008
In clock cycle: 59005
Register Write to Reg: 0x04 Val: 0x00439018
In clock cycle: 59008
Register Write to Reg: 0x04 Val: 0x00439020
In clock cycle: 59011
Register Write to Reg: 0x01 Val: 0x00439018
In clock cycle: 59014
Register Write to Reg: 0x05 Val: 0x00000001
In clock cycle: 59015
Register Write to Reg: 0x04 Val: 0x00439034
In clock cycle: 59018
Register Write to Reg: 0x01 Val: 0x00439028
In clock cycle: 59020
Memory Write to Addr: 0x10049000 Val: 0x00000001
In clock cycle: 60033
Register Write to Reg: 0x03 Val: 0x1004A000
In clock cycle: 60036
Register Write to Reg: 0x03 Val: 0x1004A000
In clock cycle: 60037
Register Write to Reg: 0x04 Val: 0x0043A008
In clock cycle: 60040
Register Write to Reg: 0x04 Val: 0x0043A018
In clock cycle: 60043
Register Write to Reg: 0x04 Val: 0x0043A020
In clock cycle: 60046
Register Write to Reg: 0x01 Val: 0x0043A018
In clock cycle: 60049
Register Write to Reg: 0x05 Val: 0x00000001
In clock cycle: 60050
Register Write to Reg: 0x04 Val: 0x0043A034
In clock cycle: 60053
Register Write to Reg: 0x01 Val: 0x0043A028
In clock cycle: 60055
Memory Write to Addr: 0x1004A000 Val: 0x00000001
In clock cycle: 61068
Register Write to Reg: 0x03 Val: 0x1004B000
In clock cycle: 61071
Register Write to Reg: 0x03 Val: 0x1004B000
In clock cycle: 61072
Register Write to Reg: 0x04 Val: 0x0043B008
In clock cycle: 61075
Register Write to Reg: 0x04 Val: 0x0043B018
In clock cycle: 61078
Register Write to Reg: 0x04 Val: 0x0043B020
In clock cycle: 61081
Register Write to Reg: 0x01 Val: 0x0043B018
In clock cycle: 61084
Register Write to Reg: 0x05 Val: 0x00000001
In clock cycle: 61085
Register Write to Reg: 0x04 Val: 0x0043B034
In clock cycle: 61088
Register Write to Reg: 0x01 Val: 0x0043B028
In clock cycle: 61090
Memory Write to Addr: 0x1004B000 Val: 0x00000001
In clock cycle: 62103
Register Write to Reg: 0x03 Val: 0x1004C000
In clock cycle: 62106
Register Write to Reg: 0x03 Val: 0x1004C000
In clock cycle: 62107
Register Write to Reg: 0x04 Val: 0x0043C008
In clock cycle: 62110
Register Write to Reg: 0x04 Val: 0x0043C018
In clock cycle: 62113
Register Write to Reg: 0x04 Val: 0x0043C020
In clock cycle: 62116
Register Write to Reg: 0x01 Val: 0x0043C018
In clock cycle: 62119
Register Write to Reg: 0x05 Val: 0x00000001
In clock cycle: 62120
Register Write to Reg: 0x04 Val: 0x0043C034
In clock cycle: 62123
Register Write to Reg: 0x01 Val: 0x0043C028
In clock cycle: 62125
Memory Write to Addr: 0x1004C000 Val: 0x00000001
In clock cycle: 63138
Register Write to Reg: 0x03 Val: 0x1004D000
In clock cycle: 63141
Register Write to Reg: 0x03 Val: 0x1004D000
In clock cycle: 63142
Register Write to Reg: 0x04 Val: 0x0043D008
In clock cycle: 63145
Register Write to Reg: 0x04 Val: 0x0043D018
In clock cycle: 63148
Register Write to Reg: 0x04 Val: 0x0043D020
In clock cycle: 63151
Register Write to Reg: 0x01 Val: 0x0043D018
In clock cycle: 63154
Register Write to Reg: 0x05 Val: 0x00000001
In clock cycle: 63155
Register Write to Reg: 0x04 Val: 0x0043D034
In clock cycle: 63158
Register Write to Reg: 0x01 Val: 0x0043D028
In clock cycle: 63160
Memory Write to Addr: 0x1004D000 Val: 0x00000001
In clock cycle: 64173
Register Write to Reg: 0x03 Val: 0x1004E000
In clock cycle: 64176
Register Write to Reg: 0x03 Val: 0x1004E000
In clock cycle: 64177
Register Write to Reg: 0x04 Val: 0x0043E008
In clock cycle: 64180
Register Write to Reg: 0x04 Val: 0x0043E018
In clock cycle: 64183
Register Write to Reg: 0x04 Val: 0x0043E020
In clock cycle: 64186
Register Write to Reg: 0x01 Val: 0x0043E018
In clock cycle: 64189
Register Write to Reg: 0x05 Val: 0x00000001
In clock cycle: 64190
Register Write to Reg: 0x04 Val: 0x0043E034
In clock cycle: 64193
Register Write to Reg: 0x01 Val: 0x0043E028
In clock cycle: 64195
Memory Write to Addr: 0x1004E000 Val: 0x00000001
In clock cycle: 65208
Register Write to Reg: 0x03 Val: 0x1004F000
In clock cycle: 65211
Register Write to Reg: 0x03 Val: 0x1004F000
In clock cycle: 65212
Register Write to Reg: 0x04 Val: 0x0043F008
In clock cycle: 65215
Register Write to Reg: 0x04 Val: 0x0043F018
In clock cycle: 65218
Register Write to Reg: 0x04 Val: 0x0043F020
In clock cycle: 65221
Register Write to Reg: 0x01 Val: 0x0043F018
In clock cycle: 65224
Register Write to Reg: 0x05 Val: 0x00000001
In clock cycle: 65225
Register Write to Reg: 0x04 Val: 0x0043F034
In clock cycle: 65228
Register Write to Reg: 0x01 Val: 0x0043F028
In clock cycle: 65230
Memory Write to Addr: 0x1004F000 Val: 0x00000001
In clock cycle: 66243
Register Write to Reg: 0x03 Val: 0x10050000
In clock cycle: 66246
Register Write to Reg: 0x03 Val: 0x10050000
In clock cycle: 66247
Register Write to Reg: 0x04 Val: 0x00440008
In clock cycle: 66250
Register Write to Reg: 0x04 Val: 0x00440018
In clock cycle: 66253
Register Write to Reg: 0x04 Val: 0x00440020
In clock cycle: 66256
Register Write to Reg: 0x01 Val: 0x00440018
In clock cycle: 66259
Register Write to Reg: 0x05 Val: 0x00000001
In clock cycle: 66260
Register Write to Reg: 0x04 Val: 0x00440034
In clock cycle: 66263
Register Write to Reg: 0x01 Val: 0x00440028
In clock cycle: 66265
Memory Write to Addr: 0x10050000 Val: 0x00000001
In clock cycle: 67278
Register Write to Reg: 0x03 Val: 0x10051000
In clock cycle: 67281
Register Write to Reg: 0x03 Val: 0x10051000
In clock cycle: 67282
Register Write to Reg: 0x04 Val: 0x00441008
In clock cycle: 67285
Register Write to Reg: 0x04 Val: 0x00441018
In clock cycle: 67288
Register Write to Reg: 0x04 Val: 0x00441020
In clock cycle: 67291
Register Write to Reg: 0x01 Val: 0x00441018
In clock cycle: 67294
Register Write to Reg: 0x05 Val: 0x00000001
In clock cycle: 67295
Register Write to Reg: 0x04 Val: 0x00441034
In clock cycle: 67298
Register Write to Reg: 0x01 Val: 0x00441028
In clock cycle: 67300
Memory Write to Addr: 0x10051000 Val: 0x00000001
In clock cycle: 68313
Register Write to Reg: 0x03 Val: 0x10052000
In clock cycle: 68316
Register Write to Reg: 0x03 Val: 0x10052000
In clock cycle: 68317
Register Write to Reg: 0x04 Val: 0x00442008
In clock cycle: 68320
Register Write to Reg: 0x04 Val: 0x00442018
In clock cycle: 68323
Register Write to Reg: 0x04 Val: 0x00442020
In clock cycle: 68326
Register Write to Reg: 0x01 Val: 0x00442018
In clock cycle: 68329
Register Write to Reg: 0x05 Val: 0x00000001
In clock cycle: 68330
Register Write to Reg: 0x04 Val: 0x00442034
In clock cycle: 68333
Register Write to Reg: 0x01 Val: 0x00442028
In clock cycle: 68335
Memory Write to Addr: 0x10052000 Val: 0x00000001
In clock cycle: 69348
Register Write to Reg: 0x03 Val: 0x10053000
In clock cycle: 69351
Register Write to Reg: 0x03 Val: 0x10053000
In clock cycle: 69352
Register Write to Reg: 0x04 Val: 0x00443008
In clock cycle: 69355
Register Write to Reg: 0x04 Val: 0x00443018
In clock cycle: 69358
Register Write to Reg: 0x04 Val: 0x00443020
In clock cycle: 69361
Register Write to Reg: 0x01 Val: 0x00443018
In clock cycle: 69364
Register Write to Reg: 0x05 Val: 0x00000001
In clock cycle: 69365
Register Write to Reg: 0x04 Val: 0x00443034
In clock cycle: 69368
Register Write to Reg: 0x01 Val: 0x00443028
In clock cycle: 69370
Memory Write to Addr: 0x10053000 Val: 0x00000001
In clock cycle: 70383
Register Write to Reg: 0x03 Val: 0x10054000
In clock cycle: 70386
Register Write to Reg: 0x03 Val: 0x10054000
In clock cycle: 70387
Register Write to Reg: 0x04 Val: 0x00444008
In clock cycle: 70390
Register Write to Reg: 0x04 Val: 0x00444018
In clock cycle: 70393
Register Write to Reg: 0x04 Val: 0x00444020
In clock cycle: 70396
Register Write to Reg: 0x01 Val: 0x00444018
In clock cycle: 70399
Register Write to Reg: 0x05 Val: 0x00000001
In clock cycle: 70400
Register Write to Reg: 0x04 Val: 0x00444034
In clock cycle: 70403
Register Write to Reg: 0x01 Val: 0x00444028
In clock cycle: 70405
Memory Write to Addr: 0x10054000 Val: 0x00000001
In clock cycle: 71418
Register Write to Reg: 0x03 Val: 0x10055000
In clock cycle: 71421
Register Write to Reg: 0x03 Val: 0x10055000
In clock cycle: 71422
Register Write to Reg: 0x04 Val: 0x00445008
In clock cycle: 71425
Register Write to Reg: 0x04 Val: 0x00445018
In clock cycle: 71428
Register Write to Reg: 0x04 Val: 0x00445020
In clock cycle: 71431
Register Write to Reg: 0x01 Val: 0x00445018
In clock cycle: 71434
Register Write to Reg: 0x05 Val: 0x00000001
In clock cycle: 71435
Register Write to Reg: 0x04 Val: 0x00445034
In clock cycle: 71438
Register Write to Reg: 0x01 Val: 0x00445028
In clock cycle: 71440
Memory Write to Addr: 0x10055000 Val: 0x00000001
In clock cycle: 72453
Register Write to Reg: 0x03 Val: 0x10056000
In clock cycle: 72456
Register Write to Reg: 0x03 Val: 0x10056000
In clock cycle: 72457
Register Write to Reg: 0x04 Val: 0x00446008
In clock cycle: 72460
Register Write to Reg: 0x04 Val: 0x00446018
In clock cycle: 72463
Register Write to Reg: 0x04 Val: 0x00446020
In clock cycle: 72466
Register Write to Reg: 0x01 Val: 0x00446018
In clock cycle: 72469
Register Write to Reg: 0x05 Val: 0x00000001
In clock cycle: 72470
Register Write to Reg: 0x04 Val: 0x00446034
In clock cycle: 72473
Register Write to Reg: 0x01 Val: 0x00446028
In clock cycle: 72475
Memory Write to Addr: 0x10056000 Val: 0x00000001
In clock cycle: 73488
Register Write to Reg: 0x03 Val: 0x10057000
In clock cycle: 73491
Register Write to Reg: 0x03 Val: 0x10057000
In clock cycle: 73492
Register Write to Reg: 0x04 Val: 0x00447008
In clock cycle: 73495
Register Write to Reg: 0x04 Val: 0x00447018
In clock cycle: 73498
Register Write to Reg: 0x04 Val: 0x00447020
In clock cycle: 73501
Register Write to Reg: 0x01 Val: 0x00447018
In clock cycle: 73504
Register Write to Reg: 0x05 Val: 0x00000001
In clock cycle: 73505
Register Write to Reg: 0x04 Val: 0x00447034
In clock cycle: 73508
Register Write to Reg: 0x01 Val: 0x00447028
In clock cycle: 73510
Memory Write to Addr: 0x10057000 Val: 0x00000001
In clock cycle: 74523
Register Write to Reg: 0x03 Val: 0x10058000
In clock cycle: 74526
Register Write to Reg: 0x03 Val: 0x10058000
In clock cycle: 74527
Register Write to Reg: 0x04 Val: 0x00448008
In clock cycle: 74530
Register Write to Reg: 0x04 Val: 0x00448018
In clock cycle: 74533
Register Write to Reg: 0x04 Val: 0x00448020
In clock cycle: 74536
Register Write to Reg: 0x01 Val: 0x00448018
In clock cycle: 74539
Register Write to Reg: 0x05 Val: 0x00000001
In clock cycle: 74540
Register Write to Reg: 0x04 Val: 0x00448034
In clock cycle: 74543
Register Write to Reg: 0x01 Val: 0x00448028
In clock cycle: 74545
Memory Write to Addr: 0x10058000 Val: 0x00000001
In clock cycle: 75558
Register Write to Reg: 0x03 Val: 0x10059000
In clock cycle: 75561
Register Write to Reg: 0x03 Val: 0x10059000
In clock cycle: 75562
Register Write to Reg: 0x04 Val: 0x00449008
In clock cycle: 75565
Register Write to Reg: 0x04 Val: 0x00449018
In clock cycle: 75568
Register Write to Reg: 0x04 Val: 0x00449020
In clock cycle: 75571
Register Write to Reg: 0x01 Val: 0x00449018
In clock cycle: 75574
Register Write to Reg: 0x05 Val: 0x00000001
In clock cycle: 75575
Register Write to Reg: 0x04 Val: 0x00449034
In clock cycle: 75578
Register Write to Reg: 0x01 Val: 0x00449028
In clock cycle: 75580
Memory Write to Addr: 0x10059000 Val: 0x00000001
In clock cycle: 76593
Register Write to Reg: 0x03 Val: 0x1005A000
In clock cycle: 76596
Register Write to Reg: 0x03 Val: 0x1005A000
In clock cycle: 76597
Register Write to Reg: 0x04 Val: 0x0044A008
In clock cycle: 76600
Register Write to Reg: 0x04 Val: 0x0044A018
In clock cycle: 76603
Register Write to Reg: 0x04 Val: 0x0044A020
In clock cycle: 76606
Register Write to Reg: 0x01 Val: 0x0044A018
In clock cycle: 76609
Register Write to Reg: 0x05 Val: 0x00000001
In clock cycle: 76610
Register Write to Reg: 0x04 Val: 0x0044A034
In clock cycle: 76613
Register Write to Reg: 0x01 Val: 0x0044A028
In clock cycle: 76615
Memory Write to Addr: 0x1005A000 Val: 0x00000001
In clock cycle: 77628
Register Write to Reg: 0x03 Val: 0x1005B000
In clock cycle: 77631
Register Write to Reg: 0x03 Val: 0x1005B000
In clock cycle: 77632
Register Write to Reg: 0x04 Val: 0x0044B008
In clock cycle: 77635
Register Write to Reg: 0x04 Val: 0x0044B018
In clock cycle: 77638
Register Write to Reg: 0x04 Val: 0x0044B020
In clock cycle: 77641
Register Write to Reg: 0x01 Val: 0x0044B018
In clock cycle: 77644
Register Write to Reg: 0x05 Val: 0x00000001
In clock cycle: 77645
Register Write to Reg: 0x04 Val: 0x0044B034
In clock cycle: 77648
Register Write to Reg: 0x01 Val: 0x0044B028
In clock cycle: 77650
Memory Write to Addr: 0x1005B000 Val: 0x00000001
In clock cycle: 78663
Register Write to Reg: 0x03 Val: 0x1005C000
In clock cycle: 78666
Register Write to Reg: 0x03 Val: 0x1005C000
In clock cycle: 78667
Register Write to Reg: 0x04 Val: 0x0044C008
In clock cycle: 78670
Register Write to Reg: 0x04 Val: 0x0044C018
In clock cycle: 78673
Register Write to Reg: 0x04 Val: 0x0044C020
In clock cycle: 78676
Register Write to Reg: 0x01 Val: 0x0044C018
In clock cycle: 78679
Register Write to Reg: 0x05 Val: 0x00000001
In clock cycle: 78680
Register Write to Reg: 0x04 Val: 0x0044C034
In clock cycle: 78683
Register Write to Reg: 0x01 Val: 0x0044C028
In clock cycle: 78685
Memory Write to Addr: 0x1005C000 Val: 0x00000001
In clock cycle: 79698
Register Write to Reg: 0x03 Val: 0x1005D000
In clock cycle: 79701
Register Write to Reg: 0x03 Val: 0x1005D000
In clock cycle: 79702
Register Write to Reg: 0x04 Val: 0x0044D008
In clock cycle: 79705
Register Write to Reg: 0x04 Val: 0x0044D018
In clock cycle: 79708
Register Write to Reg: 0x04 Val: 0x0044D020
In clock cycle: 79711
Register Write to Reg: 0x01 Val: 0x0044D018
In clock cycle: 79714
Register Write to Reg: 0x05 Val: 0x00000001
In clock cycle: 79715
Register Write to Reg: 0x04 Val: 0x0044D034
In clock cycle: 79718
Register Write to Reg: 0x01 Val: 0x0044D028
In clock cycle: 79720
Memory Write to Addr: 0x1005D000 Val: 0x00000001
In clock cycle: 80733
Register Write to Reg: 0x03 Val: 0x1005E000
In clock cycle: 80736
Register Write to Reg: 0x03 Val: 0x1005E000
In clock cycle: 80737
Register Write to Reg: 0x04 Val: 0x0044E008
In clock cycle: 80740
Register Write to Reg: 0x04 Val: 0x0044E018
In clock cycle: 80743
Register Write to Reg: 0x04 Val: 0x0044E020
In clock cycle: 80746
Register Write to Reg: 0x01 Val: 0x0044E018
In clock cycle: 80749
Register Write to Reg: 0x05 Val: 0x00000001
In clock cycle: 80750
Register Write to Reg: 0x04 Val: 0x0044E034
In clock cycle: 80753
Register Write to Reg: 0x01 Val: 0x0044E028
In clock cycle: 80755
Memory Write to Addr: 0x1005E000 Val: 0x00000001
In clock cycle: 81768
Register Write to Reg: 0x03 Val: 0x1005F000
In clock cycle: 81771
Register Write to Reg: 0x03 Val: 0x1005F000
In clock cycle: 81772
Register Write to Reg: 0x04 Val: 0x0044F008
In clock cycle: 81775
Register Write to Reg: 0x04 Val: 0x0044F018
In clock cycle: 81778
Register Write to Reg: 0x04 Val: 0x0044F020
In clock cycle: 81781
Register Write to Reg: 0x01 Val: 0x0044F018
In clock cycle: 81784
Register Write to Reg: 0x05 Val: 0x00000001
In clock cycle: 81785
Register Write to Reg: 0x04 Val: 0x0044F034
In clock cycle: 81788
Register Write to Reg: 0x01 Val: 0x0044F028
In clock cycle: 81790
Memory Write to Addr: 0x1005F000 Val: 0x00000001
In clock cycle: 82803
Register Write to Reg: 0x03 Val: 0x10060000
In clock cycle: 82806
Register Write to Reg: 0x03 Val: 0x10060000
In clock cycle: 82807
Register Write to Reg: 0x04 Val: 0x00450008
In clock cycle: 82810
Register Write to Reg: 0x04 Val: 0x00450018
In clock cycle: 82813
Register Write to Reg: 0x04 Val: 0x00450020
In clock cycle: 82816
Register Write to Reg: 0x01 Val: 0x00450018
In clock cycle: 82819
Register Write to Reg: 0x05 Val: 0x00000001
In clock cycle: 82820
Register Write to Reg: 0x04 Val: 0x00450034
In clock cycle: 82823
Register Write to Reg: 0x01 Val: 0x00450028
In clock cycle: 82825
Memory Write to Addr: 0x10060000 Val: 0x00000001
In clock cycle: 83838
Register Write to Reg: 0x03 Val: 0x10061000
In clock cycle: 83841
Register Write to Reg: 0x03 Val: 0x10061000
In clock cycle: 83842
Register Write to Reg: 0x04 Val: 0x00451008
In clock cycle: 83845
Register Write to Reg: 0x04 Val: 0x00451018
In clock cycle: 83848
Register Write to Reg: 0x04 Val: 0x00451020
In clock cycle: 83851
Register Write to Reg: 0x01 Val: 0x00451018
In clock cycle: 83854
Register Write to Reg: 0x05 Val: 0x00000001
In clock cycle: 83855
Register Write to Reg: 0x04 Val: 0x00451034
In clock cycle: 83858
Register Write to Reg: 0x01 Val: 0x00451028
In clock cycle: 83860
Memory Write to Addr: 0x10061000 Val: 0x00000001
In clock cycle: 84873
Register Write to Reg: 0x03 Val: 0x10062000
In clock cycle: 84876
Register Write to Reg: 0x03 Val: 0x10062000
In clock cycle: 84877
Register Write to Reg: 0x04 Val: 0x00452008
In clock cycle: 84880
Register Write to Reg: 0x04 Val: 0x00452018
In clock cycle: 84883
Register Write to Reg: 0x04 Val: 0x00452020
In clock cycle: 84886
Register Write to Reg: 0x01 Val: 0x00452018
In clock cycle: 84889
Register Write to Reg: 0x05 Val: 0x00000001
In clock cycle: 84890
Register Write to Reg: 0x04 Val: 0x00452034
In clock cycle: 84893
Register Write to Reg: 0x01 Val: 0x00452028
In clock cycle: 84895
Memory Write to Addr: 0x10062000 Val: 0x00000001
In clock cycle: 85908
Register Write to Reg: 0x03 Val: 0x10063000
In clock cycle: 85911
Register Write to Reg: 0x03 Val: 0x10063000
In clock cycle: 85912
Register Write to Reg: 0x04 Val: 0x00453008
In clock cycle: 85915
Register Write to Reg: 0x04 Val: 0x00453018
In clock cycle: 85918
Register Write to Reg: 0x04 Val: 0x00453020
In clock cycle: 85921
Register Write to Reg: 0x01 Val: 0x00453018
In clock cycle: 85924
Register Write to Reg: 0x05 Val: 0x00000001
In clock cycle: 85925
Register Write to Reg: 0x04 Val: 0x00453034
In clock cycle: 85928
Register Write to Reg: 0x01 Val: 0x00453028
In clock cycle: 85930
Memory Write to Addr: 0x10063000 Val: 0x00000001
In clock cycle: 86943
Register Write to Reg: 0x03 Val: 0x10064000
In clock cycle: 86946
Register Write to Reg: 0x03 Val: 0x10064000
In clock cycle: 86947
Register Write to Reg: 0x04 Val: 0x00454008
In clock cycle: 86950
Register Write to Reg: 0x04 Val: 0x00454018
In clock cycle: 86953
Register Write to Reg: 0x04 Val: 0x00454020
In clock cycle: 86956
Register Write to Reg: 0x01 Val: 0x00454018
In clock cycle: 86959
Register Write to Reg: 0x05 Val: 0x00000001
In clock cycle: 86960
Register Write to Reg: 0x04 Val: 0x00454034
In clock cycle: 86963
Register Write to Reg: 0x01 Val: 0x00454028
In clock cycle: 86965
Memory Write to Addr: 0x10064000 Val: 0x00000001
In clock cycle: 87978
Register Write to Reg: 0x03 Val: 0x10065000
In clock cycle: 87981
Register Write to Reg: 0x03 Val: 0x10065000
In clock cycle: 87982
Register Write to Reg: 0x04 Val: 0x00455008
In clock cycle: 87985
Register Write to Reg: 0x04 Val: 0x00455018
In clock cycle: 87988
Register Write to Reg: 0x04 Val: 0x00455020
In clock cycle: 87991
Register Write to Reg: 0x01 Val: 0x00455018
In clock cycle: 87994
Register Write to Reg: 0x05 Val: 0x00000001
In clock cycle: 87995
Register Write to Reg: 0x04 Val: 0x00455034
In clock cycle: 87998
Register Write to Reg: 0x01 Val: 0x00455028
In clock cycle: 88000
Memory Write to Addr: 0x10065000 Val: 0x00000001
In clock cycle: 89013
Register Write to Reg: 0x03 Val: 0x10066000
In clock cycle: 89016
Register Write to Reg: 0x03 Val: 0x10066000
In clock cycle: 89017
Register Write to Reg: 0x04 Val: 0x00456008
In clock cycle: 89020
Register Write to Reg: 0x04 Val: 0x00456018
In clock cycle: 89023
Register Write to Reg: 0x04 Val: 0x00456020
In clock cycle: 89026
Register Write to Reg: 0x01 Val: 0x00456018
In clock cycle: 89029
Register Write to Reg: 0x05 Val: 0x00000001
In clock cycle: 89030
Register Write to Reg: 0x04 Val: 0x00456034
In clock cycle: 89033
Register Write to Reg: 0x01 Val: 0x00456028
In clock cycle: 89035
Memory Write to Addr: 0x10066000 Val: 0x00000001
In clock cycle: 90048
Register Write to Reg: 0x03 Val: 0x10067000
In clock cycle: 90051
Register Write to Reg: 0x03 Val: 0x10067000
In clock cycle: 90052
Register Write to Reg: 0x04 Val: 0x00457008
In clock cycle: 90055
Register Write to Reg: 0x04 Val: 0x00457018
In clock cycle: 90058
Register Write to Reg: 0x04 Val: 0x00457020
In clock cycle: 90061
Register Write to Reg: 0x01 Val: 0x00457018
In clock cycle: 90064
Register Write to Reg: 0x05 Val: 0x00000001
In clock cycle: 90065
Register Write to Reg: 0x04 Val: 0x00457034
In clock cycle: 90068
Register Write to Reg: 0x01 Val: 0x00457028
In clock cycle: 90070
Memory Write to Addr: 0x10067000 Val: 0x00000001
In clock cycle: 91083
Register Write to Reg: 0x03 Val: 0x10068000
In clock cycle: 91086
Register Write to Reg: 0x03 Val: 0x10068000
In clock cycle: 91087
Register Write to Reg: 0x04 Val: 0x00458008
In clock cycle: 91090
Register Write to Reg: 0x04 Val: 0x00458018
In clock cycle: 91093
Register Write to Reg: 0x04 Val: 0x00458020
In clock cycle: 91096
Register Write to Reg: 0x01 Val: 0x00458018
In clock cycle: 91099
Register Write to Reg: 0x05 Val: 0x00000001
In clock cycle: 91100
Register Write to Reg: 0x04 Val: 0x00458034
In clock cycle: 91103
Register Write to Reg: 0x01 Val: 0x00458028
In clock cycle: 91105
Memory Write to Addr: 0x10068000 Val: 0x00000001
In clock cycle: 92118
Register Write to Reg: 0x03 Val: 0x10069000
In clock cycle: 92121
Register Write to Reg: 0x03 Val: 0x10069000
In clock cycle: 92122
Register Write to Reg: 0x04 Val: 0x00459008
In clock cycle: 92125
Register Write to Reg: 0x04 Val: 0x00459018
In clock cycle: 92128
Register Write to Reg: 0x04 Val: 0x00459020
In clock cycle: 92131
Register Write to Reg: 0x01 Val: 0x00459018
In clock cycle: 92134
Register Write to Reg: 0x05 Val: 0x00000001
In clock cycle: 92135
Register Write to Reg: 0x04 Val: 0x00459034
In clock cycle: 92138
Register Write to Reg: 0x01 Val: 0x00459028
In clock cycle: 92140
Memory Write to Addr: 0x10069000 Val: 0x00000001
In clock cycle: 93153
Register Write to Reg: 0x03 Val: 0x1006A000
In clock cycle: 93156
Register Write to Reg: 0x03 Val: 0x1006A000
In clock cycle: 93157
Register Write to Reg: 0x04 Val: 0x0045A008
In clock cycle: 93160
Register Write to Reg: 0x04 Val: 0x0045A018
In clock cycle: 93163
Register Write to Reg: 0x04 Val: 0x0045A020
In clock cycle: 93166
Register Write to Reg: 0x01 Val: 0x0045A018
In clock cycle: 93169
Register Write to Reg: 0x05 Val: 0x00000001
In clock cycle: 93170
Register Write to Reg: 0x04 Val: 0x0045A034
In clock cycle: 93173
Register Write to Reg: 0x01 Val: 0x0045A028
In clock cycle: 93175
Memory Write to Addr: 0x1006A000 Val: 0x00000001
In clock cycle: 94188
Register Write to Reg: 0x03 Val: 0x1006B000
In clock cycle: 94191
Register Write to Reg: 0x03 Val: 0x1006B000
In clock cycle: 94192
Register Write to Reg: 0x04 Val: 0x0045B008
In clock cycle: 94195
Register Write to Reg: 0x04 Val: 0x0045B018
In clock cycle: 94198
Register Write to Reg: 0x04 Val: 0x0045B020
In clock cycle: 94201
Register Write to Reg: 0x01 Val: 0x0045B018
In clock cycle: 94204
Register Write to Reg: 0x05 Val: 0x00000001
In clock cycle: 94205
Register Write to Reg: 0x04 Val: 0x0045B034
In clock cycle: 94208
Register Write to Reg: 0x01 Val: 0x0045B028
In clock cycle: 94210
Memory Write to Addr: 0x1006B000 Val: 0x00000001
In clock cycle: 95223
Register Write to Reg: 0x03 Val: 0x1006C000
In clock cycle: 95226
Register Write to Reg: 0x03 Val: 0x1006C000
In clock cycle: 95227
Register Write to Reg: 0x04 Val: 0x0045C008
In clock cycle: 95230
Register Write to Reg: 0x04 Val: 0x0045C018
In clock cycle: 95233
Register Write to Reg: 0x04 Val: 0x0045C020
In clock cycle: 95236
Register Write to Reg: 0x01 Val: 0x0045C018
In clock cycle: 95239
Register Write to Reg: 0x05 Val: 0x00000001
In clock cycle: 95240
Register Write to Reg: 0x04 Val: 0x0045C034
In clock cycle: 95243
Register Write to Reg: 0x01 Val: 0x0045C028
In clock cycle: 95245
Memory Write to Addr: 0x1006C000 Val: 0x00000001
In clock cycle: 96258
Register Write to Reg: 0x03 Val: 0x1006D000
In clock cycle: 96261
Register Write to Reg: 0x03 Val: 0x1006D000
In clock cycle: 96262
Register Write to Reg: 0x04 Val: 0x0045D008
In clock cycle: 96265
Register Write to Reg: 0x04 Val: 0x0045D018
In clock cycle: 96268
Register Write to Reg: 0x04 Val: 0x0045D020
In clock cycle: 96271
Register Write to Reg: 0x01 Val: 0x0045D018
In clock cycle: 96274
Register Write to Reg: 0x05 Val: 0x00000001
In clock cycle: 96275
Register Write to Reg: 0x04 Val: 0x0045D034
In clock cycle: 96278
Register Write to Reg: 0x01 Val: 0x0045D028
In clock cycle: 96280
Memory Write to Addr: 0x1006D000 Val: 0x00000001
In clock cycle: 97293
Register Write to Reg: 0x03 Val: 0x1006E000
In clock cycle: 97296
Register Write to Reg: 0x03 Val: 0x1006E000
In clock cycle: 97297
Register Write to Reg: 0x04 Val: 0x0045E008
In clock cycle: 97300
Register Write to Reg: 0x04 Val: 0x0045E018
In clock cycle: 97303
Register Write to Reg: 0x04 Val: 0x0045E020
In clock cycle: 97306
Register Write to Reg: 0x01 Val: 0x0045E018
In clock cycle: 97309
Register Write to Reg: 0x05 Val: 0x00000001
In clock cycle: 97310
Register Write to Reg: 0x04 Val: 0x0045E034
In clock cycle: 97313
Register Write to Reg: 0x01 Val: 0x0045E028
In clock cycle: 97315
Memory Write to Addr: 0x1006E000 Val: 0x00000001
In clock cycle: 98328
Register Write to Reg: 0x03 Val: 0x1006F000
In clock cycle: 98331
Register Write to Reg: 0x03 Val: 0x1006F000
In clock cycle: 98332
Register Write to Reg: 0x04 Val: 0x0045F008
In clock cycle: 98335
Register Write to Reg: 0x04 Val: 0x0045F018
In clock cycle: 98338
Register Write to Reg: 0x04 Val: 0x0045F020
In clock cycle: 98341
Register Write to Reg: 0x01 Val: 0x0045F018
In clock cycle: 98344
Register Write to Reg: 0x05 Val: 0x00000001
In clock cycle: 98345
Register Write to Reg: 0x04 Val: 0x0045F034
In clock cycle: 98348
Register Write to Reg: 0x01 Val: 0x0045F028
In clock cycle: 98350
Memory Write to Addr: 0x1006F000 Val: 0x00000001
In clock cycle: 99363
Register Write to Reg: 0x03 Val: 0x10070000
In clock cycle: 99366
Register Write to Reg: 0x03 Val: 0x10070000
In clock cycle: 99367
Register Write to Reg: 0x04 Val: 0x00460008
In clock cycle: 99370
Register Write to Reg: 0x04 Val: 0x00460018
In clock cycle: 99373
Register Write to Reg: 0x04 Val: 0x00460020
In clock cycle: 99376
Register Write to Reg: 0x01 Val: 0x00460018
In clock cycle: 99379
Register Write to Reg: 0x05 Val: 0x00000001
In clock cycle: 99380
Register Write to Reg: 0x04 Val: 0x00460034
In clock cycle: 99383
Register Write to Reg: 0x01 Val: 0x00460028
In clock cycle: 99385
Memory Write to Addr: 0x10070000 Val: 0x00000001
In clock cycle: 100398
Register Write to Reg: 0x03 Val: 0x10071000
In clock cycle: 100401
Register Write to Reg: 0x03 Val: 0x10071000
In clock cycle: 100402
Register Write to Reg: 0x04 Val: 0x00461008
In clock cycle: 100405
Register Write to Reg: 0x04 Val: 0x00461018
In clock cycle: 100408
Register Write to Reg: 0x04 Val: 0x00461020
In clock cycle: 100411
Register Write to Reg: 0x01 Val: 0x00461018
In clock cycle: 100414
Register Write to Reg: 0x05 Val: 0x00000001
In clock cycle: 100415
Register Write to Reg: 0x04 Val: 0x00461034
In clock cycle: 100418
Register Write to Reg: 0x01 Val: 0x00461028
In clock cycle: 100420
Memory Write to Addr: 0x10071000 Val: 0x00000001
In clock cycle: 101433
Register Write to Reg: 0x03 Val: 0x10072000
In clock cycle: 101436
Register Write to Reg: 0x03 Val: 0x10072000
In clock cycle: 101437
Register Write to Reg: 0x04 Val: 0x00462008
In clock cycle: 101440
Register Write to Reg: 0x04 Val: 0x00462018
In clock cycle: 101443
Register Write to Reg: 0x04 Val: 0x00462020
In clock cycle: 101446
Register Write to Reg: 0x01 Val: 0x00462018
In clock cycle: 101449
Register Write to Reg: 0x05 Val: 0x00000001
In clock cycle: 101450
Register Write to Reg: 0x04 Val: 0x00462034
In clock cycle: 101453
Register Write to Reg: 0x01 Val: 0x00462028
In clock cycle: 101455
Memory Write to Addr: 0x10072000 Val: 0x00000001
In clock cycle: 102468
Register Write to Reg: 0x03 Val: 0x10073000
In clock cycle: 102471
Register Write to Reg: 0x03 Val: 0x10073000
In clock cycle: 102472
Register Write to Reg: 0x04 Val: 0x00463008
In clock cycle: 102475
Register Write to Reg: 0x04 Val: 0x00463018
In clock cycle: 102478
Register Write to Reg: 0x04 Val: 0x00463020
In clock cycle: 102481
Register Write to Reg: 0x01 Val: 0x00463018
In clock cycle: 102484
Register Write to Reg: 0x05 Val: 0x00000001
In clock cycle: 102485
Register Write to Reg: 0x04 Val: 0x00463034
In clock cycle: 102488
Register Write to Reg: 0x01 Val: 0x00463028
In clock cycle: 102490
Memory Write to Addr: 0x10073000 Val: 0x00000001
In clock cycle: 103503
Register Write to Reg: 0x03 Val: 0x10074000
In clock cycle: 103506
Register Write to Reg: 0x03 Val: 0x10074000
In clock cycle: 103507
Register Write to Reg: 0x04 Val: 0x00464008
In clock cycle: 103510
Register Write to Reg: 0x04 Val: 0x00464018
In clock cycle: 103513
Register Write to Reg: 0x04 Val: 0x00464020
In clock cycle: 103516
Register Write to Reg: 0x01 Val: 0x00464018
In clock cycle: 103519
Register Write to Reg: 0x05 Val: 0x00000001
In clock cycle: 103520
Register Write to Reg: 0x04 Val: 0x00464034
In clock cycle: 103523
Register Write to Reg: 0x01 Val: 0x00464028
In clock cycle: 103525
Memory Write to Addr: 0x10074000 Val: 0x00000001
In clock cycle: 104538
Register Write to Reg: 0x03 Val: 0x10075000
In clock cycle: 104541
Register Write to Reg: 0x03 Val: 0x10075000
In clock cycle: 104542
Register Write to Reg: 0x04 Val: 0x00465008
In clock cycle: 104545
Register Write to Reg: 0x04 Val: 0x00465018
In clock cycle: 104548
Register Write to Reg: 0x04 Val: 0x00465020
In clock cycle: 104551
Register Write to Reg: 0x01 Val: 0x00465018
In clock cycle: 104554
Register Write to Reg: 0x05 Val: 0x00000001
In clock cycle: 104555
Register Write to Reg: 0x04 Val: 0x00465034
In clock cycle: 104558
Register Write to Reg: 0x01 Val: 0x00465028
In clock cycle: 104560
Memory Write to Addr: 0x10075000 Val: 0x00000001
In clock cycle: 105573
Register Write to Reg: 0x03 Val: 0x10076000
In clock cycle: 105576
Register Write to Reg: 0x03 Val: 0x10076000
In clock cycle: 105577
Register Write to Reg: 0x04 Val: 0x00466008
In clock cycle: 105580
Register Write to Reg: 0x04 Val: 0x00466018
In clock cycle: 105583
Register Write to Reg: 0x04 Val: 0x00466020
In clock cycle: 105586
Register Write to Reg: 0x01 Val: 0x00466018
In clock cycle: 105589
Register Write to Reg: 0x05 Val: 0x00000001
In clock cycle: 105590
Register Write to Reg: 0x04 Val: 0x00466034
In clock cycle: 105593
Register Write to Reg: 0x01 Val: 0x00466028
In clock cycle: 105595
Memory Write to Addr: 0x10076000 Val: 0x00000001
In clock cycle: 106608
Register Write to Reg: 0x03 Val: 0x10077000
In clock cycle: 106611
Register Write to Reg: 0x03 Val: 0x10077000
In clock cycle: 106612
Register Write to Reg: 0x04 Val: 0x00467008
In clock cycle: 106615
Register Write to Reg: 0x04 Val: 0x00467018
In clock cycle: 106618
Register Write to Reg: 0x04 Val: 0x00467020
In clock cycle: 106621
Register Write to Reg: 0x01 Val: 0x00467018
In clock cycle: 106624
Register Write to Reg: 0x05 Val: 0x00000001
In clock cycle: 106625
Register Write to Reg: 0x04 Val: 0x00467034
In clock cycle: 106628
Register Write to Reg: 0x01 Val: 0x00467028
In clock cycle: 106630
Memory Write to Addr: 0x10077000 Val: 0x00000001
In clock cycle: 107643
Register Write to Reg: 0x03 Val: 0x10078000
In clock cycle: 107646
Register Write to Reg: 0x03 Val: 0x10078000
In clock cycle: 107647
Register Write to Reg: 0x04 Val: 0x00468008
In clock cycle: 107650
Register Write to Reg: 0x04 Val: 0x00468018
In clock cycle: 107653
Register Write to Reg: 0x04 Val: 0x00468020
In clock cycle: 107656
Register Write to Reg: 0x01 Val: 0x00468018
In clock cycle: 107659
Register Write to Reg: 0x05 Val: 0x00000001
In clock cycle: 107660
Register Write to Reg: 0x04 Val: 0x00468034
In clock cycle: 107663
Register Write to Reg: 0x01 Val: 0x00468028
In clock cycle: 107665
Memory Write to Addr: 0x10078000 Val: 0x00000001
In clock cycle: 108678
Register Write to Reg: 0x03 Val: 0x10079000
In clock cycle: 108681
Register Write to Reg: 0x03 Val: 0x10079000
In clock cycle: 108682
Register Write to Reg: 0x04 Val: 0x00469008
In clock cycle: 108685
Register Write to Reg: 0x04 Val: 0x00469018
In clock cycle: 108688
Register Write to Reg: 0x04 Val: 0x00469020
In clock cycle: 108691
Register Write to Reg: 0x01 Val: 0x00469018
In clock cycle: 108694
Register Write to Reg: 0x05 Val: 0x00000001
In clock cycle: 108695
Register Write to Reg: 0x04 Val: 0x00469034
In clock cycle: 108698
Register Write to Reg: 0x01 Val: 0x00469028
In clock cycle: 108700
Memory Write to Addr: 0x10079000 Val: 0x00000001
In clock cycle: 109713
Register Write to Reg: 0x03 Val: 0x1007A000
In clock cycle: 109716
Register Write to Reg: 0x03 Val: 0x1007A000
In clock cycle: 109717
Register Write to Reg: 0x04 Val: 0x0046A008
In clock cycle: 109720
Register Write to Reg: 0x04 Val: 0x0046A018
In clock cycle: 109723
Register Write to Reg: 0x04 Val: 0x0046A020
In clock cycle: 109726
Register Write to Reg: 0x01 Val: 0x0046A018
In clock cycle: 109729
Register Write to Reg: 0x05 Val: 0x00000001
In clock cycle: 109730
Register Write to Reg: 0x04 Val: 0x0046A034
In clock cycle: 109733
Register Write to Reg: 0x01 Val: 0x0046A028
In clock cycle: 109735
Memory Write to Addr: 0x1007A000 Val: 0x00000001
In clock cycle: 110748
Register Write to Reg: 0x03 Val: 0x1007B000
In clock cycle: 110751
Register Write to Reg: 0x03 Val: 0x1007B000
In clock cycle: 110752
Register Write to Reg: 0x04 Val: 0x0046B008
In clock cycle: 110755
Register Write to Reg: 0x04 Val: 0x0046B018
In clock cycle: 110758
Register Write to Reg: 0x04 Val: 0x0046B020
In clock cycle: 110761
Register Write to Reg: 0x01 Val: 0x0046B018
In clock cycle: 110764
Register Write to Reg: 0x05 Val: 0x00000001
In clock cycle: 110765
Register Write to Reg: 0x04 Val: 0x0046B034
In clock cycle: 110768
Register Write to Reg: 0x01 Val: 0x0046B028
In clock cycle: 110770
Memory Write to Addr: 0x1007B000 Val: 0x00000001
In clock cycle: 111783
Register Write to Reg: 0x03 Val: 0x1007C000
In clock cycle: 111786
Register Write to Reg: 0x03 Val: 0x1007C000
In clock cycle: 111787
Register Write to Reg: 0x04 Val: 0x0046C008
In clock cycle: 111790
Register Write to Reg: 0x04 Val: 0x0046C018
In clock cycle: 111793
Register Write to Reg: 0x04 Val: 0x0046C020
In clock cycle: 111796
Register Write to Reg: 0x01 Val: 0x0046C018
In clock cycle: 111799
Register Write to Reg: 0x05 Val: 0x00000001
In clock cycle: 111800
Register Write to Reg: 0x04 Val: 0x0046C034
In clock cycle: 111803
Register Write to Reg: 0x01 Val: 0x0046C028
In clock cycle: 111805
Memory Write to Addr: 0x1007C000 Val: 0x00000001
In clock cycle: 112818
Register Write to Reg: 0x03 Val: 0x1007D000
In clock cycle: 112821
Register Write to Reg: 0x03 Val: 0x1007D000
In clock cycle: 112822
Register Write to Reg: 0x04 Val: 0x0046D008
In clock cycle: 112825
Register Write to Reg: 0x04 Val: 0x0046D018
In clock cycle: 112828
Register Write to Reg: 0x04 Val: 0x0046D020
In clock cycle: 112831
Register Write to Reg: 0x01 Val: 0x0046D018
In clock cycle: 112834
Register Write to Reg: 0x05 Val: 0x00000001
In clock cycle: 112835
Register Write to Reg: 0x04 Val: 0x0046D034
In clock cycle: 112838
Register Write to Reg: 0x01 Val: 0x0046D028
In clock cycle: 112840
Memory Write to Addr: 0x1007D000 Val: 0x00000001
In clock cycle: 113853
Register Write to Reg: 0x03 Val: 0x1007E000
In clock cycle: 113856
Register Write to Reg: 0x03 Val: 0x1007E000
In clock cycle: 113857
Register Write to Reg: 0x04 Val: 0x0046E008
In clock cycle: 113860
Register Write to Reg: 0x04 Val: 0x0046E018
In clock cycle: 113863
Register Write to Reg: 0x04 Val: 0x0046E020
In clock cycle: 113866
Register Write to Reg: 0x01 Val: 0x0046E018
In clock cycle: 113869
Register Write to Reg: 0x05 Val: 0x00000001
In clock cycle: 113870
Register Write to Reg: 0x04 Val: 0x0046E034
In clock cycle: 113873
Register Write to Reg: 0x01 Val: 0x0046E028
In clock cycle: 113875
Memory Write to Addr: 0x1007E000 Val: 0x00000001
In clock cycle: 114888
Register Write to Reg: 0x03 Val: 0x1007F000
In clock cycle: 114891
Register Write to Reg: 0x03 Val: 0x1007F000
In clock cycle: 114892
Register Write to Reg: 0x04 Val: 0x0046F008
In clock cycle: 114895
Register Write to Reg: 0x04 Val: 0x0046F018
In clock cycle: 114898
Register Write to Reg: 0x04 Val: 0x0046F020
In clock cycle: 114901
Register Write to Reg: 0x01 Val: 0x0046F018
In clock cycle: 114904
Register Write to Reg: 0x05 Val: 0x00000001
In clock cycle: 114905
Register Write to Reg: 0x04 Val: 0x0046F034
In clock cycle: 114908
Register Write to Reg: 0x01 Val: 0x0046F028
In clock cycle: 114910
Memory Write to Addr: 0x1007F000 Val: 0x00000001
In clock cycle: 115923
Register Write to Reg: 0x03 Val: 0x10080000
In clock cycle: 115926
Register Write to Reg: 0x03 Val: 0x10080000
In clock cycle: 115927
Register Write to Reg: 0x04 Val: 0x00470008
In clock cycle: 115930
Register Write to Reg: 0x04 Val: 0x00470018
In clock cycle: 115933
Register Write to Reg: 0x04 Val: 0x00470020
In clock cycle: 115936
Register Write to Reg: 0x01 Val: 0x00470018
In clock cycle: 115939
Register Write to Reg: 0x05 Val: 0x00000001
In clock cycle: 115940
Register Write to Reg: 0x04 Val: 0x00470034
In clock cycle: 115943
Register Write to Reg: 0x01 Val: 0x00470028
In clock cycle: 115945
Memory Write to Addr: 0x10080000 Val: 0x00000001
In clock cycle: 116958
Register Write to Reg: 0x03 Val: 0x10081000
In clock cycle: 116961
Register Write to Reg: 0x03 Val: 0x10081000
In clock cycle: 116962
Register Write to Reg: 0x04 Val: 0x00471008
In clock cycle: 116965
Register Write to Reg: 0x04 Val: 0x00471018
In clock cycle: 116968
Register Write to Reg: 0x04 Val: 0x00471020
In clock cycle: 116971
Register Write to Reg: 0x01 Val: 0x00471018
In clock cycle: 116974
Register Write to Reg: 0x05 Val: 0x00000001
In clock cycle: 116975
Register Write to Reg: 0x04 Val: 0x00471034
In clock cycle: 116978
Register Write to Reg: 0x01 Val: 0x00471028
In clock cycle: 116980
Memory Write to Addr: 0x10081000 Val: 0x00000001
In clock cycle: 117993
Register Write to Reg: 0x03 Val: 0x10082000
In clock cycle: 117996
Register Write to Reg: 0x03 Val: 0x10082000
In clock cycle: 117997
Register Write to Reg: 0x04 Val: 0x00472008
In clock cycle: 118000
Register Write to Reg: 0x04 Val: 0x00472018
In clock cycle: 118003
Register Write to Reg: 0x04 Val: 0x00472020
In clock cycle: 118006
Register Write to Reg: 0x01 Val: 0x00472018
In clock cycle: 118009
Register Write to Reg: 0x05 Val: 0x00000001
In clock cycle: 118010
Register Write to Reg: 0x04 Val: 0x00472034
In clock cycle: 118013
Register Write to Reg: 0x01 Val: 0x00472028
In clock cycle: 118015
Memory Write to Addr: 0x10082000 Val: 0x00000001
In clock cycle: 119028
Register Write to Reg: 0x03 Val: 0x10083000
In clock cycle: 119031
Register Write to Reg: 0x03 Val: 0x10083000
In clock cycle: 119032
Register Write to Reg: 0x04 Val: 0x00473008
In clock cycle: 119035
Register Write to Reg: 0x04 Val: 0x00473018
In clock cycle: 119038
Register Write to Reg: 0x04 Val: 0x00473020
In clock cycle: 119041
Register Write to Reg: 0x01 Val: 0x00473018
In clock cycle: 119044
Register Write to Reg: 0x05 Val: 0x00000001
In clock cycle: 119045
Register Write to Reg: 0x04 Val: 0x00473034
In clock cycle: 119048
Register Write to Reg: 0x01 Val: 0x00473028
In clock cycle: 119050
Memory Write to Addr: 0x10083000 Val: 0x00000001
In clock cycle: 120063
Register Write to Reg: 0x03 Val: 0x10084000
In clock cycle: 120066
Register Write to Reg: 0x03 Val: 0x10084000
In clock cycle: 120067
Register Write to Reg: 0x04 Val: 0x00474008
In clock cycle: 120070
Register Write to Reg: 0x04 Val: 0x00474018
In clock cycle: 120073
Register Write to Reg: 0x04 Val: 0x00474020
In clock cycle: 120076
Register Write to Reg: 0x01 Val: 0x00474018
In clock cycle: 120079
Register Write to Reg: 0x05 Val: 0x00000001
In clock cycle: 120080
Register Write to Reg: 0x04 Val: 0x00474034
In clock cycle: 120083
Register Write to Reg: 0x01 Val: 0x00474028
In clock cycle: 120085
Memory Write to Addr: 0x10084000 Val: 0x00000001
In clock cycle: 121098
Register Write to Reg: 0x03 Val: 0x10085000
In clock cycle: 121101
Register Write to Reg: 0x03 Val: 0x10085000
In clock cycle: 121102
Register Write to Reg: 0x04 Val: 0x00475008
In clock cycle: 121105
Register Write to Reg: 0x04 Val: 0x00475018
In clock cycle: 121108
Register Write to Reg: 0x04 Val: 0x00475020
In clock cycle: 121111
Register Write to Reg: 0x01 Val: 0x00475018
In clock cycle: 121114
Register Write to Reg: 0x05 Val: 0x00000001
In clock cycle: 121115
Register Write to Reg: 0x04 Val: 0x00475034
In clock cycle: 121118
Register Write to Reg: 0x01 Val: 0x00475028
In clock cycle: 121120
Memory Write to Addr: 0x10085000 Val: 0x00000001
In clock cycle: 122133
Register Write to Reg: 0x03 Val: 0x10086000
In clock cycle: 122136
Register Write to Reg: 0x03 Val: 0x10086000
In clock cycle: 122137
Register Write to Reg: 0x04 Val: 0x00476008
In clock cycle: 122140
Register Write to Reg: 0x04 Val: 0x00476018
In clock cycle: 122143
Register Write to Reg: 0x04 Val: 0x00476020
In clock cycle: 122146
Register Write to Reg: 0x01 Val: 0x00476018
In clock cycle: 122149
Register Write to Reg: 0x05 Val: 0x00000001
In clock cycle: 122150
Register Write to Reg: 0x04 Val: 0x00476034
In clock cycle: 122153
Register Write to Reg: 0x01 Val: 0x00476028
In clock cycle: 122155
Memory Write to Addr: 0x10086000 Val: 0x00000001
In clock cycle: 123168
Register Write to Reg: 0x03 Val: 0x10087000
In clock cycle: 123171
Register Write to Reg: 0x03 Val: 0x10087000
In clock cycle: 123172
Register Write to Reg: 0x04 Val: 0x00477008
In clock cycle: 123175
Register Write to Reg: 0x04 Val: 0x00477018
In clock cycle: 123178
Register Write to Reg: 0x04 Val: 0x00477020
In clock cycle: 123181
Register Write to Reg: 0x01 Val: 0x00477018
In clock cycle: 123184
Register Write to Reg: 0x05 Val: 0x00000001
In clock cycle: 123185
Register Write to Reg: 0x04 Val: 0x00477034
In clock cycle: 123188
Register Write to Reg: 0x01 Val: 0x00477028
In clock cycle: 123190
Memory Write to Addr: 0x10087000 Val: 0x00000001
In clock cycle: 124203
Register Write to Reg: 0x03 Val: 0x10088000
In clock cycle: 124206
Register Write to Reg: 0x03 Val: 0x10088000
In clock cycle: 124207
Register Write to Reg: 0x04 Val: 0x00478008
In clock cycle: 124210
Register Write to Reg: 0x04 Val: 0x00478018
In clock cycle: 124213
Register Write to Reg: 0x04 Val: 0x00478020
In clock cycle: 124216
Register Write to Reg: 0x01 Val: 0x00478018
In clock cycle: 124219
Register Write to Reg: 0x05 Val: 0x00000001
In clock cycle: 124220
Register Write to Reg: 0x04 Val: 0x00478034
In clock cycle: 124223
Register Write to Reg: 0x01 Val: 0x00478028
In clock cycle: 124225
Memory Write to Addr: 0x10088000 Val: 0x00000001
In clock cycle: 125238
Register Write to Reg: 0x03 Val: 0x10089000
In clock cycle: 125241
Register Write to Reg: 0x03 Val: 0x10089000
In clock cycle: 125242
Register Write to Reg: 0x04 Val: 0x00479008
In clock cycle: 125245
Register Write to Reg: 0x04 Val: 0x00479018
In clock cycle: 125248
Register Write to Reg: 0x04 Val: 0x00479020
In clock cycle: 125251
Register Write to Reg: 0x01 Val: 0x00479018
In clock cycle: 125254
Register Write to Reg: 0x05 Val: 0x00000001
In clock cycle: 125255
Register Write to Reg: 0x04 Val: 0x00479034
In clock cycle: 125258
Register Write to Reg: 0x01 Val: 0x00479028
In clock cycle: 125260
Memory Write to Addr: 0x10089000 Val: 0x00000001
In clock cycle: 126273
Register Write to Reg: 0x03 Val: 0x1008A000
In clock cycle: 126276
Register Write to Reg: 0x03 Val: 0x1008A000
In clock cycle: 126277
Register Write to Reg: 0x04 Val: 0x0047A008
In clock cycle: 126280
Register Write to Reg: 0x04 Val: 0x0047A018
In clock cycle: 126283
Register Write to Reg: 0x04 Val: 0x0047A020
In clock cycle: 126286
Register Write to Reg: 0x01 Val: 0x0047A018
In clock cycle: 126289
Register Write to Reg: 0x05 Val: 0x00000001
In clock cycle: 126290
Register Write to Reg: 0x04 Val: 0x0047A034
In clock cycle: 126293
Register Write to Reg: 0x01 Val: 0x0047A028
In clock cycle: 126295
Memory Write to Addr: 0x1008A000 Val: 0x00000001
In clock cycle: 127308
Register Write to Reg: 0x03 Val: 0x1008B000
In clock cycle: 127311
Register Write to Reg: 0x03 Val: 0x1008B000
In clock cycle: 127312
Register Write to Reg: 0x04 Val: 0x0047B008
In clock cycle: 127315
Register Write to Reg: 0x04 Val: 0x0047B018
In clock cycle: 127318
Register Write to Reg: 0x04 Val: 0x0047B020
In clock cycle: 127321
Register Write to Reg: 0x01 Val: 0x0047B018
In clock cycle: 127324
Register Write to Reg: 0x05 Val: 0x00000001
In clock cycle: 127325
Register Write to Reg: 0x04 Val: 0x0047B034
In clock cycle: 127328
Register Write to Reg: 0x01 Val: 0x0047B028
In clock cycle: 127330
Memory Write to Addr: 0x1008B000 Val: 0x00000001
In clock cycle: 128343
Register Write to Reg: 0x03 Val: 0x1008C000
In clock cycle: 128346
Register Write to Reg: 0x03 Val: 0x1008C000
In clock cycle: 128347
Register Write to Reg: 0x04 Val: 0x0047C008
In clock cycle: 128350
Register Write to Reg: 0x04 Val: 0x0047C018
In clock cycle: 128353
Register Write to Reg: 0x04 Val: 0x0047C020
In clock cycle: 128356
Register Write to Reg: 0x01 Val: 0x0047C018
In clock cycle: 128359
Register Write to Reg: 0x05 Val: 0x00000001
In clock cycle: 128360
Register Write to Reg: 0x04 Val: 0x0047C034
In clock cycle: 128363
Register Write to Reg: 0x01 Val: 0x0047C028
In clock cycle: 128365
Memory Write to Addr: 0x1008C000 Val: 0x00000001
In clock cycle: 129378
Register Write to Reg: 0x03 Val: 0x1008D000
In clock cycle: 129381
Register Write to Reg: 0x03 Val: 0x1008D000
In clock cycle: 129382
Register Write to Reg: 0x04 Val: 0x0047D008
In clock cycle: 129385
Register Write to Reg: 0x04 Val: 0x0047D018
In clock cycle: 129388
Register Write to Reg: 0x04 Val: 0x0047D020
In clock cycle: 129391
Register Write to Reg: 0x01 Val: 0x0047D018
In clock cycle: 129394
Register Write to Reg: 0x05 Val: 0x00000001
In clock cycle: 129395
Register Write to Reg: 0x04 Val: 0x0047D034
In clock cycle: 129398
Register Write to Reg: 0x01 Val: 0x0047D028
In clock cycle: 129400
Memory Write to Addr: 0x1008D000 Val: 0x00000001
In clock cycle: 130413
Register Write to Reg: 0x03 Val: 0x1008E000
In clock cycle: 130416
Register Write to Reg: 0x03 Val: 0x1008E000
In clock cycle: 130417
Register Write to Reg: 0x04 Val: 0x0047E008
In clock cycle: 130420
Register Write to Reg: 0x04 Val: 0x0047E018
In clock cycle: 130423
Register Write to Reg: 0x04 Val: 0x0047E020
In clock cycle: 130426
Register Write to Reg: 0x01 Val: 0x0047E018
In clock cycle: 130429
Register Write to Reg: 0x05 Val: 0x00000001
In clock cycle: 130430
Register Write to Reg: 0x04 Val: 0x0047E034
In clock cycle: 130433
Register Write to Reg: 0x01 Val: 0x0047E028
In clock cycle: 130435
Memory Write to Addr: 0x1008E000 Val: 0x00000001
In clock cycle: 131448
Register Write to Reg: 0x03 Val: 0x1008F000
In clock cycle: 131451
Register Write to Reg: 0x03 Val: 0x1008F000
In clock cycle: 131452
Register Write to Reg: 0x04 Val: 0x0047F008
In clock cycle: 131455
Register Write to Reg: 0x04 Val: 0x0047F018
In clock cycle: 131458
Register Write to Reg: 0x04 Val: 0x0047F020
In clock cycle: 131461
Register Write to Reg: 0x01 Val: 0x0047F018
In clock cycle: 131464
Register Write to Reg: 0x05 Val: 0x00000001
In clock cycle: 131465
Register Write to Reg: 0x04 Val: 0x0047F034
In clock cycle: 131468
Register Write to Reg: 0x01 Val: 0x0047F028
In clock cycle: 131470
Memory Write to Addr: 0x1008F000 Val: 0x00000001
In clock cycle: 132483
Register Write to Reg: 0x03 Val: 0x10090000
In clock cycle: 132486
Register Write to Reg: 0x03 Val: 0x10090000
In clock cycle: 132487
Register Write to Reg: 0x04 Val: 0x00480008
In clock cycle: 132490
Register Write to Reg: 0x04 Val: 0x00480018
In clock cycle: 132493
Register Write to Reg: 0x04 Val: 0x00480020
In clock cycle: 132496
Register Write to Reg: 0x01 Val: 0x00480018
In clock cycle: 132499
Register Write to Reg: 0x05 Val: 0x00000001
In clock cycle: 132500
Register Write to Reg: 0x04 Val: 0x00480034
In clock cycle: 132503
Register Write to Reg: 0x01 Val: 0x00480028
In clock cycle: 132505
Memory Write to Addr: 0x10090000 Val: 0x00000001
In clock cycle: 133518
Register Write to Reg: 0x03 Val: 0x10091000
In clock cycle: 133521
Register Write to Reg: 0x03 Val: 0x10091000
In clock cycle: 133522
Register Write to Reg: 0x04 Val: 0x00481008
In clock cycle: 133525
Register Write to Reg: 0x04 Val: 0x00481018
In clock cycle: 133528
Register Write to Reg: 0x04 Val: 0x00481020
In clock cycle: 133531
Register Write to Reg: 0x01 Val: 0x00481018
In clock cycle: 133534
Register Write to Reg: 0x05 Val: 0x00000001
In clock cycle: 133535
Register Write to Reg: 0x04 Val: 0x00481034
In clock cycle: 133538
Register Write to Reg: 0x01 Val: 0x00481028
In clock cycle: 133540
Memory Write to Addr: 0x10091000 Val: 0x00000001
In clock cycle: 134553
Register Write to Reg: 0x03 Val: 0x10092000
In clock cycle: 134556
Register Write to Reg: 0x03 Val: 0x10092000
In clock cycle: 134557
Register Write to Reg: 0x04 Val: 0x00482008
In clock cycle: 134560
Register Write to Reg: 0x04 Val: 0x00482018
In clock cycle: 134563
Register Write to Reg: 0x04 Val: 0x00482020
In clock cycle: 134566
Register Write to Reg: 0x01 Val: 0x00482018
In clock cycle: 134569
Register Write to Reg: 0x05 Val: 0x00000001
In clock cycle: 134570
Register Write to Reg: 0x04 Val: 0x00482034
In clock cycle: 134573
Register Write to Reg: 0x01 Val: 0x00482028
In clock cycle: 134575
Memory Write to Addr: 0x10092000 Val: 0x00000001
In clock cycle: 135588
Register Write to Reg: 0x03 Val: 0x10093000
In clock cycle: 135591
Register Write to Reg: 0x03 Val: 0x10093000
In clock cycle: 135592
Register Write to Reg: 0x04 Val: 0x00483008
In clock cycle: 135595
Register Write to Reg: 0x04 Val: 0x00483018
In clock cycle: 135598
Register Write to Reg: 0x04 Val: 0x00483020
In clock cycle: 135601
Register Write to Reg: 0x01 Val: 0x00483018
In clock cycle: 135604
Register Write to Reg: 0x05 Val: 0x00000001
In clock cycle: 135605
Register Write to Reg: 0x04 Val: 0x00483034
In clock cycle: 135608
Register Write to Reg: 0x01 Val: 0x00483028
In clock cycle: 135610
Memory Write to Addr: 0x10093000 Val: 0x00000001
In clock cycle: 136623
Register Write to Reg: 0x03 Val: 0x10094000
In clock cycle: 136626
Register Write to Reg: 0x03 Val: 0x10094000
In clock cycle: 136627
Register Write to Reg: 0x04 Val: 0x00484008
In clock cycle: 136630
Register Write to Reg: 0x04 Val: 0x00484018
In clock cycle: 136633
Register Write to Reg: 0x04 Val: 0x00484020
In clock cycle: 136636
Register Write to Reg: 0x01 Val: 0x00484018
In clock cycle: 136639
Register Write to Reg: 0x05 Val: 0x00000001
In clock cycle: 136640
Register Write to Reg: 0x04 Val: 0x00484034
In clock cycle: 136643
Register Write to Reg: 0x01 Val: 0x00484028
In clock cycle: 136645
Memory Write to Addr: 0x10094000 Val: 0x00000001
In clock cycle: 137658
Register Write to Reg: 0x03 Val: 0x10095000
In clock cycle: 137661
Register Write to Reg: 0x03 Val: 0x10095000
In clock cycle: 137662
Register Write to Reg: 0x04 Val: 0x00485008
In clock cycle: 137665
Register Write to Reg: 0x04 Val: 0x00485018
In clock cycle: 137668
Register Write to Reg: 0x04 Val: 0x00485020
In clock cycle: 137671
Register Write to Reg: 0x01 Val: 0x00485018
In clock cycle: 137674
Register Write to Reg: 0x05 Val: 0x00000001
In clock cycle: 137675
Register Write to Reg: 0x04 Val: 0x00485034
In clock cycle: 137678
Register Write to Reg: 0x01 Val: 0x00485028
In clock cycle: 137680
Memory Write to Addr: 0x10095000 Val: 0x00000001
In clock cycle: 138693
Register Write to Reg: 0x03 Val: 0x10096000
In clock cycle: 138696
Register Write to Reg: 0x03 Val: 0x10096000
In clock cycle: 138697
Register Write to Reg: 0x04 Val: 0x00486008
In clock cycle: 138700
Register Write to Reg: 0x04 Val: 0x00486018
In clock cycle: 138703
Register Write to Reg: 0x04 Val: 0x00486020
In clock cycle: 138706
Register Write to Reg: 0x01 Val: 0x00486018
In clock cycle: 138709
Register Write to Reg: 0x05 Val: 0x00000001
In clock cycle: 138710
Register Write to Reg: 0x04 Val: 0x00486034
In clock cycle: 138713
Register Write to Reg: 0x01 Val: 0x00486028
In clock cycle: 138715
Memory Write to Addr: 0x10096000 Val: 0x00000001
In clock cycle: 139728
Register Write to Reg: 0x03 Val: 0x10097000
In clock cycle: 139731
Register Write to Reg: 0x03 Val: 0x10097000
In clock cycle: 139732
Register Write to Reg: 0x04 Val: 0x00487008
In clock cycle: 139735
Register Write to Reg: 0x04 Val: 0x00487018
In clock cycle: 139738
Register Write to Reg: 0x04 Val: 0x00487020
In clock cycle: 139741
Register Write to Reg: 0x01 Val: 0x00487018
In clock cycle: 139744
Register Write to Reg: 0x05 Val: 0x00000001
In clock cycle: 139745
Register Write to Reg: 0x04 Val: 0x00487034
In clock cycle: 139748
Register Write to Reg: 0x01 Val: 0x00487028
In clock cycle: 139750
Memory Write to Addr: 0x10097000 Val: 0x00000001
In clock cycle: 140763
Register Write to Reg: 0x03 Val: 0x10098000
In clock cycle: 140766
Register Write to Reg: 0x03 Val: 0x10098000
In clock cycle: 140767
Register Write to Reg: 0x04 Val: 0x00488008
In clock cycle: 140770
Register Write to Reg: 0x04 Val: 0x00488018
In clock cycle: 140773
Register Write to Reg: 0x04 Val: 0x00488020
In clock cycle: 140776
Register Write to Reg: 0x01 Val: 0x00488018
In clock cycle: 140779
Register Write to Reg: 0x05 Val: 0x00000001
In clock cycle: 140780
Register Write to Reg: 0x04 Val: 0x00488034
In clock cycle: 140783
Register Write to Reg: 0x01 Val: 0x00488028
In clock cycle: 140785
Memory Write to Addr: 0x10098000 Val: 0x00000001
In clock cycle: 141798
Register Write to Reg: 0x03 Val: 0x10099000
In clock cycle: 141801
Register Write to Reg: 0x03 Val: 0x10099000
In clock cycle: 141802
Register Write to Reg: 0x04 Val: 0x00489008
In clock cycle: 141805
Register Write to Reg: 0x04 Val: 0x00489018
In clock cycle: 141808
Register Write to Reg: 0x04 Val: 0x00489020
In clock cycle: 141811
Register Write to Reg: 0x01 Val: 0x00489018
In clock cycle: 141814
Register Write to Reg: 0x05 Val: 0x00000001
In clock cycle: 141815
Register Write to Reg: 0x04 Val: 0x00489034
In clock cycle: 141818
Register Write to Reg: 0x01 Val: 0x00489028
In clock cycle: 141820
Memory Write to Addr: 0x10099000 Val: 0x00000001
In clock cycle: 142833
Register Write to Reg: 0x03 Val: 0x1009A000
In clock cycle: 142836
Register Write to Reg: 0x03 Val: 0x1009A000
In clock cycle: 142837
Register Write to Reg: 0x04 Val: 0x0048A008
In clock cycle: 142840
Register Write to Reg: 0x04 Val: 0x0048A018
In clock cycle: 142843
Register Write to Reg: 0x04 Val: 0x0048A020
In clock cycle: 142846
Register Write to Reg: 0x01 Val: 0x0048A018
In clock cycle: 142849
Register Write to Reg: 0x05 Val: 0x00000001
In clock cycle: 142850
Register Write to Reg: 0x04 Val: 0x0048A034
In clock cycle: 142853
Register Write to Reg: 0x01 Val: 0x0048A028
In clock cycle: 142855
Memory Write to Addr: 0x1009A000 Val: 0x00000001
In clock cycle: 143868
Register Write to Reg: 0x03 Val: 0x1009B000
In clock cycle: 143871
Register Write to Reg: 0x03 Val: 0x1009B000
In clock cycle: 143872
Register Write to Reg: 0x04 Val: 0x0048B008
In clock cycle: 143875
Register Write to Reg: 0x04 Val: 0x0048B018
In clock cycle: 143878
Register Write to Reg: 0x04 Val: 0x0048B020
In clock cycle: 143881
Register Write to Reg: 0x01 Val: 0x0048B018
In clock cycle: 143884
Register Write to Reg: 0x05 Val: 0x00000001
In clock cycle: 143885
Register Write to Reg: 0x04 Val: 0x0048B034
In clock cycle: 143888
Register Write to Reg: 0x01 Val: 0x0048B028
In clock cycle: 143890
Memory Write to Addr: 0x1009B000 Val: 0x00000001
In clock cycle: 144903
Register Write to Reg: 0x03 Val: 0x1009C000
In clock cycle: 144906
Register Write to Reg: 0x03 Val: 0x1009C000
In clock cycle: 144907
Register Write to Reg: 0x04 Val: 0x0048C008
In clock cycle: 144910
Register Write to Reg: 0x04 Val: 0x0048C018
In clock cycle: 144913
Register Write to Reg: 0x04 Val: 0x0048C020
In clock cycle: 144916
Register Write to Reg: 0x01 Val: 0x0048C018
In clock cycle: 144919
Register Write to Reg: 0x05 Val: 0x00000001
In clock cycle: 144920
Register Write to Reg: 0x04 Val: 0x0048C034
In clock cycle: 144923
Register Write to Reg: 0x01 Val: 0x0048C028
In clock cycle: 144925
Memory Write to Addr: 0x1009C000 Val: 0x00000001
In clock cycle: 145938
Register Write to Reg: 0x03 Val: 0x1009D000
In clock cycle: 145941
Register Write to Reg: 0x03 Val: 0x1009D000
In clock cycle: 145942
Register Write to Reg: 0x04 Val: 0x0048D008
In clock cycle: 145945
Register Write to Reg: 0x04 Val: 0x0048D018
In clock cycle: 145948
Register Write to Reg: 0x04 Val: 0x0048D020
In clock cycle: 145951
Register Write to Reg: 0x01 Val: 0x0048D018
In clock cycle: 145954
Register Write to Reg: 0x05 Val: 0x00000001
In clock cycle: 145955
Register Write to Reg: 0x04 Val: 0x0048D034
In clock cycle: 145958
Register Write to Reg: 0x01 Val: 0x0048D028
In clock cycle: 145960
Memory Write to Addr: 0x1009D000 Val: 0x00000001
In clock cycle: 146973
Register Write to Reg: 0x03 Val: 0x1009E000
In clock cycle: 146976
Register Write to Reg: 0x03 Val: 0x1009E000
In clock cycle: 146977
Register Write to Reg: 0x04 Val: 0x0048E008
In clock cycle: 146980
Register Write to Reg: 0x04 Val: 0x0048E018
In clock cycle: 146983
Register Write to Reg: 0x04 Val: 0x0048E020
In clock cycle: 146986
Register Write to Reg: 0x01 Val: 0x0048E018
In clock cycle: 146989
Register Write to Reg: 0x05 Val: 0x00000001
In clock cycle: 146990
Register Write to Reg: 0x04 Val: 0x0048E034
In clock cycle: 146993
Register Write to Reg: 0x01 Val: 0x0048E028
In clock cycle: 146995
Memory Write to Addr: 0x1009E000 Val: 0x00000001
In clock cycle: 148008
Register Write to Reg: 0x03 Val: 0x1009F000
In clock cycle: 148011
Register Write to Reg: 0x03 Val: 0x1009F000
In clock cycle: 148012
Register Write to Reg: 0x04 Val: 0x0048F008
In clock cycle: 148015
Register Write to Reg: 0x04 Val: 0x0048F018
In clock cycle: 148018
Register Write to Reg: 0x04 Val: 0x0048F020
In clock cycle: 148021
Register Write to Reg: 0x01 Val: 0x0048F018
In clock cycle: 148024
Register Write to Reg: 0x05 Val: 0x00000001
In clock cycle: 148025
Register Write to Reg: 0x04 Val: 0x0048F034
In clock cycle: 148028
Register Write to Reg: 0x01 Val: 0x0048F028
In clock cycle: 148030
Memory Write to Addr: 0x1009F000 Val: 0x00000001
In clock cycle: 149043
Register Write to Reg: 0x03 Val: 0x100A0000
In clock cycle: 149046
Register Write to Reg: 0x03 Val: 0x100A0000
In clock cycle: 149047
Register Write to Reg: 0x04 Val: 0x00490008
In clock cycle: 149050
Register Write to Reg: 0x04 Val: 0x00490018
In clock cycle: 149053
Register Write to Reg: 0x04 Val: 0x00490020
In clock cycle: 149056
Register Write to Reg: 0x01 Val: 0x00490018
In clock cycle: 149059
Register Write to Reg: 0x05 Val: 0x00000001
In clock cycle: 149060
Register Write to Reg: 0x04 Val: 0x00490034
In clock cycle: 149063
Register Write to Reg: 0x01 Val: 0x00490028
In clock cycle: 149065
Memory Write to Addr: 0x100A0000 Val: 0x00000001
In clock cycle: 150078
Register Write to Reg: 0x03 Val: 0x100A1000
In clock cycle: 150081
Register Write to Reg: 0x03 Val: 0x100A1000
In clock cycle: 150082
Register Write to Reg: 0x04 Val: 0x00491008
In clock cycle: 150085
Register Write to Reg: 0x04 Val: 0x00491018
In clock cycle: 150088
Register Write to Reg: 0x04 Val: 0x00491020
In clock cycle: 150091
Register Write to Reg: 0x01 Val: 0x00491018
In clock cycle: 150094
Register Write to Reg: 0x05 Val: 0x00000001
In clock cycle: 150095
Register Write to Reg: 0x04 Val: 0x00491034
In clock cycle: 150098
Register Write to Reg: 0x01 Val: 0x00491028
In clock cycle: 150100
Memory Write to Addr: 0x100A1000 Val: 0x00000001
In clock cycle: 151113
Register Write to Reg: 0x03 Val: 0x100A2000
In clock cycle: 151116
Register Write to Reg: 0x03 Val: 0x100A2000
In clock cycle: 151117
Register Write to Reg: 0x04 Val: 0x00492008
In clock cycle: 151120
Register Write to Reg: 0x04 Val: 0x00492018
In clock cycle: 151123
Register Write to Reg: 0x04 Val: 0x00492020
In clock cycle: 151126
Register Write to Reg: 0x01 Val: 0x00492018
In clock cycle: 151129
Register Write to Reg: 0x05 Val: 0x00000001
In clock cycle: 151130
Register Write to Reg: 0x04 Val: 0x00492034
In clock cycle: 151133
Register Write to Reg: 0x01 Val: 0x00492028
In clock cycle: 151135
Memory Write to Addr: 0x100A2000 Val: 0x00000001
In clock cycle: 152148
Register Write to Reg: 0x03 Val: 0x100A3000
In clock cycle: 152151
Register Write to Reg: 0x03 Val: 0x100A3000
In clock cycle: 152152
Register Write to Reg: 0x04 Val: 0x00493008
In clock cycle: 152155
Register Write to Reg: 0x04 Val: 0x00493018
In clock cycle: 152158
Register Write to Reg: 0x04 Val: 0x00493020
In clock cycle: 152161
Register Write to Reg: 0x01 Val: 0x00493018
In clock cycle: 152164
Register Write to Reg: 0x05 Val: 0x00000001
In clock cycle: 152165
Register Write to Reg: 0x04 Val: 0x00493034
In clock cycle: 152168
Register Write to Reg: 0x01 Val: 0x00493028
In clock cycle: 152170
Memory Write to Addr: 0x100A3000 Val: 0x00000001
In clock cycle: 153183
Register Write to Reg: 0x03 Val: 0x100A4000
In clock cycle: 153186
Register Write to Reg: 0x03 Val: 0x100A4000
In clock cycle: 153187
Register Write to Reg: 0x04 Val: 0x00494008
In clock cycle: 153190
Register Write to Reg: 0x04 Val: 0x00494018
In clock cycle: 153193
Register Write to Reg: 0x04 Val: 0x00494020
In clock cycle: 153196
Register Write to Reg: 0x01 Val: 0x00494018
In clock cycle: 153199
Register Write to Reg: 0x05 Val: 0x00000001
In clock cycle: 153200
Register Write to Reg: 0x04 Val: 0x00494034
In clock cycle: 153203
Register Write to Reg: 0x01 Val: 0x00494028
In clock cycle: 153205
Memory Write to Addr: 0x100A4000 Val: 0x00000001
In clock cycle: 154218
Register Write to Reg: 0x03 Val: 0x100A5000
In clock cycle: 154221
Register Write to Reg: 0x03 Val: 0x100A5000
In clock cycle: 154222
Register Write to Reg: 0x04 Val: 0x00495008
In clock cycle: 154225
Register Write to Reg: 0x04 Val: 0x00495018
In clock cycle: 154228
Register Write to Reg: 0x04 Val: 0x00495020
In clock cycle: 154231
Register Write to Reg: 0x01 Val: 0x00495018
In clock cycle: 154234
Register Write to Reg: 0x05 Val: 0x00000001
In clock cycle: 154235
Register Write to Reg: 0x04 Val: 0x00495034
In clock cycle: 154238
Register Write to Reg: 0x01 Val: 0x00495028
In clock cycle: 154240
Memory Write to Addr: 0x100A5000 Val: 0x00000001
In clock cycle: 155253
Register Write to Reg: 0x03 Val: 0x100A6000
In clock cycle: 155256
Register Write to Reg: 0x03 Val: 0x100A6000
In clock cycle: 155257
Register Write to Reg: 0x04 Val: 0x00496008
In clock cycle: 155260
Register Write to Reg: 0x04 Val: 0x00496018
In clock cycle: 155263
Register Write to Reg: 0x04 Val: 0x00496020
In clock cycle: 155266
Register Write to Reg: 0x01 Val: 0x00496018
In clock cycle: 155269
Register Write to Reg: 0x05 Val: 0x00000001
In clock cycle: 155270
Register Write to Reg: 0x04 Val: 0x00496034
In clock cycle: 155273
Register Write to Reg: 0x01 Val: 0x00496028
In clock cycle: 155275
Memory Write to Addr: 0x100A6000 Val: 0x00000001
In clock cycle: 156288
Register Write to Reg: 0x03 Val: 0x100A7000
In clock cycle: 156291
Register Write to Reg: 0x03 Val: 0x100A7000
In clock cycle: 156292
Register Write to Reg: 0x04 Val: 0x00497008
In clock cycle: 156295
Register Write to Reg: 0x04 Val: 0x00497018
In clock cycle: 156298
Register Write to Reg: 0x04 Val: 0x00497020
In clock cycle: 156301
Register Write to Reg: 0x01 Val: 0x00497018
In clock cycle: 156304
Register Write to Reg: 0x05 Val: 0x00000001
In clock cycle: 156305
Register Write to Reg: 0x04 Val: 0x00497034
In clock cycle: 156308
Register Write to Reg: 0x01 Val: 0x00497028
In clock cycle: 156310
Memory Write to Addr: 0x100A7000 Val: 0x00000001
In clock cycle: 157323
Register Write to Reg: 0x03 Val: 0x100A8000
In clock cycle: 157326
Register Write to Reg: 0x03 Val: 0x100A8000
In clock cycle: 157327
Register Write to Reg: 0x04 Val: 0x00498008
In clock cycle: 157330
Register Write to Reg: 0x04 Val: 0x00498018
In clock cycle: 157333
Register Write to Reg: 0x04 Val: 0x00498020
In clock cycle: 157336
Register Write to Reg: 0x01 Val: 0x00498018
In clock cycle: 157339
Register Write to Reg: 0x05 Val: 0x00000001
In clock cycle: 157340
Register Write to Reg: 0x04 Val: 0x00498034
In clock cycle: 157343
Register Write to Reg: 0x01 Val: 0x00498028
In clock cycle: 157345
Memory Write to Addr: 0x100A8000 Val: 0x00000001
In clock cycle: 158358
Register Write to Reg: 0x03 Val: 0x100A9000
In clock cycle: 158361
Register Write to Reg: 0x03 Val: 0x100A9000
In clock cycle: 158362
Register Write to Reg: 0x04 Val: 0x00499008
In clock cycle: 158365
Register Write to Reg: 0x04 Val: 0x00499018
In clock cycle: 158368
Register Write to Reg: 0x04 Val: 0x00499020
In clock cycle: 158371
Register Write to Reg: 0x01 Val: 0x00499018
In clock cycle: 158374
Register Write to Reg: 0x05 Val: 0x00000001
In clock cycle: 158375
Register Write to Reg: 0x04 Val: 0x00499034
In clock cycle: 158378
Register Write to Reg: 0x01 Val: 0x00499028
In clock cycle: 158380
Memory Write to Addr: 0x100A9000 Val: 0x00000001
In clock cycle: 159393
Register Write to Reg: 0x03 Val: 0x100AA000
In clock cycle: 159396
Register Write to Reg: 0x03 Val: 0x100AA000
In clock cycle: 159397
Register Write to Reg: 0x04 Val: 0x0049A008
In clock cycle: 159400
Register Write to Reg: 0x04 Val: 0x0049A018
In clock cycle: 159403
Register Write to Reg: 0x04 Val: 0x0049A020
In clock cycle: 159406
Register Write to Reg: 0x01 Val: 0x0049A018
In clock cycle: 159409
Register Write to Reg: 0x05 Val: 0x00000001
In clock cycle: 159410
Register Write to Reg: 0x04 Val: 0x0049A034
In clock cycle: 159413
Register Write to Reg: 0x01 Val: 0x0049A028
In clock cycle: 159415
Memory Write to Addr: 0x100AA000 Val: 0x00000001
In clock cycle: 160428
Register Write to Reg: 0x03 Val: 0x100AB000
In clock cycle: 160431
Register Write to Reg: 0x03 Val: 0x100AB000
In clock cycle: 160432
Register Write to Reg: 0x04 Val: 0x0049B008
In clock cycle: 160435
Register Write to Reg: 0x04 Val: 0x0049B018
In clock cycle: 160438
Register Write to Reg: 0x04 Val: 0x0049B020
In clock cycle: 160441
Register Write to Reg: 0x01 Val: 0x0049B018
In clock cycle: 160444
Register Write to Reg: 0x05 Val: 0x00000001
In clock cycle: 160445
Register Write to Reg: 0x04 Val: 0x0049B034
In clock cycle: 160448
Register Write to Reg: 0x01 Val: 0x0049B028
In clock cycle: 160450
Memory Write to Addr: 0x100AB000 Val: 0x00000001
In clock cycle: 161463
Register Write to Reg: 0x03 Val: 0x100AC000
In clock cycle: 161466
Register Write to Reg: 0x03 Val: 0x100AC000
In clock cycle: 161467
Register Write to Reg: 0x04 Val: 0x0049C008
In clock cycle: 161470
Register Write to Reg: 0x04 Val: 0x0049C018
In clock cycle: 161473
Register Write to Reg: 0x04 Val: 0x0049C020
In clock cycle: 161476
Register Write to Reg: 0x01 Val: 0x0049C018
In clock cycle: 161479
Register Write to Reg: 0x05 Val: 0x00000001
In clock cycle: 161480
Register Write to Reg: 0x04 Val: 0x0049C034
In clock cycle: 161483
Register Write to Reg: 0x01 Val: 0x0049C028
In clock cycle: 161485
Memory Write to Addr: 0x100AC000 Val: 0x00000001
In clock cycle: 162498
Register Write to Reg: 0x03 Val: 0x100AD000
In clock cycle: 162501
Register Write to Reg: 0x03 Val: 0x100AD000
In clock cycle: 162502
Register Write to Reg: 0x04 Val: 0x0049D008
In clock cycle: 162505
Register Write to Reg: 0x04 Val: 0x0049D018
In clock cycle: 162508
Register Write to Reg: 0x04 Val: 0x0049D020
In clock cycle: 162511
Register Write to Reg: 0x01 Val: 0x0049D018
In clock cycle: 162514
Register Write to Reg: 0x05 Val: 0x00000001
In clock cycle: 162515
Register Write to Reg: 0x04 Val: 0x0049D034
In clock cycle: 162518
Register Write to Reg: 0x01 Val: 0x0049D028
In clock cycle: 162520
Memory Write to Addr: 0x100AD000 Val: 0x00000001
In clock cycle: 163533
Register Write to Reg: 0x03 Val: 0x100AE000
In clock cycle: 163536
Register Write to Reg: 0x03 Val: 0x100AE000
In clock cycle: 163537
Register Write to Reg: 0x04 Val: 0x0049E008
In clock cycle: 163540
Register Write to Reg: 0x04 Val: 0x0049E018
In clock cycle: 163543
Register Write to Reg: 0x04 Val: 0x0049E020
In clock cycle: 163546
Register Write to Reg: 0x01 Val: 0x0049E018
In clock cycle: 163549
Register Write to Reg: 0x05 Val: 0x00000001
In clock cycle: 163550
Register Write to Reg: 0x04 Val: 0x0049E034
In clock cycle: 163553
Register Write to Reg: 0x01 Val: 0x0049E028
In clock cycle: 163555
Memory Write to Addr: 0x100AE000 Val: 0x00000001
In clock cycle: 164568
Register Write to Reg: 0x03 Val: 0x100AF000
In clock cycle: 164571
Register Write to Reg: 0x03 Val: 0x100AF000
In clock cycle: 164572
Register Write to Reg: 0x04 Val: 0x0049F008
In clock cycle: 164575
Register Write to Reg: 0x04 Val: 0x0049F018
In clock cycle: 164578
Register Write to Reg: 0x04 Val: 0x0049F020
In clock cycle: 164581
Register Write to Reg: 0x01 Val: 0x0049F018
In clock cycle: 164584
Register Write to Reg: 0x05 Val: 0x00000001
In clock cycle: 164585
Register Write to Reg: 0x04 Val: 0x0049F034
In clock cycle: 164588
Register Write to Reg: 0x01 Val: 0x0049F028
In clock cycle: 164590
Memory Write to Addr: 0x100AF000 Val: 0x00000001
In clock cycle: 165603
Register Write to Reg: 0x03 Val: 0x100B0000
In clock cycle: 165606
Register Write to Reg: 0x03 Val: 0x100B0000
In clock cycle: 165607
Register Write to Reg: 0x04 Val: 0x004A0008
In clock cycle: 165610
Register Write to Reg: 0x04 Val: 0x004A0018
In clock cycle: 165613
Register Write to Reg: 0x04 Val: 0x004A0020
In clock cycle: 165616
Register Write to Reg: 0x01 Val: 0x004A0018
In clock cycle: 165619
Register Write to Reg: 0x05 Val: 0x00000001
In clock cycle: 165620
Register Write to Reg: 0x04 Val: 0x004A0034
In clock cycle: 165623
Register Write to Reg: 0x01 Val: 0x004A0028
In clock cycle: 165625
Memory Write to Addr: 0x100B0000 Val: 0x00000001
In clock cycle: 166638
Register Write to Reg: 0x03 Val: 0x100B1000
In clock cycle: 166641
Register Write to Reg: 0x03 Val: 0x100B1000
In clock cycle: 166642
Register Write to Reg: 0x04 Val: 0x004A1008
In clock cycle: 166645
Register Write to Reg: 0x04 Val: 0x004A1018
In clock cycle: 166648
Register Write to Reg: 0x04 Val: 0x004A1020
In clock cycle: 166651
Register Write to Reg: 0x01 Val: 0x004A1018
In clock cycle: 166654
Register Write to Reg: 0x05 Val: 0x00000001
In clock cycle: 166655
Register Write to Reg: 0x04 Val: 0x004A1034
In clock cycle: 166658
Register Write to Reg: 0x01 Val: 0x004A1028
In clock cycle: 166660
Memory Write to Addr: 0x100B1000 Val: 0x00000001
In clock cycle: 167673
Register Write to Reg: 0x03 Val: 0x100B2000
In clock cycle: 167676
Register Write to Reg: 0x03 Val: 0x100B2000
In clock cycle: 167677
Register Write to Reg: 0x04 Val: 0x004A2008
In clock cycle: 167680
Register Write to Reg: 0x04 Val: 0x004A2018
In clock cycle: 167683
Register Write to Reg: 0x04 Val: 0x004A2020
In clock cycle: 167686
Register Write to Reg: 0x01 Val: 0x004A2018
In clock cycle: 167689
Register Write to Reg: 0x05 Val: 0x00000001
In clock cycle: 167690
Register Write to Reg: 0x04 Val: 0x004A2034
In clock cycle: 167693
Register Write to Reg: 0x01 Val: 0x004A2028
In clock cycle: 167695
Memory Write to Addr: 0x100B2000 Val: 0x00000001
In clock cycle: 168708
Register Write to Reg: 0x03 Val: 0x100B3000
In clock cycle: 168711
Register Write to Reg: 0x03 Val: 0x100B3000
In clock cycle: 168712
Register Write to Reg: 0x04 Val: 0x004A3008
In clock cycle: 168715
Register Write to Reg: 0x04 Val: 0x004A3018
In clock cycle: 168718
Register Write to Reg: 0x04 Val: 0x004A3020
In clock cycle: 168721
Register Write to Reg: 0x01 Val: 0x004A3018
In clock cycle: 168724
Register Write to Reg: 0x05 Val: 0x00000001
In clock cycle: 168725
Register Write to Reg: 0x04 Val: 0x004A3034
In clock cycle: 168728
Register Write to Reg: 0x01 Val: 0x004A3028
In clock cycle: 168730
Memory Write to Addr: 0x100B3000 Val: 0x00000001
In clock cycle: 169743
Register Write to Reg: 0x03 Val: 0x100B4000
In clock cycle: 169746
Register Write to Reg: 0x03 Val: 0x100B4000
In clock cycle: 169747
Register Write to Reg: 0x04 Val: 0x004A4008
In clock cycle: 169750
Register Write to Reg: 0x04 Val: 0x004A4018
In clock cycle: 169753
Register Write to Reg: 0x04 Val: 0x004A4020
In clock cycle: 169756
Register Write to Reg: 0x01 Val: 0x004A4018
In clock cycle: 169759
Register Write to Reg: 0x05 Val: 0x00000001
In clock cycle: 169760
Register Write to Reg: 0x04 Val: 0x004A4034
In clock cycle: 169763
Register Write to Reg: 0x01 Val: 0x004A4028
In clock cycle: 169765
Memory Write to Addr: 0x100B4000 Val: 0x00000001
In clock cycle: 170778
Register Write to Reg: 0x03 Val: 0x100B5000
In clock cycle: 170781
Register Write to Reg: 0x03 Val: 0x100B5000
In clock cycle: 170782
Register Write to Reg: 0x04 Val: 0x004A5008
In clock cycle: 170785
Register Write to Reg: 0x04 Val: 0x004A5018
In clock cycle: 170788
Register Write to Reg: 0x04 Val: 0x004A5020
In clock cycle: 170791
Register Write to Reg: 0x01 Val: 0x004A5018
In clock cycle: 170794
Register Write to Reg: 0x05 Val: 0x00000001
In clock cycle: 170795
Register Write to Reg: 0x04 Val: 0x004A5034
In clock cycle: 170798
Register Write to Reg: 0x01 Val: 0x004A5028
In clock cycle: 170800
Memory Write to Addr: 0x100B5000 Val: 0x00000001
In clock cycle: 171813
Register Write to Reg: 0x03 Val: 0x100B6000
In clock cycle: 171816
Register Write to Reg: 0x03 Val: 0x100B6000
In clock cycle: 171817
Register Write to Reg: 0x04 Val: 0x004A6008
In clock cycle: 171820
Register Write to Reg: 0x04 Val: 0x004A6018
In clock cycle: 171823
Register Write to Reg: 0x04 Val: 0x004A6020
In clock cycle: 171826
Register Write to Reg: 0x01 Val: 0x004A6018
In clock cycle: 171829
Register Write to Reg: 0x05 Val: 0x00000001
In clock cycle: 171830
Register Write to Reg: 0x04 Val: 0x004A6034
In clock cycle: 171833
Register Write to Reg: 0x01 Val: 0x004A6028
In clock cycle: 171835
Memory Write to Addr: 0x100B6000 Val: 0x00000001
In clock cycle: 172848
Register Write to Reg: 0x03 Val: 0x100B7000
In clock cycle: 172851
Register Write to Reg: 0x03 Val: 0x100B7000
In clock cycle: 172852
Register Write to Reg: 0x04 Val: 0x004A7008
In clock cycle: 172855
Register Write to Reg: 0x04 Val: 0x004A7018
In clock cycle: 172858
Register Write to Reg: 0x04 Val: 0x004A7020
In clock cycle: 172861
Register Write to Reg: 0x01 Val: 0x004A7018
In clock cycle: 172864
Register Write to Reg: 0x05 Val: 0x00000001
In clock cycle: 172865
Register Write to Reg: 0x04 Val: 0x004A7034
In clock cycle: 172868
Register Write to Reg: 0x01 Val: 0x004A7028
In clock cycle: 172870
Memory Write to Addr: 0x100B7000 Val: 0x00000001
In clock cycle: 173883
Register Write to Reg: 0x03 Val: 0x100B8000
In clock cycle: 173886
Register Write to Reg: 0x03 Val: 0x100B8000
In clock cycle: 173887
Register Write to Reg: 0x04 Val: 0x004A8008
In clock cycle: 173890
Register Write to Reg: 0x04 Val: 0x004A8018
In clock cycle: 173893
Register Write to Reg: 0x04 Val: 0x004A8020
In clock cycle: 173896
Register Write to Reg: 0x01 Val: 0x004A8018
In clock cycle: 173899
Register Write to Reg: 0x05 Val: 0x00000001
In clock cycle: 173900
Register Write to Reg: 0x04 Val: 0x004A8034
In clock cycle: 173903
Register Write to Reg: 0x01 Val: 0x004A8028
In clock cycle: 173905
Memory Write to Addr: 0x100B8000 Val: 0x00000001
In clock cycle: 174918
Register Write to Reg: 0x03 Val: 0x100B9000
In clock cycle: 174921
Register Write to Reg: 0x03 Val: 0x100B9000
In clock cycle: 174922
Register Write to Reg: 0x04 Val: 0x004A9008
In clock cycle: 174925
Register Write to Reg: 0x04 Val: 0x004A9018
In clock cycle: 174928
Register Write to Reg: 0x04 Val: 0x004A9020
In clock cycle: 174931
Register Write to Reg: 0x01 Val: 0x004A9018
In clock cycle: 174934
Register Write to Reg: 0x05 Val: 0x00000001
In clock cycle: 174935
Register Write to Reg: 0x04 Val: 0x004A9034
In clock cycle: 174938
Register Write to Reg: 0x01 Val: 0x004A9028
In clock cycle: 174940
Memory Write to Addr: 0x100B9000 Val: 0x00000001
In clock cycle: 175953
Register Write to Reg: 0x03 Val: 0x100BA000
In clock cycle: 175956
Register Write to Reg: 0x03 Val: 0x100BA000
In clock cycle: 175957
Register Write to Reg: 0x04 Val: 0x004AA008
In clock cycle: 175960
Register Write to Reg: 0x04 Val: 0x004AA018
In clock cycle: 175963
Register Write to Reg: 0x04 Val: 0x004AA020
In clock cycle: 175966
Register Write to Reg: 0x01 Val: 0x004AA018
In clock cycle: 175969
Register Write to Reg: 0x05 Val: 0x00000001
In clock cycle: 175970
Register Write to Reg: 0x04 Val: 0x004AA034
In clock cycle: 175973
Register Write to Reg: 0x01 Val: 0x004AA028
In clock cycle: 175975
Memory Write to Addr: 0x100BA000 Val: 0x00000001
In clock cycle: 176988
Register Write to Reg: 0x03 Val: 0x100BB000
In clock cycle: 176991
Register Write to Reg: 0x03 Val: 0x100BB000
In clock cycle: 176992
Register Write to Reg: 0x04 Val: 0x004AB008
In clock cycle: 176995
Register Write to Reg: 0x04 Val: 0x004AB018
In clock cycle: 176998
Register Write to Reg: 0x04 Val: 0x004AB020
In clock cycle: 177001
Register Write to Reg: 0x01 Val: 0x004AB018
In clock cycle: 177004
Register Write to Reg: 0x05 Val: 0x00000001
In clock cycle: 177005
Register Write to Reg: 0x04 Val: 0x004AB034
In clock cycle: 177008
Register Write to Reg: 0x01 Val: 0x004AB028
In clock cycle: 177010
Memory Write to Addr: 0x100BB000 Val: 0x00000001
In clock cycle: 178023
Register Write to Reg: 0x03 Val: 0x100BC000
In clock cycle: 178026
Register Write to Reg: 0x03 Val: 0x100BC000
In clock cycle: 178027
Register Write to Reg: 0x04 Val: 0x004AC008
In clock cycle: 178030
Register Write to Reg: 0x04 Val: 0x004AC018
In clock cycle: 178033
Register Write to Reg: 0x04 Val: 0x004AC020
In clock cycle: 178036
Register Write to Reg: 0x01 Val: 0x004AC018
In clock cycle: 178039
Register Write to Reg: 0x05 Val: 0x00000001
In clock cycle: 178040
Register Write to Reg: 0x04 Val: 0x004AC034
In clock cycle: 178043
Register Write to Reg: 0x01 Val: 0x004AC028
In clock cycle: 178045
Memory Write to Addr: 0x100BC000 Val: 0x00000001
In clock cycle: 179058
Register Write to Reg: 0x03 Val: 0x100BD000
In clock cycle: 179061
Register Write to Reg: 0x03 Val: 0x100BD000
In clock cycle: 179062
Register Write to Reg: 0x04 Val: 0x004AD008
In clock cycle: 179065
Register Write to Reg: 0x04 Val: 0x004AD018
In clock cycle: 179068
Register Write to Reg: 0x04 Val: 0x004AD020
In clock cycle: 179071
Register Write to Reg: 0x01 Val: 0x004AD018
In clock cycle: 179074
Register Write to Reg: 0x05 Val: 0x00000001
In clock cycle: 179075
Register Write to Reg: 0x04 Val: 0x004AD034
In clock cycle: 179078
Register Write to Reg: 0x01 Val: 0x004AD028
In clock cycle: 179080
Memory Write to Addr: 0x100BD000 Val: 0x00000001
In clock cycle: 180093
Register Write to Reg: 0x03 Val: 0x100BE000
In clock cycle: 180096
Register Write to Reg: 0x03 Val: 0x100BE000
In clock cycle: 180097
Register Write to Reg: 0x04 Val: 0x004AE008
In clock cycle: 180100
Register Write to Reg: 0x04 Val: 0x004AE018
In clock cycle: 180103
Register Write to Reg: 0x04 Val: 0x004AE020
In clock cycle: 180106
Register Write to Reg: 0x01 Val: 0x004AE018
In clock cycle: 180109
Register Write to Reg: 0x05 Val: 0x00000001
In clock cycle: 180110
Register Write to Reg: 0x04 Val: 0x004AE034
In clock cycle: 180113
Register Write to Reg: 0x01 Val: 0x004AE028
In clock cycle: 180115
Memory Write to Addr: 0x100BE000 Val: 0x00000001
In clock cycle: 181128
Register Write to Reg: 0x03 Val: 0x100BF000
In clock cycle: 181131
Register Write to Reg: 0x03 Val: 0x100BF000
In clock cycle: 181132
Register Write to Reg: 0x04 Val: 0x004AF008
In clock cycle: 181135
Register Write to Reg: 0x04 Val: 0x004AF018
In clock cycle: 181138
Register Write to Reg: 0x04 Val: 0x004AF020
In clock cycle: 181141
Register Write to Reg: 0x01 Val: 0x004AF018
In clock cycle: 181144
Register Write to Reg: 0x05 Val: 0x00000001
In clock cycle: 181145
Register Write to Reg: 0x04 Val: 0x004AF034
In clock cycle: 181148
Register Write to Reg: 0x01 Val: 0x004AF028
In clock cycle: 181150
Memory Write to Addr: 0x100BF000 Val: 0x00000001
In clock cycle: 182163
Register Write to Reg: 0x03 Val: 0x100C0000
In clock cycle: 182166
Register Write to Reg: 0x03 Val: 0x100C0000
In clock cycle: 182167
Register Write to Reg: 0x04 Val: 0x004B0008
In clock cycle: 182170
Register Write to Reg: 0x04 Val: 0x004B0018
In clock cycle: 182173
Register Write to Reg: 0x04 Val: 0x004B0020
In clock cycle: 182176
Register Write to Reg: 0x01 Val: 0x004B0018
In clock cycle: 182179
Register Write to Reg: 0x05 Val: 0x00000001
In clock cycle: 182180
Register Write to Reg: 0x04 Val: 0x004B0034
In clock cycle: 182183
Register Write to Reg: 0x01 Val: 0x004B0028
In clock cycle: 182185
Memory Write to Addr: 0x100C0000 Val: 0x00000001
In clock cycle: 183198
Register Write to Reg: 0x03 Val: 0x100C1000
In clock cycle: 183201
Register Write to Reg: 0x03 Val: 0x100C1000
In clock cycle: 183202
Register Write to Reg: 0x04 Val: 0x004B1008
In clock cycle: 183205
Register Write to Reg: 0x04 Val: 0x004B1018
In clock cycle: 183208
Register Write to Reg: 0x04 Val: 0x004B1020
In clock cycle: 183211
Register Write to Reg: 0x01 Val: 0x004B1018
In clock cycle: 183214
Register Write to Reg: 0x05 Val: 0x00000001
In clock cycle: 183215
Register Write to Reg: 0x04 Val: 0x004B1034
In clock cycle: 183218
Register Write to Reg: 0x01 Val: 0x004B1028
In clock cycle: 183220
Memory Write to Addr: 0x100C1000 Val: 0x00000001
In clock cycle: 184233
Register Write to Reg: 0x03 Val: 0x100C2000
In clock cycle: 184236
Register Write to Reg: 0x03 Val: 0x100C2000
In clock cycle: 184237
Register Write to Reg: 0x04 Val: 0x004B2008
In clock cycle: 184240
Register Write to Reg: 0x04 Val: 0x004B2018
In clock cycle: 184243
Register Write to Reg: 0x04 Val: 0x004B2020
In clock cycle: 184246
Register Write to Reg: 0x01 Val: 0x004B2018
In clock cycle: 184249
Register Write to Reg: 0x05 Val: 0x00000001
In clock cycle: 184250
Register Write to Reg: 0x04 Val: 0x004B2034
In clock cycle: 184253
Register Write to Reg: 0x01 Val: 0x004B2028
In clock cycle: 184255
Memory Write to Addr: 0x100C2000 Val: 0x00000001
In clock cycle: 185268
Register Write to Reg: 0x03 Val: 0x100C3000
In clock cycle: 185271
Register Write to Reg: 0x03 Val: 0x100C3000
In clock cycle: 185272
Register Write to Reg: 0x04 Val: 0x004B3008
In clock cycle: 185275
Register Write to Reg: 0x04 Val: 0x004B3018
In clock cycle: 185278
Register Write to Reg: 0x04 Val: 0x004B3020
In clock cycle: 185281
Register Write to Reg: 0x01 Val: 0x004B3018
In clock cycle: 185284
Register Write to Reg: 0x05 Val: 0x00000001
In clock cycle: 185285
Register Write to Reg: 0x04 Val: 0x004B3034
In clock cycle: 185288
Register Write to Reg: 0x01 Val: 0x004B3028
In clock cycle: 185290
Memory Write to Addr: 0x100C3000 Val: 0x00000001
In clock cycle: 186303
Register Write to Reg: 0x03 Val: 0x100C4000
In clock cycle: 186306
Register Write to Reg: 0x03 Val: 0x100C4000
In clock cycle: 186307
Register Write to Reg: 0x04 Val: 0x004B4008
In clock cycle: 186310
Register Write to Reg: 0x04 Val: 0x004B4018
In clock cycle: 186313
Register Write to Reg: 0x04 Val: 0x004B4020
In clock cycle: 186316
Register Write to Reg: 0x01 Val: 0x004B4018
In clock cycle: 186319
Register Write to Reg: 0x05 Val: 0x00000001
In clock cycle: 186320
Register Write to Reg: 0x04 Val: 0x004B4034
In clock cycle: 186323
Register Write to Reg: 0x01 Val: 0x004B4028
In clock cycle: 186325
Memory Write to Addr: 0x100C4000 Val: 0x00000001
In clock cycle: 187338
Register Write to Reg: 0x03 Val: 0x100C5000
In clock cycle: 187341
Register Write to Reg: 0x03 Val: 0x100C5000
In clock cycle: 187342
Register Write to Reg: 0x04 Val: 0x004B5008
In clock cycle: 187345
Register Write to Reg: 0x04 Val: 0x004B5018
In clock cycle: 187348
Register Write to Reg: 0x04 Val: 0x004B5020
In clock cycle: 187351
Register Write to Reg: 0x01 Val: 0x004B5018
In clock cycle: 187354
Register Write to Reg: 0x05 Val: 0x00000001
In clock cycle: 187355
Register Write to Reg: 0x04 Val: 0x004B5034
In clock cycle: 187358
Register Write to Reg: 0x01 Val: 0x004B5028
In clock cycle: 187360
Memory Write to Addr: 0x100C5000 Val: 0x00000001
In clock cycle: 188373
Register Write to Reg: 0x03 Val: 0x100C6000
In clock cycle: 188376
Register Write to Reg: 0x03 Val: 0x100C6000
In clock cycle: 188377
Register Write to Reg: 0x04 Val: 0x004B6008
In clock cycle: 188380
Register Write to Reg: 0x04 Val: 0x004B6018
In clock cycle: 188383
Register Write to Reg: 0x04 Val: 0x004B6020
In clock cycle: 188386
Register Write to Reg: 0x01 Val: 0x004B6018
In clock cycle: 188389
Register Write to Reg: 0x05 Val: 0x00000001
In clock cycle: 188390
Register Write to Reg: 0x04 Val: 0x004B6034
In clock cycle: 188393
Register Write to Reg: 0x01 Val: 0x004B6028
In clock cycle: 188395
Memory Write to Addr: 0x100C6000 Val: 0x00000001
In clock cycle: 189408
Register Write to Reg: 0x03 Val: 0x100C7000
In clock cycle: 189411
Register Write to Reg: 0x03 Val: 0x100C7000
In clock cycle: 189412
Register Write to Reg: 0x04 Val: 0x004B7008
In clock cycle: 189415
Register Write to Reg: 0x04 Val: 0x004B7018
In clock cycle: 189418
Register Write to Reg: 0x04 Val: 0x004B7020
In clock cycle: 189421
Register Write to Reg: 0x01 Val: 0x004B7018
In clock cycle: 189424
Register Write to Reg: 0x05 Val: 0x00000001
In clock cycle: 189425
Register Write to Reg: 0x04 Val: 0x004B7034
In clock cycle: 189428
Register Write to Reg: 0x01 Val: 0x004B7028
In clock cycle: 189430
Memory Write to Addr: 0x100C7000 Val: 0x00000001
In clock cycle: 190443
Register Write to Reg: 0x03 Val: 0x100C8000
In clock cycle: 190446
Register Write to Reg: 0x03 Val: 0x100C8000
In clock cycle: 190447
Register Write to Reg: 0x04 Val: 0x004B8008
In clock cycle: 190450
Register Write to Reg: 0x04 Val: 0x004B8018
In clock cycle: 190453
Register Write to Reg: 0x04 Val: 0x004B8020
In clock cycle: 190456
Register Write to Reg: 0x01 Val: 0x004B8018
In clock cycle: 190459
Register Write to Reg: 0x05 Val: 0x00000001
In clock cycle: 190460
Register Write to Reg: 0x04 Val: 0x004B8034
In clock cycle: 190463
Register Write to Reg: 0x01 Val: 0x004B8028
In clock cycle: 190465
Memory Write to Addr: 0x100C8000 Val: 0x00000001
In clock cycle: 191478
Register Write to Reg: 0x03 Val: 0x100C9000
In clock cycle: 191481
Register Write to Reg: 0x03 Val: 0x100C9000
In clock cycle: 191482
Register Write to Reg: 0x04 Val: 0x004B9008
In clock cycle: 191485
Register Write to Reg: 0x04 Val: 0x004B9018
In clock cycle: 191488
Register Write to Reg: 0x04 Val: 0x004B9020
In clock cycle: 191491
Register Write to Reg: 0x01 Val: 0x004B9018
In clock cycle: 191494
Register Write to Reg: 0x05 Val: 0x00000001
In clock cycle: 191495
Register Write to Reg: 0x04 Val: 0x004B9034
In clock cycle: 191498
Register Write to Reg: 0x01 Val: 0x004B9028
In clock cycle: 191500
Memory Write to Addr: 0x100C9000 Val: 0x00000001
In clock cycle: 192513
Register Write to Reg: 0x03 Val: 0x100CA000
In clock cycle: 192516
Register Write to Reg: 0x03 Val: 0x100CA000
In clock cycle: 192517
Register Write to Reg: 0x04 Val: 0x004BA008
In clock cycle: 192520
Register Write to Reg: 0x04 Val: 0x004BA018
In clock cycle: 192523
Register Write to Reg: 0x04 Val: 0x004BA020
In clock cycle: 192526
Register Write to Reg: 0x01 Val: 0x004BA018
In clock cycle: 192529
Register Write to Reg: 0x05 Val: 0x00000001
In clock cycle: 192530
Register Write to Reg: 0x04 Val: 0x004BA034
In clock cycle: 192533
Register Write to Reg: 0x01 Val: 0x004BA028
In clock cycle: 192535
Memory Write to Addr: 0x100CA000 Val: 0x00000001
In clock cycle: 193548
Register Write to Reg: 0x03 Val: 0x100CB000
In clock cycle: 193551
Register Write to Reg: 0x03 Val: 0x100CB000
In clock cycle: 193552
Register Write to Reg: 0x04 Val: 0x004BB008
In clock cycle: 193555
Register Write to Reg: 0x04 Val: 0x004BB018
In clock cycle: 193558
Register Write to Reg: 0x04 Val: 0x004BB020
In clock cycle: 193561
Register Write to Reg: 0x01 Val: 0x004BB018
In clock cycle: 193564
Register Write to Reg: 0x05 Val: 0x00000001
In clock cycle: 193565
Register Write to Reg: 0x04 Val: 0x004BB034
In clock cycle: 193568
Register Write to Reg: 0x01 Val: 0x004BB028
In clock cycle: 193570
Memory Write to Addr: 0x100CB000 Val: 0x00000001
In clock cycle: 194583
Register Write to Reg: 0x03 Val: 0x100CC000
In clock cycle: 194586
Register Write to Reg: 0x03 Val: 0x100CC000
In clock cycle: 194587
Register Write to Reg: 0x04 Val: 0x004BC008
In clock cycle: 194590
Register Write to Reg: 0x04 Val: 0x004BC018
In clock cycle: 194593
Register Write to Reg: 0x04 Val: 0x004BC020
In clock cycle: 194596
Register Write to Reg: 0x01 Val: 0x004BC018
In clock cycle: 194599
Register Write to Reg: 0x05 Val: 0x00000001
In clock cycle: 194600
Register Write to Reg: 0x04 Val: 0x004BC034
In clock cycle: 194603
Register Write to Reg: 0x01 Val: 0x004BC028
In clock cycle: 194605
Memory Write to Addr: 0x100CC000 Val: 0x00000001
In clock cycle: 195618
Register Write to Reg: 0x03 Val: 0x100CD000
In clock cycle: 195621
Register Write to Reg: 0x03 Val: 0x100CD000
In clock cycle: 195622
Register Write to Reg: 0x04 Val: 0x004BD008
In clock cycle: 195625
Register Write to Reg: 0x04 Val: 0x004BD018
In clock cycle: 195628
Register Write to Reg: 0x04 Val: 0x004BD020
In clock cycle: 195631
Register Write to Reg: 0x01 Val: 0x004BD018
In clock cycle: 195634
Register Write to Reg: 0x05 Val: 0x00000001
In clock cycle: 195635
Register Write to Reg: 0x04 Val: 0x004BD034
In clock cycle: 195638
Register Write to Reg: 0x01 Val: 0x004BD028
In clock cycle: 195640
Memory Write to Addr: 0x100CD000 Val: 0x00000001
In clock cycle: 196653
Register Write to Reg: 0x03 Val: 0x100CE000
In clock cycle: 196656
Register Write to Reg: 0x03 Val: 0x100CE000
In clock cycle: 196657
Register Write to Reg: 0x04 Val: 0x004BE008
In clock cycle: 196660
Register Write to Reg: 0x04 Val: 0x004BE018
In clock cycle: 196663
Register Write to Reg: 0x04 Val: 0x004BE020
In clock cycle: 196666
Register Write to Reg: 0x01 Val: 0x004BE018
In clock cycle: 196669
Register Write to Reg: 0x05 Val: 0x00000001
In clock cycle: 196670
Register Write to Reg: 0x04 Val: 0x004BE034
In clock cycle: 196673
Register Write to Reg: 0x01 Val: 0x004BE028
In clock cycle: 196675
Memory Write to Addr: 0x100CE000 Val: 0x00000001
In clock cycle: 197688
Register Write to Reg: 0x03 Val: 0x100CF000
In clock cycle: 197691
Register Write to Reg: 0x03 Val: 0x100CF000
In clock cycle: 197692
Register Write to Reg: 0x04 Val: 0x004BF008
In clock cycle: 197695
Register Write to Reg: 0x04 Val: 0x004BF018
In clock cycle: 197698
Register Write to Reg: 0x04 Val: 0x004BF020
In clock cycle: 197701
Register Write to Reg: 0x01 Val: 0x004BF018
In clock cycle: 197704
Register Write to Reg: 0x05 Val: 0x00000001
In clock cycle: 197705
Register Write to Reg: 0x04 Val: 0x004BF034
In clock cycle: 197708
Register Write to Reg: 0x01 Val: 0x004BF028
In clock cycle: 197710
Memory Write to Addr: 0x100CF000 Val: 0x00000001
In clock cycle: 198723
Register Write to Reg: 0x03 Val: 0x100D0000
In clock cycle: 198726
Register Write to Reg: 0x03 Val: 0x100D0000
In clock cycle: 198727
Register Write to Reg: 0x04 Val: 0x004C0008
In clock cycle: 198730
Register Write to Reg: 0x04 Val: 0x004C0018
In clock cycle: 198733
Register Write to Reg: 0x04 Val: 0x004C0020
In clock cycle: 198736
Register Write to Reg: 0x01 Val: 0x004C0018
In clock cycle: 198739
Register Write to Reg: 0x05 Val: 0x00000001
In clock cycle: 198740
Register Write to Reg: 0x04 Val: 0x004C0034
In clock cycle: 198743
Register Write to Reg: 0x01 Val: 0x004C0028
In clock cycle: 198745
Memory Write to Addr: 0x100D0000 Val: 0x00000001
In clock cycle: 199758
Register Write to Reg: 0x03 Val: 0x100D1000
In clock cycle: 199761
Register Write to Reg: 0x03 Val: 0x100D1000
In clock cycle: 199762
Register Write to Reg: 0x04 Val: 0x004C1008
In clock cycle: 199765
Register Write to Reg: 0x04 Val: 0x004C1018
In clock cycle: 199768
Register Write to Reg: 0x04 Val: 0x004C1020
In clock cycle: 199771
Register Write to Reg: 0x01 Val: 0x004C1018
In clock cycle: 199774
Register Write to Reg: 0x05 Val: 0x00000001
In clock cycle: 199775
Register Write to Reg: 0x04 Val: 0x004C1034
In clock cycle: 199778
Register Write to Reg: 0x01 Val: 0x004C1028
In clock cycle: 199780
Memory Write to Addr: 0x100D1000 Val: 0x00000001
In clock cycle: 200793
Register Write to Reg: 0x03 Val: 0x100D2000
In clock cycle: 200796
Register Write to Reg: 0x03 Val: 0x100D2000
In clock cycle: 200797
Register Write to Reg: 0x04 Val: 0x004C2008
In clock cycle: 200800
Register Write to Reg: 0x04 Val: 0x004C2018
In clock cycle: 200803
Register Write to Reg: 0x04 Val: 0x004C2020
In clock cycle: 200806
Register Write to Reg: 0x01 Val: 0x004C2018
In clock cycle: 200809
Register Write to Reg: 0x05 Val: 0x00000001
In clock cycle: 200810
Register Write to Reg: 0x04 Val: 0x004C2034
In clock cycle: 200813
Register Write to Reg: 0x01 Val: 0x004C2028
In clock cycle: 200815
Memory Write to Addr: 0x100D2000 Val: 0x00000001
In clock cycle: 201828
Register Write to Reg: 0x03 Val: 0x100D3000
In clock cycle: 201831
Register Write to Reg: 0x03 Val: 0x100D3000
In clock cycle: 201832
Register Write to Reg: 0x04 Val: 0x004C3008
In clock cycle: 201835
Register Write to Reg: 0x04 Val: 0x004C3018
In clock cycle: 201838
Register Write to Reg: 0x04 Val: 0x004C3020
In clock cycle: 201841
Register Write to Reg: 0x01 Val: 0x004C3018
In clock cycle: 201844
Register Write to Reg: 0x05 Val: 0x00000001
In clock cycle: 201845
Register Write to Reg: 0x04 Val: 0x004C3034
In clock cycle: 201848
Register Write to Reg: 0x01 Val: 0x004C3028
In clock cycle: 201850
Memory Write to Addr: 0x100D3000 Val: 0x00000001
In clock cycle: 202863
Register Write to Reg: 0x03 Val: 0x100D4000
In clock cycle: 202866
Register Write to Reg: 0x03 Val: 0x100D4000
In clock cycle: 202867
Register Write to Reg: 0x04 Val: 0x004C4008
In clock cycle: 202870
Register Write to Reg: 0x04 Val: 0x004C4018
In clock cycle: 202873
Register Write to Reg: 0x04 Val: 0x004C4020
In clock cycle: 202876
Register Write to Reg: 0x01 Val: 0x004C4018
In clock cycle: 202879
Register Write to Reg: 0x05 Val: 0x00000001
In clock cycle: 202880
Register Write to Reg: 0x04 Val: 0x004C4034
In clock cycle: 202883
Register Write to Reg: 0x01 Val: 0x004C4028
In clock cycle: 202885
Memory Write to Addr: 0x100D4000 Val: 0x00000001
In clock cycle: 203898
Register Write to Reg: 0x03 Val: 0x100D5000
In clock cycle: 203901
Register Write to Reg: 0x03 Val: 0x100D5000
In clock cycle: 203902
Register Write to Reg: 0x04 Val: 0x004C5008
In clock cycle: 203905
Register Write to Reg: 0x04 Val: 0x004C5018
In clock cycle: 203908
Register Write to Reg: 0x04 Val: 0x004C5020
In clock cycle: 203911
Register Write to Reg: 0x01 Val: 0x004C5018
In clock cycle: 203914
Register Write to Reg: 0x05 Val: 0x00000001
In clock cycle: 203915
Register Write to Reg: 0x04 Val: 0x004C5034
In clock cycle: 203918
Register Write to Reg: 0x01 Val: 0x004C5028
In clock cycle: 203920
Memory Write to Addr: 0x100D5000 Val: 0x00000001
In clock cycle: 204933
Register Write to Reg: 0x03 Val: 0x100D6000
In clock cycle: 204936
Register Write to Reg: 0x03 Val: 0x100D6000
In clock cycle: 204937
Register Write to Reg: 0x04 Val: 0x004C6008
In clock cycle: 204940
Register Write to Reg: 0x04 Val: 0x004C6018
In clock cycle: 204943
Register Write to Reg: 0x04 Val: 0x004C6020
In clock cycle: 204946
Register Write to Reg: 0x01 Val: 0x004C6018
In clock cycle: 204949
Register Write to Reg: 0x05 Val: 0x00000001
In clock cycle: 204950
Register Write to Reg: 0x04 Val: 0x004C6034
In clock cycle: 204953
Register Write to Reg: 0x01 Val: 0x004C6028
In clock cycle: 204955
Memory Write to Addr: 0x100D6000 Val: 0x00000001
In clock cycle: 205968
Register Write to Reg: 0x03 Val: 0x100D7000
In clock cycle: 205971
Register Write to Reg: 0x03 Val: 0x100D7000
In clock cycle: 205972
Register Write to Reg: 0x04 Val: 0x004C7008
In clock cycle: 205975
Register Write to Reg: 0x04 Val: 0x004C7018
In clock cycle: 205978
Register Write to Reg: 0x04 Val: 0x004C7020
In clock cycle: 205981
Register Write to Reg: 0x01 Val: 0x004C7018
In clock cycle: 205984
Register Write to Reg: 0x05 Val: 0x00000001
In clock cycle: 205985
Register Write to Reg: 0x04 Val: 0x004C7034
In clock cycle: 205988
Register Write to Reg: 0x01 Val: 0x004C7028
In clock cycle: 205990
Memory Write to Addr: 0x100D7000 Val: 0x00000001
In clock cycle: 207003
Register Write to Reg: 0x03 Val: 0x100D8000
In clock cycle: 207006
Register Write to Reg: 0x03 Val: 0x100D8000
In clock cycle: 207007
Register Write to Reg: 0x04 Val: 0x004C8008
In clock cycle: 207010
Register Write to Reg: 0x04 Val: 0x004C8018
In clock cycle: 207013
Register Write to Reg: 0x04 Val: 0x004C8020
In clock cycle: 207016
Register Write to Reg: 0x01 Val: 0x004C8018
In clock cycle: 207019
Register Write to Reg: 0x05 Val: 0x00000001
In clock cycle: 207020
Register Write to Reg: 0x04 Val: 0x004C8034
In clock cycle: 207023
Register Write to Reg: 0x01 Val: 0x004C8028
In clock cycle: 207025
Memory Write to Addr: 0x100D8000 Val: 0x00000001
In clock cycle: 208038
Register Write to Reg: 0x03 Val: 0x100D9000
In clock cycle: 208041
Register Write to Reg: 0x03 Val: 0x100D9000
In clock cycle: 208042
Register Write to Reg: 0x04 Val: 0x004C9008
In clock cycle: 208045
Register Write to Reg: 0x04 Val: 0x004C9018
In clock cycle: 208048
Register Write to Reg: 0x04 Val: 0x004C9020
In clock cycle: 208051
Register Write to Reg: 0x01 Val: 0x004C9018
In clock cycle: 208054
Register Write to Reg: 0x05 Val: 0x00000001
In clock cycle: 208055
Register Write to Reg: 0x04 Val: 0x004C9034
In clock cycle: 208058
Register Write to Reg: 0x01 Val: 0x004C9028
In clock cycle: 208060
Memory Write to Addr: 0x100D9000 Val: 0x00000001
In clock cycle: 209073
Register Write to Reg: 0x03 Val: 0x100DA000
In clock cycle: 209076
Register Write to Reg: 0x03 Val: 0x100DA000
In clock cycle: 209077
Register Write to Reg: 0x04 Val: 0x004CA008
In clock cycle: 209080
Register Write to Reg: 0x04 Val: 0x004CA018
In clock cycle: 209083
Register Write to Reg: 0x04 Val: 0x004CA020
In clock cycle: 209086
Register Write to Reg: 0x01 Val: 0x004CA018
In clock cycle: 209089
Register Write to Reg: 0x05 Val: 0x00000001
In clock cycle: 209090
Register Write to Reg: 0x04 Val: 0x004CA034
In clock cycle: 209093
Register Write to Reg: 0x01 Val: 0x004CA028
In clock cycle: 209095
Memory Write to Addr: 0x100DA000 Val: 0x00000001
In clock cycle: 210108
Register Write to Reg: 0x03 Val: 0x100DB000
In clock cycle: 210111
Register Write to Reg: 0x03 Val: 0x100DB000
In clock cycle: 210112
Register Write to Reg: 0x04 Val: 0x004CB008
In clock cycle: 210115
Register Write to Reg: 0x04 Val: 0x004CB018
In clock cycle: 210118
Register Write to Reg: 0x04 Val: 0x004CB020
In clock cycle: 210121
Register Write to Reg: 0x01 Val: 0x004CB018
In clock cycle: 210124
Register Write to Reg: 0x05 Val: 0x00000001
In clock cycle: 210125
Register Write to Reg: 0x04 Val: 0x004CB034
In clock cycle: 210128
Register Write to Reg: 0x01 Val: 0x004CB028
In clock cycle: 210130
Memory Write to Addr: 0x100DB000 Val: 0x00000001
In clock cycle: 211143
Register Write to Reg: 0x03 Val: 0x100DC000
In clock cycle: 211146
Register Write to Reg: 0x03 Val: 0x100DC000
In clock cycle: 211147
Register Write to Reg: 0x04 Val: 0x004CC008
In clock cycle: 211150
Register Write to Reg: 0x04 Val: 0x004CC018
In clock cycle: 211153
Register Write to Reg: 0x04 Val: 0x004CC020
In clock cycle: 211156
Register Write to Reg: 0x01 Val: 0x004CC018
In clock cycle: 211159
Register Write to Reg: 0x05 Val: 0x00000001
In clock cycle: 211160
Register Write to Reg: 0x04 Val: 0x004CC034
In clock cycle: 211163
Register Write to Reg: 0x01 Val: 0x004CC028
In clock cycle: 211165
Memory Write to Addr: 0x100DC000 Val: 0x00000001
In clock cycle: 212178
Register Write to Reg: 0x03 Val: 0x100DD000
In clock cycle: 212181
Register Write to Reg: 0x03 Val: 0x100DD000
In clock cycle: 212182
Register Write to Reg: 0x04 Val: 0x004CD008
In clock cycle: 212185
Register Write to Reg: 0x04 Val: 0x004CD018
In clock cycle: 212188
Register Write to Reg: 0x04 Val: 0x004CD020
In clock cycle: 212191
Register Write to Reg: 0x01 Val: 0x004CD018
In clock cycle: 212194
Register Write to Reg: 0x05 Val: 0x00000001
In clock cycle: 212195
Register Write to Reg: 0x04 Val: 0x004CD034
In clock cycle: 212198
Register Write to Reg: 0x01 Val: 0x004CD028
In clock cycle: 212200
Memory Write to Addr: 0x100DD000 Val: 0x00000001
In clock cycle: 213213
Register Write to Reg: 0x03 Val: 0x100DE000
In clock cycle: 213216
Register Write to Reg: 0x03 Val: 0x100DE000
In clock cycle: 213217
Register Write to Reg: 0x04 Val: 0x004CE008
In clock cycle: 213220
Register Write to Reg: 0x04 Val: 0x004CE018
In clock cycle: 213223
Register Write to Reg: 0x04 Val: 0x004CE020
In clock cycle: 213226
Register Write to Reg: 0x01 Val: 0x004CE018
In clock cycle: 213229
Register Write to Reg: 0x05 Val: 0x00000001
In clock cycle: 213230
Register Write to Reg: 0x04 Val: 0x004CE034
In clock cycle: 213233
Register Write to Reg: 0x01 Val: 0x004CE028
In clock cycle: 213235
Memory Write to Addr: 0x100DE000 Val: 0x00000001
In clock cycle: 214248
Register Write to Reg: 0x03 Val: 0x100DF000
In clock cycle: 214251
Register Write to Reg: 0x03 Val: 0x100DF000
In clock cycle: 214252
Register Write to Reg: 0x04 Val: 0x004CF008
In clock cycle: 214255
Register Write to Reg: 0x04 Val: 0x004CF018
In clock cycle: 214258
Register Write to Reg: 0x04 Val: 0x004CF020
In clock cycle: 214261
Register Write to Reg: 0x01 Val: 0x004CF018
In clock cycle: 214264
Register Write to Reg: 0x05 Val: 0x00000001
In clock cycle: 214265
Register Write to Reg: 0x04 Val: 0x004CF034
In clock cycle: 214268
Register Write to Reg: 0x01 Val: 0x004CF028
In clock cycle: 214270
Memory Write to Addr: 0x100DF000 Val: 0x00000001
In clock cycle: 215283
Register Write to Reg: 0x03 Val: 0x100E0000
In clock cycle: 215286
Register Write to Reg: 0x03 Val: 0x100E0000
In clock cycle: 215287
Register Write to Reg: 0x04 Val: 0x004D0008
In clock cycle: 215290
Register Write to Reg: 0x04 Val: 0x004D0018
In clock cycle: 215293
Register Write to Reg: 0x04 Val: 0x004D0020
In clock cycle: 215296
Register Write to Reg: 0x01 Val: 0x004D0018
In clock cycle: 215299
Register Write to Reg: 0x05 Val: 0x00000001
In clock cycle: 215300
Register Write to Reg: 0x04 Val: 0x004D0034
In clock cycle: 215303
Register Write to Reg: 0x01 Val: 0x004D0028
In clock cycle: 215305
Memory Write to Addr: 0x100E0000 Val: 0x00000001
In clock cycle: 216318
Register Write to Reg: 0x03 Val: 0x100E1000
In clock cycle: 216321
Register Write to Reg: 0x03 Val: 0x100E1000
In clock cycle: 216322
Register Write to Reg: 0x04 Val: 0x004D1008
In clock cycle: 216325
Register Write to Reg: 0x04 Val: 0x004D1018
In clock cycle: 216328
Register Write to Reg: 0x04 Val: 0x004D1020
In clock cycle: 216331
Register Write to Reg: 0x01 Val: 0x004D1018
In clock cycle: 216334
Register Write to Reg: 0x05 Val: 0x00000001
In clock cycle: 216335
Register Write to Reg: 0x04 Val: 0x004D1034
In clock cycle: 216338
Register Write to Reg: 0x01 Val: 0x004D1028
In clock cycle: 216340
Memory Write to Addr: 0x100E1000 Val: 0x00000001
In clock cycle: 217353
Register Write to Reg: 0x03 Val: 0x100E2000
In clock cycle: 217356
Register Write to Reg: 0x03 Val: 0x100E2000
In clock cycle: 217357
Register Write to Reg: 0x04 Val: 0x004D2008
In clock cycle: 217360
Register Write to Reg: 0x04 Val: 0x004D2018
In clock cycle: 217363
Register Write to Reg: 0x04 Val: 0x004D2020
In clock cycle: 217366
Register Write to Reg: 0x01 Val: 0x004D2018
In clock cycle: 217369
Register Write to Reg: 0x05 Val: 0x00000001
In clock cycle: 217370
Register Write to Reg: 0x04 Val: 0x004D2034
In clock cycle: 217373
Register Write to Reg: 0x01 Val: 0x004D2028
In clock cycle: 217375
Memory Write to Addr: 0x100E2000 Val: 0x00000001
In clock cycle: 218388
Register Write to Reg: 0x03 Val: 0x100E3000
In clock cycle: 218391
Register Write to Reg: 0x03 Val: 0x100E3000
In clock cycle: 218392
Register Write to Reg: 0x04 Val: 0x004D3008
In clock cycle: 218395
Register Write to Reg: 0x04 Val: 0x004D3018
In clock cycle: 218398
Register Write to Reg: 0x04 Val: 0x004D3020
In clock cycle: 218401
Register Write to Reg: 0x01 Val: 0x004D3018
In clock cycle: 218404
Register Write to Reg: 0x05 Val: 0x00000001
In clock cycle: 218405
Register Write to Reg: 0x04 Val: 0x004D3034
In clock cycle: 218408
Register Write to Reg: 0x01 Val: 0x004D3028
In clock cycle: 218410
Memory Write to Addr: 0x100E3000 Val: 0x00000001
In clock cycle: 219423
Register Write to Reg: 0x03 Val: 0x100E4000
In clock cycle: 219426
Register Write to Reg: 0x03 Val: 0x100E4000
In clock cycle: 219427
Register Write to Reg: 0x04 Val: 0x004D4008
In clock cycle: 219430
Register Write to Reg: 0x04 Val: 0x004D4018
In clock cycle: 219433
Register Write to Reg: 0x04 Val: 0x004D4020
In clock cycle: 219436
Register Write to Reg: 0x01 Val: 0x004D4018
In clock cycle: 219439
Register Write to Reg: 0x05 Val: 0x00000001
In clock cycle: 219440
Register Write to Reg: 0x04 Val: 0x004D4034
In clock cycle: 219443
Register Write to Reg: 0x01 Val: 0x004D4028
In clock cycle: 219445
Memory Write to Addr: 0x100E4000 Val: 0x00000001
In clock cycle: 220458
Register Write to Reg: 0x03 Val: 0x100E5000
In clock cycle: 220461
Register Write to Reg: 0x03 Val: 0x100E5000
In clock cycle: 220462
Register Write to Reg: 0x04 Val: 0x004D5008
In clock cycle: 220465
Register Write to Reg: 0x04 Val: 0x004D5018
In clock cycle: 220468
Register Write to Reg: 0x04 Val: 0x004D5020
In clock cycle: 220471
Register Write to Reg: 0x01 Val: 0x004D5018
In clock cycle: 220474
Register Write to Reg: 0x05 Val: 0x00000001
In clock cycle: 220475
Register Write to Reg: 0x04 Val: 0x004D5034
In clock cycle: 220478
Register Write to Reg: 0x01 Val: 0x004D5028
In clock cycle: 220480
Memory Write to Addr: 0x100E5000 Val: 0x00000001
In clock cycle: 221493
Register Write to Reg: 0x03 Val: 0x100E6000
In clock cycle: 221496
Register Write to Reg: 0x03 Val: 0x100E6000
In clock cycle: 221497
Register Write to Reg: 0x04 Val: 0x004D6008
In clock cycle: 221500
Register Write to Reg: 0x04 Val: 0x004D6018
In clock cycle: 221503
Register Write to Reg: 0x04 Val: 0x004D6020
In clock cycle: 221506
Register Write to Reg: 0x01 Val: 0x004D6018
In clock cycle: 221509
Register Write to Reg: 0x05 Val: 0x00000001
In clock cycle: 221510
Register Write to Reg: 0x04 Val: 0x004D6034
In clock cycle: 221513
Register Write to Reg: 0x01 Val: 0x004D6028
In clock cycle: 221515
Memory Write to Addr: 0x100E6000 Val: 0x00000001
In clock cycle: 222528
Register Write to Reg: 0x03 Val: 0x100E7000
In clock cycle: 222531
Register Write to Reg: 0x03 Val: 0x100E7000
In clock cycle: 222532
Register Write to Reg: 0x04 Val: 0x004D7008
In clock cycle: 222535
Register Write to Reg: 0x04 Val: 0x004D7018
In clock cycle: 222538
Register Write to Reg: 0x04 Val: 0x004D7020
In clock cycle: 222541
Register Write to Reg: 0x01 Val: 0x004D7018
In clock cycle: 222544
Register Write to Reg: 0x05 Val: 0x00000001
In clock cycle: 222545
Register Write to Reg: 0x04 Val: 0x004D7034
In clock cycle: 222548
Register Write to Reg: 0x01 Val: 0x004D7028
In clock cycle: 222550
Memory Write to Addr: 0x100E7000 Val: 0x00000001
In clock cycle: 223563
Register Write to Reg: 0x03 Val: 0x100E8000
In clock cycle: 223566
Register Write to Reg: 0x03 Val: 0x100E8000
In clock cycle: 223567
Register Write to Reg: 0x04 Val: 0x004D8008
In clock cycle: 223570
Register Write to Reg: 0x04 Val: 0x004D8018
In clock cycle: 223573
Register Write to Reg: 0x04 Val: 0x004D8020
In clock cycle: 223576
Register Write to Reg: 0x01 Val: 0x004D8018
In clock cycle: 223579
Register Write to Reg: 0x05 Val: 0x00000001
In clock cycle: 223580
Register Write to Reg: 0x04 Val: 0x004D8034
In clock cycle: 223583
Register Write to Reg: 0x01 Val: 0x004D8028
In clock cycle: 223585
Memory Write to Addr: 0x100E8000 Val: 0x00000001
In clock cycle: 224598
Register Write to Reg: 0x03 Val: 0x100E9000
In clock cycle: 224601
Register Write to Reg: 0x03 Val: 0x100E9000
In clock cycle: 224602
Register Write to Reg: 0x04 Val: 0x004D9008
In clock cycle: 224605
Register Write to Reg: 0x04 Val: 0x004D9018
In clock cycle: 224608
Register Write to Reg: 0x04 Val: 0x004D9020
In clock cycle: 224611
Register Write to Reg: 0x01 Val: 0x004D9018
In clock cycle: 224614
Register Write to Reg: 0x05 Val: 0x00000001
In clock cycle: 224615
Register Write to Reg: 0x04 Val: 0x004D9034
In clock cycle: 224618
Register Write to Reg: 0x01 Val: 0x004D9028
In clock cycle: 224620
Memory Write to Addr: 0x100E9000 Val: 0x00000001
In clock cycle: 225633
Register Write to Reg: 0x03 Val: 0x100EA000
In clock cycle: 225636
Register Write to Reg: 0x03 Val: 0x100EA000
In clock cycle: 225637
Register Write to Reg: 0x04 Val: 0x004DA008
In clock cycle: 225640
Register Write to Reg: 0x04 Val: 0x004DA018
In clock cycle: 225643
Register Write to Reg: 0x04 Val: 0x004DA020
In clock cycle: 225646
Register Write to Reg: 0x01 Val: 0x004DA018
In clock cycle: 225649
Register Write to Reg: 0x05 Val: 0x00000001
In clock cycle: 225650
Register Write to Reg: 0x04 Val: 0x004DA034
In clock cycle: 225653
Register Write to Reg: 0x01 Val: 0x004DA028
In clock cycle: 225655
Memory Write to Addr: 0x100EA000 Val: 0x00000001
In clock cycle: 226668
Register Write to Reg: 0x03 Val: 0x100EB000
In clock cycle: 226671
Register Write to Reg: 0x03 Val: 0x100EB000
In clock cycle: 226672
Register Write to Reg: 0x04 Val: 0x004DB008
In clock cycle: 226675
Register Write to Reg: 0x04 Val: 0x004DB018
In clock cycle: 226678
Register Write to Reg: 0x04 Val: 0x004DB020
In clock cycle: 226681
Register Write to Reg: 0x01 Val: 0x004DB018
In clock cycle: 226684
Register Write to Reg: 0x05 Val: 0x00000001
In clock cycle: 226685
Register Write to Reg: 0x04 Val: 0x004DB034
In clock cycle: 226688
Register Write to Reg: 0x01 Val: 0x004DB028
In clock cycle: 226690
Memory Write to Addr: 0x100EB000 Val: 0x00000001
In clock cycle: 227703
Register Write to Reg: 0x03 Val: 0x100EC000
In clock cycle: 227706
Register Write to Reg: 0x03 Val: 0x100EC000
In clock cycle: 227707
Register Write to Reg: 0x04 Val: 0x004DC008
In clock cycle: 227710
Register Write to Reg: 0x04 Val: 0x004DC018
In clock cycle: 227713
Register Write to Reg: 0x04 Val: 0x004DC020
In clock cycle: 227716
Register Write to Reg: 0x01 Val: 0x004DC018
In clock cycle: 227719
Register Write to Reg: 0x05 Val: 0x00000001
In clock cycle: 227720
Register Write to Reg: 0x04 Val: 0x004DC034
In clock cycle: 227723
Register Write to Reg: 0x01 Val: 0x004DC028
In clock cycle: 227725
Memory Write to Addr: 0x100EC000 Val: 0x00000001
In clock cycle: 228738
Register Write to Reg: 0x03 Val: 0x100ED000
In clock cycle: 228741
Register Write to Reg: 0x03 Val: 0x100ED000
In clock cycle: 228742
Register Write to Reg: 0x04 Val: 0x004DD008
In clock cycle: 228745
Register Write to Reg: 0x04 Val: 0x004DD018
In clock cycle: 228748
Register Write to Reg: 0x04 Val: 0x004DD020
In clock cycle: 228751
Register Write to Reg: 0x01 Val: 0x004DD018
In clock cycle: 228754
Register Write to Reg: 0x05 Val: 0x00000001
In clock cycle: 228755
Register Write to Reg: 0x04 Val: 0x004DD034
In clock cycle: 228758
Register Write to Reg: 0x01 Val: 0x004DD028
In clock cycle: 228760
Memory Write to Addr: 0x100ED000 Val: 0x00000001
In clock cycle: 229773
Register Write to Reg: 0x03 Val: 0x100EE000
In clock cycle: 229776
Register Write to Reg: 0x03 Val: 0x100EE000
In clock cycle: 229777
Register Write to Reg: 0x04 Val: 0x004DE008
In clock cycle: 229780
Register Write to Reg: 0x04 Val: 0x004DE018
In clock cycle: 229783
Register Write to Reg: 0x04 Val: 0x004DE020
In clock cycle: 229786
Register Write to Reg: 0x01 Val: 0x004DE018
In clock cycle: 229789
Register Write to Reg: 0x05 Val: 0x00000001
In clock cycle: 229790
Register Write to Reg: 0x04 Val: 0x004DE034
In clock cycle: 229793
Register Write to Reg: 0x01 Val: 0x004DE028
In clock cycle: 229795
Memory Write to Addr: 0x100EE000 Val: 0x00000001
In clock cycle: 230808
Register Write to Reg: 0x03 Val: 0x100EF000
In clock cycle: 230811
Register Write to Reg: 0x03 Val: 0x100EF000
In clock cycle: 230812
Register Write to Reg: 0x04 Val: 0x004DF008
In clock cycle: 230815
Register Write to Reg: 0x04 Val: 0x004DF018
In clock cycle: 230818
Register Write to Reg: 0x04 Val: 0x004DF020
In clock cycle: 230821
Register Write to Reg: 0x01 Val: 0x004DF018
In clock cycle: 230824
Register Write to Reg: 0x05 Val: 0x00000001
In clock cycle: 230825
Register Write to Reg: 0x04 Val: 0x004DF034
In clock cycle: 230828
Register Write to Reg: 0x01 Val: 0x004DF028
In clock cycle: 230830
Memory Write to Addr: 0x100EF000 Val: 0x00000001
In clock cycle: 231843
Register Write to Reg: 0x03 Val: 0x100F0000
In clock cycle: 231846
Register Write to Reg: 0x03 Val: 0x100F0000
In clock cycle: 231847
Register Write to Reg: 0x04 Val: 0x004E0008
In clock cycle: 231850
Register Write to Reg: 0x04 Val: 0x004E0018
In clock cycle: 231853
Register Write to Reg: 0x04 Val: 0x004E0020
In clock cycle: 231856
Register Write to Reg: 0x01 Val: 0x004E0018
In clock cycle: 231859
Register Write to Reg: 0x05 Val: 0x00000001
In clock cycle: 231860
Register Write to Reg: 0x04 Val: 0x004E0034
In clock cycle: 231863
Register Write to Reg: 0x01 Val: 0x004E0028
In clock cycle: 231865
Memory Write to Addr: 0x100F0000 Val: 0x00000001
In clock cycle: 232878
Register Write to Reg: 0x03 Val: 0x100F1000
In clock cycle: 232881
Register Write to Reg: 0x03 Val: 0x100F1000
In clock cycle: 232882
Register Write to Reg: 0x04 Val: 0x004E1008
In clock cycle: 232885
Register Write to Reg: 0x04 Val: 0x004E1018
In clock cycle: 232888
Register Write to Reg: 0x04 Val: 0x004E1020
In clock cycle: 232891
Register Write to Reg: 0x01 Val: 0x004E1018
In clock cycle: 232894
Register Write to Reg: 0x05 Val: 0x00000001
In clock cycle: 232895
Register Write to Reg: 0x04 Val: 0x004E1034
In clock cycle: 232898
Register Write to Reg: 0x01 Val: 0x004E1028
In clock cycle: 232900
Memory Write to Addr: 0x100F1000 Val: 0x00000001
In clock cycle: 233913
Register Write to Reg: 0x03 Val: 0x100F2000
In clock cycle: 233916
Register Write to Reg: 0x03 Val: 0x100F2000
In clock cycle: 233917
Register Write to Reg: 0x04 Val: 0x004E2008
In clock cycle: 233920
Register Write to Reg: 0x04 Val: 0x004E2018
In clock cycle: 233923
Register Write to Reg: 0x04 Val: 0x004E2020
In clock cycle: 233926
Register Write to Reg: 0x01 Val: 0x004E2018
In clock cycle: 233929
Register Write to Reg: 0x05 Val: 0x00000001
In clock cycle: 233930
Register Write to Reg: 0x04 Val: 0x004E2034
In clock cycle: 233933
Register Write to Reg: 0x01 Val: 0x004E2028
In clock cycle: 233935
Memory Write to Addr: 0x100F2000 Val: 0x00000001
In clock cycle: 234948
Register Write to Reg: 0x03 Val: 0x100F3000
In clock cycle: 234951
Register Write to Reg: 0x03 Val: 0x100F3000
In clock cycle: 234952
Register Write to Reg: 0x04 Val: 0x004E3008
In clock cycle: 234955
Register Write to Reg: 0x04 Val: 0x004E3018
In clock cycle: 234958
Register Write to Reg: 0x04 Val: 0x004E3020
In clock cycle: 234961
Register Write to Reg: 0x01 Val: 0x004E3018
In clock cycle: 234964
Register Write to Reg: 0x05 Val: 0x00000001
In clock cycle: 234965
Register Write to Reg: 0x04 Val: 0x004E3034
In clock cycle: 234968
Register Write to Reg: 0x01 Val: 0x004E3028
In clock cycle: 234970
Memory Write to Addr: 0x100F3000 Val: 0x00000001
In clock cycle: 235983
Register Write to Reg: 0x03 Val: 0x100F4000
In clock cycle: 235986
Register Write to Reg: 0x03 Val: 0x100F4000
In clock cycle: 235987
Register Write to Reg: 0x04 Val: 0x004E4008
In clock cycle: 235990
Register Write to Reg: 0x04 Val: 0x004E4018
In clock cycle: 235993
Register Write to Reg: 0x04 Val: 0x004E4020
In clock cycle: 235996
Register Write to Reg: 0x01 Val: 0x004E4018
In clock cycle: 235999
Register Write to Reg: 0x05 Val: 0x00000001
In clock cycle: 236000
Register Write to Reg: 0x04 Val: 0x004E4034
In clock cycle: 236003
Register Write to Reg: 0x01 Val: 0x004E4028
In clock cycle: 236005
Memory Write to Addr: 0x100F4000 Val: 0x00000001
In clock cycle: 237018
Register Write to Reg: 0x03 Val: 0x100F5000
In clock cycle: 237021
Register Write to Reg: 0x03 Val: 0x100F5000
In clock cycle: 237022
Register Write to Reg: 0x04 Val: 0x004E5008
In clock cycle: 237025
Register Write to Reg: 0x04 Val: 0x004E5018
In clock cycle: 237028
Register Write to Reg: 0x04 Val: 0x004E5020
In clock cycle: 237031
Register Write to Reg: 0x01 Val: 0x004E5018
In clock cycle: 237034
Register Write to Reg: 0x05 Val: 0x00000001
In clock cycle: 237035
Register Write to Reg: 0x04 Val: 0x004E5034
In clock cycle: 237038
Register Write to Reg: 0x01 Val: 0x004E5028
In clock cycle: 237040
Memory Write to Addr: 0x100F5000 Val: 0x00000001
In clock cycle: 238053
Register Write to Reg: 0x03 Val: 0x100F6000
In clock cycle: 238056
Register Write to Reg: 0x03 Val: 0x100F6000
In clock cycle: 238057
Register Write to Reg: 0x04 Val: 0x004E6008
In clock cycle: 238060
Register Write to Reg: 0x04 Val: 0x004E6018
In clock cycle: 238063
Register Write to Reg: 0x04 Val: 0x004E6020
In clock cycle: 238066
Register Write to Reg: 0x01 Val: 0x004E6018
In clock cycle: 238069
Register Write to Reg: 0x05 Val: 0x00000001
In clock cycle: 238070
Register Write to Reg: 0x04 Val: 0x004E6034
In clock cycle: 238073
Register Write to Reg: 0x01 Val: 0x004E6028
In clock cycle: 238075
Memory Write to Addr: 0x100F6000 Val: 0x00000001
In clock cycle: 239088
Register Write to Reg: 0x03 Val: 0x100F7000
In clock cycle: 239091
Register Write to Reg: 0x03 Val: 0x100F7000
In clock cycle: 239092
Register Write to Reg: 0x04 Val: 0x004E7008
In clock cycle: 239095
Register Write to Reg: 0x04 Val: 0x004E7018
In clock cycle: 239098
Register Write to Reg: 0x04 Val: 0x004E7020
In clock cycle: 239101
Register Write to Reg: 0x01 Val: 0x004E7018
In clock cycle: 239104
Register Write to Reg: 0x05 Val: 0x00000001
In clock cycle: 239105
Register Write to Reg: 0x04 Val: 0x004E7034
In clock cycle: 239108
Register Write to Reg: 0x01 Val: 0x004E7028
In clock cycle: 239110
Memory Write to Addr: 0x100F7000 Val: 0x00000001
In clock cycle: 240123
Register Write to Reg: 0x03 Val: 0x100F8000
In clock cycle: 240126
Register Write to Reg: 0x03 Val: 0x100F8000
In clock cycle: 240127
Register Write to Reg: 0x04 Val: 0x004E8008
In clock cycle: 240130
Register Write to Reg: 0x04 Val: 0x004E8018
In clock cycle: 240133
Register Write to Reg: 0x04 Val: 0x004E8020
In clock cycle: 240136
Register Write to Reg: 0x01 Val: 0x004E8018
In clock cycle: 240139
Register Write to Reg: 0x05 Val: 0x00000001
In clock cycle: 240140
Register Write to Reg: 0x04 Val: 0x004E8034
In clock cycle: 240143
Register Write to Reg: 0x01 Val: 0x004E8028
In clock cycle: 240145
Memory Write to Addr: 0x100F8000 Val: 0x00000001
In clock cycle: 241158
Register Write to Reg: 0x03 Val: 0x100F9000
In clock cycle: 241161
Register Write to Reg: 0x03 Val: 0x100F9000
In clock cycle: 241162
Register Write to Reg: 0x04 Val: 0x004E9008
In clock cycle: 241165
Register Write to Reg: 0x04 Val: 0x004E9018
In clock cycle: 241168
Register Write to Reg: 0x04 Val: 0x004E9020
In clock cycle: 241171
Register Write to Reg: 0x01 Val: 0x004E9018
In clock cycle: 241174
Register Write to Reg: 0x05 Val: 0x00000001
In clock cycle: 241175
Register Write to Reg: 0x04 Val: 0x004E9034
In clock cycle: 241178
Register Write to Reg: 0x01 Val: 0x004E9028
In clock cycle: 241180
Memory Write to Addr: 0x100F9000 Val: 0x00000001
In clock cycle: 242193
Register Write to Reg: 0x03 Val: 0x100FA000
In clock cycle: 242196
Register Write to Reg: 0x03 Val: 0x100FA000
In clock cycle: 242197
Register Write to Reg: 0x04 Val: 0x004EA008
In clock cycle: 242200
Register Write to Reg: 0x04 Val: 0x004EA018
In clock cycle: 242203
Register Write to Reg: 0x04 Val: 0x004EA020
In clock cycle: 242206
Register Write to Reg: 0x01 Val: 0x004EA018
In clock cycle: 242209
Register Write to Reg: 0x05 Val: 0x00000001
In clock cycle: 242210
Register Write to Reg: 0x04 Val: 0x004EA034
In clock cycle: 242213
Register Write to Reg: 0x01 Val: 0x004EA028
In clock cycle: 242215
Memory Write to Addr: 0x100FA000 Val: 0x00000001
In clock cycle: 243228
Register Write to Reg: 0x03 Val: 0x100FB000
In clock cycle: 243231
Register Write to Reg: 0x03 Val: 0x100FB000
In clock cycle: 243232
Register Write to Reg: 0x04 Val: 0x004EB008
In clock cycle: 243235
Register Write to Reg: 0x04 Val: 0x004EB018
In clock cycle: 243238
Register Write to Reg: 0x04 Val: 0x004EB020
In clock cycle: 243241
Register Write to Reg: 0x01 Val: 0x004EB018
In clock cycle: 243244
Register Write to Reg: 0x05 Val: 0x00000001
In clock cycle: 243245
Register Write to Reg: 0x04 Val: 0x004EB034
In clock cycle: 243248
Register Write to Reg: 0x01 Val: 0x004EB028
In clock cycle: 243250
Memory Write to Addr: 0x100FB000 Val: 0x00000001
In clock cycle: 244263
Register Write to Reg: 0x03 Val: 0x100FC000
In clock cycle: 244266
Register Write to Reg: 0x03 Val: 0x100FC000
In clock cycle: 244267
Register Write to Reg: 0x04 Val: 0x004EC008
In clock cycle: 244270
Register Write to Reg: 0x04 Val: 0x004EC018
In clock cycle: 244273
Register Write to Reg: 0x04 Val: 0x004EC020
In clock cycle: 244276
Register Write to Reg: 0x01 Val: 0x004EC018
In clock cycle: 244279
Register Write to Reg: 0x05 Val: 0x00000001
In clock cycle: 244280
Register Write to Reg: 0x04 Val: 0x004EC034
In clock cycle: 244283
Register Write to Reg: 0x01 Val: 0x004EC028
In clock cycle: 244285
Memory Write to Addr: 0x100FC000 Val: 0x00000001
In clock cycle: 245298
Register Write to Reg: 0x03 Val: 0x100FD000
In clock cycle: 245301
Register Write to Reg: 0x03 Val: 0x100FD000
In clock cycle: 245302
Register Write to Reg: 0x04 Val: 0x004ED008
In clock cycle: 245305
Register Write to Reg: 0x04 Val: 0x004ED018
In clock cycle: 245308
Register Write to Reg: 0x04 Val: 0x004ED020
In clock cycle: 245311
Register Write to Reg: 0x01 Val: 0x004ED018
In clock cycle: 245314
Register Write to Reg: 0x05 Val: 0x00000001
In clock cycle: 245315
Register Write to Reg: 0x04 Val: 0x004ED034
In clock cycle: 245318
Register Write to Reg: 0x01 Val: 0x004ED028
In clock cycle: 245320
Memory Write to Addr: 0x100FD000 Val: 0x00000001
In clock cycle: 246333
Register Write to Reg: 0x03 Val: 0x100FE000
In clock cycle: 246336
Register Write to Reg: 0x03 Val: 0x100FE000
In clock cycle: 246337
Register Write to Reg: 0x04 Val: 0x004EE008
In clock cycle: 246340
Register Write to Reg: 0x04 Val: 0x004EE018
In clock cycle: 246343
Register Write to Reg: 0x04 Val: 0x004EE020
In clock cycle: 246346
Register Write to Reg: 0x01 Val: 0x004EE018
In clock cycle: 246349
Register Write to Reg: 0x05 Val: 0x00000001
In clock cycle: 246350
Register Write to Reg: 0x04 Val: 0x004EE034
In clock cycle: 246353
Register Write to Reg: 0x01 Val: 0x004EE028
In clock cycle: 246355
Memory Write to Addr: 0x100FE000 Val: 0x00000001
In clock cycle: 247368
Register Write to Reg: 0x03 Val: 0x100FF000
In clock cycle: 247371
Register Write to Reg: 0x03 Val: 0x100FF000
In clock cycle: 247372
Register Write to Reg: 0x04 Val: 0x004EF008
In clock cycle: 247375
Register Write to Reg: 0x04 Val: 0x004EF018
In clock cycle: 247378
Register Write to Reg: 0x04 Val: 0x004EF020
In clock cycle: 247381
Register Write to Reg: 0x01 Val: 0x004EF018
In clock cycle: 247384
Register Write to Reg: 0x05 Val: 0x00000001
In clock cycle: 247385
Register Write to Reg: 0x04 Val: 0x004EF034
In clock cycle: 247388
Register Write to Reg: 0x01 Val: 0x004EF028
In clock cycle: 247390
Memory Write to Addr: 0x100FF000 Val: 0x00000001
In clock cycle: 248403
Register Write to Reg: 0x03 Val: 0x10100000
In clock cycle: 248406
Register Write to Reg: 0x03 Val: 0x10100000
In clock cycle: 248407
Register Write to Reg: 0x04 Val: 0x004F0008
In clock cycle: 248410
Register Write to Reg: 0x04 Val: 0x004F0018
In clock cycle: 248413
Register Write to Reg: 0x04 Val: 0x004F0020
In clock cycle: 248416
Register Write to Reg: 0x01 Val: 0x004F0018
In clock cycle: 248419
Register Write to Reg: 0x05 Val: 0x00000001
In clock cycle: 248420
Register Write to Reg: 0x04 Val: 0x004F0034
In clock cycle: 248423
Register Write to Reg: 0x01 Val: 0x004F0028
In clock cycle: 248425
Memory Write to Addr: 0x10100000 Val: 0x00000001
In clock cycle: 249438
Register Write to Reg: 0x03 Val: 0x10101000
In clock cycle: 249441
Register Write to Reg: 0x03 Val: 0x10101000
In clock cycle: 249442
Register Write to Reg: 0x04 Val: 0x004F1008
In clock cycle: 249445
Register Write to Reg: 0x04 Val: 0x004F1018
In clock cycle: 249448
Register Write to Reg: 0x04 Val: 0x004F1020
In clock cycle: 249451
Register Write to Reg: 0x01 Val: 0x004F1018
In clock cycle: 249454
Register Write to Reg: 0x05 Val: 0x00000001
In clock cycle: 249455
Register Write to Reg: 0x04 Val: 0x004F1034
In clock cycle: 249458
Register Write to Reg: 0x01 Val: 0x004F1028
In clock cycle: 249460
Memory Write to Addr: 0x10101000 Val: 0x00000001
In clock cycle: 250473
Register Write to Reg: 0x03 Val: 0x10102000
In clock cycle: 250476
Register Write to Reg: 0x03 Val: 0x10102000
In clock cycle: 250477
Register Write to Reg: 0x04 Val: 0x004F2008
In clock cycle: 250480
Register Write to Reg: 0x04 Val: 0x004F2018
In clock cycle: 250483
Register Write to Reg: 0x04 Val: 0x004F2020
In clock cycle: 250486
Register Write to Reg: 0x01 Val: 0x004F2018
In clock cycle: 250489
Register Write to Reg: 0x05 Val: 0x00000001
In clock cycle: 250490
Register Write to Reg: 0x04 Val: 0x004F2034
In clock cycle: 250493
Register Write to Reg: 0x01 Val: 0x004F2028
In clock cycle: 250495
Memory Write to Addr: 0x10102000 Val: 0x00000001
In clock cycle: 251508
Register Write to Reg: 0x03 Val: 0x10103000
In clock cycle: 251511
Register Write to Reg: 0x03 Val: 0x10103000
In clock cycle: 251512
Register Write to Reg: 0x04 Val: 0x004F3008
In clock cycle: 251515
Register Write to Reg: 0x04 Val: 0x004F3018
In clock cycle: 251518
Register Write to Reg: 0x04 Val: 0x004F3020
In clock cycle: 251521
Register Write to Reg: 0x01 Val: 0x004F3018
In clock cycle: 251524
Register Write to Reg: 0x05 Val: 0x00000001
In clock cycle: 251525
Register Write to Reg: 0x04 Val: 0x004F3034
In clock cycle: 251528
Register Write to Reg: 0x01 Val: 0x004F3028
In clock cycle: 251530
Memory Write to Addr: 0x10103000 Val: 0x00000001
In clock cycle: 252543
Register Write to Reg: 0x03 Val: 0x10104000
In clock cycle: 252546
Register Write to Reg: 0x03 Val: 0x10104000
In clock cycle: 252547
Register Write to Reg: 0x04 Val: 0x004F4008
In clock cycle: 252550
Register Write to Reg: 0x04 Val: 0x004F4018
In clock cycle: 252553
Register Write to Reg: 0x04 Val: 0x004F4020
In clock cycle: 252556
Register Write to Reg: 0x01 Val: 0x004F4018
In clock cycle: 252559
Register Write to Reg: 0x05 Val: 0x00000001
In clock cycle: 252560
Register Write to Reg: 0x04 Val: 0x004F4034
In clock cycle: 252563
Register Write to Reg: 0x01 Val: 0x004F4028
In clock cycle: 252565
Memory Write to Addr: 0x10104000 Val: 0x00000001
In clock cycle: 253578
Register Write to Reg: 0x03 Val: 0x10105000
In clock cycle: 253581
Register Write to Reg: 0x03 Val: 0x10105000
In clock cycle: 253582
Register Write to Reg: 0x04 Val: 0x004F5008
In clock cycle: 253585
Register Write to Reg: 0x04 Val: 0x004F5018
In clock cycle: 253588
Register Write to Reg: 0x04 Val: 0x004F5020
In clock cycle: 253591
Register Write to Reg: 0x01 Val: 0x004F5018
In clock cycle: 253594
Register Write to Reg: 0x05 Val: 0x00000001
In clock cycle: 253595
Register Write to Reg: 0x04 Val: 0x004F5034
In clock cycle: 253598
Register Write to Reg: 0x01 Val: 0x004F5028
In clock cycle: 253600
Memory Write to Addr: 0x10105000 Val: 0x00000001
In clock cycle: 254613
Register Write to Reg: 0x03 Val: 0x10106000
In clock cycle: 254616
Register Write to Reg: 0x03 Val: 0x10106000
In clock cycle: 254617
Register Write to Reg: 0x04 Val: 0x004F6008
In clock cycle: 254620
Register Write to Reg: 0x04 Val: 0x004F6018
In clock cycle: 254623
Register Write to Reg: 0x04 Val: 0x004F6020
In clock cycle: 254626
Register Write to Reg: 0x01 Val: 0x004F6018
In clock cycle: 254629
Register Write to Reg: 0x05 Val: 0x00000001
In clock cycle: 254630
Register Write to Reg: 0x04 Val: 0x004F6034
In clock cycle: 254633
Register Write to Reg: 0x01 Val: 0x004F6028
In clock cycle: 254635
Memory Write to Addr: 0x10106000 Val: 0x00000001
In clock cycle: 255648
Register Write to Reg: 0x03 Val: 0x10107000
In clock cycle: 255651
Register Write to Reg: 0x03 Val: 0x10107000
In clock cycle: 255652
Register Write to Reg: 0x04 Val: 0x004F7008
In clock cycle: 255655
Register Write to Reg: 0x04 Val: 0x004F7018
In clock cycle: 255658
Register Write to Reg: 0x04 Val: 0x004F7020
In clock cycle: 255661
Register Write to Reg: 0x01 Val: 0x004F7018
In clock cycle: 255664
Register Write to Reg: 0x05 Val: 0x00000001
In clock cycle: 255665
Register Write to Reg: 0x04 Val: 0x004F7034
In clock cycle: 255668
Register Write to Reg: 0x01 Val: 0x004F7028
In clock cycle: 255670
Memory Write to Addr: 0x10107000 Val: 0x00000001
In clock cycle: 256683
Register Write to Reg: 0x03 Val: 0x10108000
In clock cycle: 256686
Register Write to Reg: 0x03 Val: 0x10108000
In clock cycle: 256687
Register Write to Reg: 0x04 Val: 0x004F8008
In clock cycle: 256690
Register Write to Reg: 0x04 Val: 0x004F8018
In clock cycle: 256693
Register Write to Reg: 0x04 Val: 0x004F8020
In clock cycle: 256696
Register Write to Reg: 0x01 Val: 0x004F8018
In clock cycle: 256699
Register Write to Reg: 0x05 Val: 0x00000001
In clock cycle: 256700
Register Write to Reg: 0x04 Val: 0x004F8034
In clock cycle: 256703
Register Write to Reg: 0x01 Val: 0x004F8028
In clock cycle: 256705
Memory Write to Addr: 0x10108000 Val: 0x00000001
In clock cycle: 257718
Register Write to Reg: 0x03 Val: 0x10109000
In clock cycle: 257721
Register Write to Reg: 0x03 Val: 0x10109000
In clock cycle: 257722
Register Write to Reg: 0x04 Val: 0x004F9008
In clock cycle: 257725
Register Write to Reg: 0x04 Val: 0x004F9018
In clock cycle: 257728
Register Write to Reg: 0x04 Val: 0x004F9020
In clock cycle: 257731
Register Write to Reg: 0x01 Val: 0x004F9018
In clock cycle: 257734
Register Write to Reg: 0x05 Val: 0x00000001
In clock cycle: 257735
Register Write to Reg: 0x04 Val: 0x004F9034
In clock cycle: 257738
Register Write to Reg: 0x01 Val: 0x004F9028
In clock cycle: 257740
Memory Write to Addr: 0x10109000 Val: 0x00000001
In clock cycle: 258753
Register Write to Reg: 0x03 Val: 0x1010A000
In clock cycle: 258756
Register Write to Reg: 0x03 Val: 0x1010A000
In clock cycle: 258757
Register Write to Reg: 0x04 Val: 0x004FA008
In clock cycle: 258760
Register Write to Reg: 0x04 Val: 0x004FA018
In clock cycle: 258763
Register Write to Reg: 0x04 Val: 0x004FA020
In clock cycle: 258766
Register Write to Reg: 0x01 Val: 0x004FA018
In clock cycle: 258769
Register Write to Reg: 0x05 Val: 0x00000001
In clock cycle: 258770
Register Write to Reg: 0x04 Val: 0x004FA034
In clock cycle: 258773
Register Write to Reg: 0x01 Val: 0x004FA028
In clock cycle: 258775
Memory Write to Addr: 0x1010A000 Val: 0x00000001
In clock cycle: 259788
Register Write to Reg: 0x03 Val: 0x1010B000
In clock cycle: 259791
Register Write to Reg: 0x03 Val: 0x1010B000
In clock cycle: 259792
Register Write to Reg: 0x04 Val: 0x004FB008
In clock cycle: 259795
Register Write to Reg: 0x04 Val: 0x004FB018
In clock cycle: 259798
Register Write to Reg: 0x04 Val: 0x004FB020
In clock cycle: 259801
Register Write to Reg: 0x01 Val: 0x004FB018
In clock cycle: 259804
Register Write to Reg: 0x05 Val: 0x00000001
In clock cycle: 259805
Register Write to Reg: 0x04 Val: 0x004FB034
In clock cycle: 259808
Register Write to Reg: 0x01 Val: 0x004FB028
In clock cycle: 259810
Memory Write to Addr: 0x1010B000 Val: 0x00000001
In clock cycle: 260823
Register Write to Reg: 0x03 Val: 0x1010C000
In clock cycle: 260826
Register Write to Reg: 0x03 Val: 0x1010C000
In clock cycle: 260827
Register Write to Reg: 0x04 Val: 0x004FC008
In clock cycle: 260830
Register Write to Reg: 0x04 Val: 0x004FC018
In clock cycle: 260833
Register Write to Reg: 0x04 Val: 0x004FC020
In clock cycle: 260836
Register Write to Reg: 0x01 Val: 0x004FC018
In clock cycle: 260839
Register Write to Reg: 0x05 Val: 0x00000001
In clock cycle: 260840
Register Write to Reg: 0x04 Val: 0x004FC034
In clock cycle: 260843
Register Write to Reg: 0x01 Val: 0x004FC028
In clock cycle: 260845
Memory Write to Addr: 0x1010C000 Val: 0x00000001
In clock cycle: 261858
Register Write to Reg: 0x03 Val: 0x1010D000
In clock cycle: 261861
Register Write to Reg: 0x03 Val: 0x1010D000
In clock cycle: 261862
Register Write to Reg: 0x04 Val: 0x004FD008
In clock cycle: 261865
Register Write to Reg: 0x04 Val: 0x004FD018
In clock cycle: 261868
Register Write to Reg: 0x04 Val: 0x004FD020
In clock cycle: 261871
Register Write to Reg: 0x01 Val: 0x004FD018
In clock cycle: 261874
Register Write to Reg: 0x05 Val: 0x00000001
In clock cycle: 261875
Register Write to Reg: 0x04 Val: 0x004FD034
In clock cycle: 261878
Register Write to Reg: 0x01 Val: 0x004FD028
In clock cycle: 261880
Memory Write to Addr: 0x1010D000 Val: 0x00000001
In clock cycle: 262893
Register Write to Reg: 0x03 Val: 0x1010E000
In clock cycle: 262896
Register Write to Reg: 0x03 Val: 0x1010E000
In clock cycle: 262897
Register Write to Reg: 0x04 Val: 0x004FE008
In clock cycle: 262900
Register Write to Reg: 0x04 Val: 0x004FE018
In clock cycle: 262903
Register Write to Reg: 0x04 Val: 0x004FE020
In clock cycle: 262906
Register Write to Reg: 0x01 Val: 0x004FE018
In clock cycle: 262909
Register Write to Reg: 0x05 Val: 0x00000001
In clock cycle: 262910
Register Write to Reg: 0x04 Val: 0x004FE034
In clock cycle: 262913
Register Write to Reg: 0x01 Val: 0x004FE028
In clock cycle: 262915
Memory Write to Addr: 0x1010E000 Val: 0x00000001
In clock cycle: 263928
Register Write to Reg: 0x03 Val: 0x1010F000
In clock cycle: 263931
Register Write to Reg: 0x03 Val: 0x1010F000
In clock cycle: 263932
Register Write to Reg: 0x04 Val: 0x004FF008
In clock cycle: 263935
Register Write to Reg: 0x04 Val: 0x004FF018
In clock cycle: 263938
Register Write to Reg: 0x04 Val: 0x004FF020
In clock cycle: 263941
Register Write to Reg: 0x01 Val: 0x004FF018
In clock cycle: 263944
Register Write to Reg: 0x05 Val: 0x00000001
In clock cycle: 263945
Register Write to Reg: 0x04 Val: 0x004FF034
In clock cycle: 263948
Register Write to Reg: 0x01 Val: 0x004FF028
In clock cycle: 263950
Memory Write to Addr: 0x1010F000 Val: 0x00000001
In clock cycle: 264963
Register Write to Reg: 0x03 Val: 0x10110000
In clock cycle: 264966
Register Write to Reg: 0x03 Val: 0x10110000
In clock cycle: 264967
Register Write to Reg: 0x04 Val: 0x00500008
In clock cycle: 264970
Register Write to Reg: 0x04 Val: 0x00500018
In clock cycle: 264973
Register Write to Reg: 0x04 Val: 0x00500020
In clock cycle: 264976
Register Write to Reg: 0x01 Val: 0x00500018
In clock cycle: 264979
Register Write to Reg: 0x05 Val: 0x00000001
In clock cycle: 264980
Register Write to Reg: 0x04 Val: 0x00500034
In clock cycle: 264983
Register Write to Reg: 0x01 Val: 0x00500028
In clock cycle: 264985
Memory Write to Addr: 0x10110000 Val: 0x00000001
In clock cycle: 265998
Register Write to Reg: 0x03 Val: 0x10111000
In clock cycle: 266001
Register Write to Reg: 0x03 Val: 0x10111000
In clock cycle: 266002
Register Write to Reg: 0x04 Val: 0x00501008
In clock cycle: 266005
Register Write to Reg: 0x04 Val: 0x00501018
In clock cycle: 266008
Register Write to Reg: 0x04 Val: 0x00501020
In clock cycle: 266011
Register Write to Reg: 0x01 Val: 0x00501018
In clock cycle: 266014
Register Write to Reg: 0x05 Val: 0x00000001
In clock cycle: 266015
Register Write to Reg: 0x04 Val: 0x00501034
In clock cycle: 266018
Register Write to Reg: 0x01 Val: 0x00501028
In clock cycle: 266020
Memory Write to Addr: 0x10111000 Val: 0x00000001
In clock cycle: 267033
Register Write to Reg: 0x03 Val: 0x10112000
In clock cycle: 267036
Register Write to Reg: 0x03 Val: 0x10112000
In clock cycle: 267037
Register Write to Reg: 0x04 Val: 0x00502008
In clock cycle: 267040
Register Write to Reg: 0x04 Val: 0x00502018
In clock cycle: 267043
Register Write to Reg: 0x04 Val: 0x00502020
In clock cycle: 267046
Register Write to Reg: 0x01 Val: 0x00502018
In clock cycle: 267049
Register Write to Reg: 0x05 Val: 0x00000001
In clock cycle: 267050
Register Write to Reg: 0x04 Val: 0x00502034
In clock cycle: 267053
Register Write to Reg: 0x01 Val: 0x00502028
In clock cycle: 267055
Memory Write to Addr: 0x10112000 Val: 0x00000001
In clock cycle: 268068
Register Write to Reg: 0x03 Val: 0x10113000
In clock cycle: 268071
Register Write to Reg: 0x03 Val: 0x10113000
In clock cycle: 268072
Register Write to Reg: 0x04 Val: 0x00503008
In clock cycle: 268075
Register Write to Reg: 0x04 Val: 0x00503018
In clock cycle: 268078
Register Write to Reg: 0x04 Val: 0x00503020
In clock cycle: 268081
Register Write to Reg: 0x01 Val: 0x00503018
In clock cycle: 268084
Register Write to Reg: 0x05 Val: 0x00000001
In clock cycle: 268085
Register Write to Reg: 0x04 Val: 0x00503034
In clock cycle: 268088
Register Write to Reg: 0x01 Val: 0x00503028
In clock cycle: 268090
Memory Write to Addr: 0x10113000 Val: 0x00000001
In clock cycle: 269103
Register Write to Reg: 0x03 Val: 0x10114000
In clock cycle: 269106
Register Write to Reg: 0x03 Val: 0x10114000
In clock cycle: 269107
Register Write to Reg: 0x04 Val: 0x00504008
In clock cycle: 269110
Register Write to Reg: 0x04 Val: 0x00504018
In clock cycle: 269113
Register Write to Reg: 0x04 Val: 0x00504020
In clock cycle: 269116
Register Write to Reg: 0x01 Val: 0x00504018
In clock cycle: 269119
Register Write to Reg: 0x05 Val: 0x00000001
In clock cycle: 269120
Register Write to Reg: 0x04 Val: 0x00504034
In clock cycle: 269123
Register Write to Reg: 0x01 Val: 0x00504028
In clock cycle: 269125
Memory Write to Addr: 0x10114000 Val: 0x00000001
In clock cycle: 270138
Register Write to Reg: 0x03 Val: 0x10115000
In clock cycle: 270141
Register Write to Reg: 0x03 Val: 0x10115000
In clock cycle: 270142
Register Write to Reg: 0x04 Val: 0x00505008
In clock cycle: 270145
Register Write to Reg: 0x04 Val: 0x00505018
In clock cycle: 270148
Register Write to Reg: 0x04 Val: 0x00505020
In clock cycle: 270151
Register Write to Reg: 0x01 Val: 0x00505018
In clock cycle: 270154
Register Write to Reg: 0x05 Val: 0x00000001
In clock cycle: 270155
Register Write to Reg: 0x04 Val: 0x00505034
In clock cycle: 270158
Register Write to Reg: 0x01 Val: 0x00505028
In clock cycle: 270160
Memory Write to Addr: 0x10115000 Val: 0x00000001
In clock cycle: 271173
Register Write to Reg: 0x03 Val: 0x10116000
In clock cycle: 271176
Register Write to Reg: 0x03 Val: 0x10116000
In clock cycle: 271177
Register Write to Reg: 0x04 Val: 0x00506008
In clock cycle: 271180
Register Write to Reg: 0x04 Val: 0x00506018
In clock cycle: 271183
Register Write to Reg: 0x04 Val: 0x00506020
In clock cycle: 271186
Register Write to Reg: 0x01 Val: 0x00506018
In clock cycle: 271189
Register Write to Reg: 0x05 Val: 0x00000001
In clock cycle: 271190
Register Write to Reg: 0x04 Val: 0x00506034
In clock cycle: 271193
Register Write to Reg: 0x01 Val: 0x00506028
In clock cycle: 271195
Memory Write to Addr: 0x10116000 Val: 0x00000001
In clock cycle: 272208
Register Write to Reg: 0x03 Val: 0x10117000
In clock cycle: 272211
Register Write to Reg: 0x03 Val: 0x10117000
In clock cycle: 272212
Register Write to Reg: 0x04 Val: 0x00507008
In clock cycle: 272215
Register Write to Reg: 0x04 Val: 0x00507018
In clock cycle: 272218
Register Write to Reg: 0x04 Val: 0x00507020
In clock cycle: 272221
Register Write to Reg: 0x01 Val: 0x00507018
In clock cycle: 272224
Register Write to Reg: 0x05 Val: 0x00000001
In clock cycle: 272225
Register Write to Reg: 0x04 Val: 0x00507034
In clock cycle: 272228
Register Write to Reg: 0x01 Val: 0x00507028
In clock cycle: 272230
Memory Write to Addr: 0x10117000 Val: 0x00000001
In clock cycle: 273243
Register Write to Reg: 0x03 Val: 0x10118000
In clock cycle: 273246
Register Write to Reg: 0x03 Val: 0x10118000
In clock cycle: 273247
Register Write to Reg: 0x04 Val: 0x00508008
In clock cycle: 273250
Register Write to Reg: 0x04 Val: 0x00508018
In clock cycle: 273253
Register Write to Reg: 0x04 Val: 0x00508020
In clock cycle: 273256
Register Write to Reg: 0x01 Val: 0x00508018
In clock cycle: 273259
Register Write to Reg: 0x05 Val: 0x00000001
In clock cycle: 273260
Register Write to Reg: 0x04 Val: 0x00508034
In clock cycle: 273263
Register Write to Reg: 0x01 Val: 0x00508028
In clock cycle: 273265
Memory Write to Addr: 0x10118000 Val: 0x00000001
In clock cycle: 274278
Register Write to Reg: 0x03 Val: 0x10119000
In clock cycle: 274281
Register Write to Reg: 0x03 Val: 0x10119000
In clock cycle: 274282
Register Write to Reg: 0x04 Val: 0x00509008
In clock cycle: 274285
Register Write to Reg: 0x04 Val: 0x00509018
In clock cycle: 274288
Register Write to Reg: 0x04 Val: 0x00509020
In clock cycle: 274291
Register Write to Reg: 0x01 Val: 0x00509018
In clock cycle: 274294
Register Write to Reg: 0x05 Val: 0x00000001
In clock cycle: 274295
Register Write to Reg: 0x04 Val: 0x00509034
In clock cycle: 274298
Register Write to Reg: 0x01 Val: 0x00509028
In clock cycle: 274300
Memory Write to Addr: 0x10119000 Val: 0x00000001
In clock cycle: 275313
Register Write to Reg: 0x03 Val: 0x1011A000
In clock cycle: 275316
Register Write to Reg: 0x03 Val: 0x1011A000
In clock cycle: 275317
Register Write to Reg: 0x04 Val: 0x0050A008
In clock cycle: 275320
Register Write to Reg: 0x04 Val: 0x0050A018
In clock cycle: 275323
Register Write to Reg: 0x04 Val: 0x0050A020
In clock cycle: 275326
Register Write to Reg: 0x01 Val: 0x0050A018
In clock cycle: 275329
Register Write to Reg: 0x05 Val: 0x00000001
In clock cycle: 275330
Register Write to Reg: 0x04 Val: 0x0050A034
In clock cycle: 275333
Register Write to Reg: 0x01 Val: 0x0050A028
In clock cycle: 275335
Memory Write to Addr: 0x1011A000 Val: 0x00000001
In clock cycle: 276348
Register Write to Reg: 0x03 Val: 0x1011B000
In clock cycle: 276351
Register Write to Reg: 0x03 Val: 0x1011B000
In clock cycle: 276352
Register Write to Reg: 0x04 Val: 0x0050B008
In clock cycle: 276355
Register Write to Reg: 0x04 Val: 0x0050B018
In clock cycle: 276358
Register Write to Reg: 0x04 Val: 0x0050B020
In clock cycle: 276361
Register Write to Reg: 0x01 Val: 0x0050B018
In clock cycle: 276364
Register Write to Reg: 0x05 Val: 0x00000001
In clock cycle: 276365
Register Write to Reg: 0x04 Val: 0x0050B034
In clock cycle: 276368
Register Write to Reg: 0x01 Val: 0x0050B028
In clock cycle: 276370
Memory Write to Addr: 0x1011B000 Val: 0x00000001
In clock cycle: 277383
Register Write to Reg: 0x03 Val: 0x1011C000
In clock cycle: 277386
Register Write to Reg: 0x03 Val: 0x1011C000
In clock cycle: 277387
Register Write to Reg: 0x04 Val: 0x0050C008
In clock cycle: 277390
Register Write to Reg: 0x04 Val: 0x0050C018
In clock cycle: 277393
Register Write to Reg: 0x04 Val: 0x0050C020
In clock cycle: 277396
Register Write to Reg: 0x01 Val: 0x0050C018
In clock cycle: 277399
Register Write to Reg: 0x05 Val: 0x00000001
In clock cycle: 277400
Register Write to Reg: 0x04 Val: 0x0050C034
In clock cycle: 277403
Register Write to Reg: 0x01 Val: 0x0050C028
In clock cycle: 277405
Memory Write to Addr: 0x1011C000 Val: 0x00000001
In clock cycle: 278418
Register Write to Reg: 0x03 Val: 0x1011D000
In clock cycle: 278421
Register Write to Reg: 0x03 Val: 0x1011D000
In clock cycle: 278422
Register Write to Reg: 0x04 Val: 0x0050D008
In clock cycle: 278425
Register Write to Reg: 0x04 Val: 0x0050D018
In clock cycle: 278428
Register Write to Reg: 0x04 Val: 0x0050D020
In clock cycle: 278431
Register Write to Reg: 0x01 Val: 0x0050D018
In clock cycle: 278434
Register Write to Reg: 0x05 Val: 0x00000001
In clock cycle: 278435
Register Write to Reg: 0x04 Val: 0x0050D034
In clock cycle: 278438
Register Write to Reg: 0x01 Val: 0x0050D028
In clock cycle: 278440
Memory Write to Addr: 0x1011D000 Val: 0x00000001
In clock cycle: 279453
Register Write to Reg: 0x03 Val: 0x1011E000
In clock cycle: 279456
Register Write to Reg: 0x03 Val: 0x1011E000
In clock cycle: 279457
Register Write to Reg: 0x04 Val: 0x0050E008
In clock cycle: 279460
Register Write to Reg: 0x04 Val: 0x0050E018
In clock cycle: 279463
Register Write to Reg: 0x04 Val: 0x0050E020
In clock cycle: 279466
Register Write to Reg: 0x01 Val: 0x0050E018
In clock cycle: 279469
Register Write to Reg: 0x05 Val: 0x00000001
In clock cycle: 279470
Register Write to Reg: 0x04 Val: 0x0050E034
In clock cycle: 279473
Register Write to Reg: 0x01 Val: 0x0050E028
In clock cycle: 279475
Memory Write to Addr: 0x1011E000 Val: 0x00000001
In clock cycle: 280488
Register Write to Reg: 0x03 Val: 0x1011F000
In clock cycle: 280491
Register Write to Reg: 0x03 Val: 0x1011F000
In clock cycle: 280492
Register Write to Reg: 0x04 Val: 0x0050F008
In clock cycle: 280495
Register Write to Reg: 0x04 Val: 0x0050F018
In clock cycle: 280498
Register Write to Reg: 0x04 Val: 0x0050F020
In clock cycle: 280501
Register Write to Reg: 0x01 Val: 0x0050F018
In clock cycle: 280504
Register Write to Reg: 0x05 Val: 0x00000001
In clock cycle: 280505
Register Write to Reg: 0x04 Val: 0x0050F034
In clock cycle: 280508
Register Write to Reg: 0x01 Val: 0x0050F028
In clock cycle: 280510
Memory Write to Addr: 0x1011F000 Val: 0x00000001
In clock cycle: 281523
Register Write to Reg: 0x03 Val: 0x10120000
In clock cycle: 281526
Register Write to Reg: 0x03 Val: 0x10120000
In clock cycle: 281527
Register Write to Reg: 0x04 Val: 0x00510008
In clock cycle: 281530
Register Write to Reg: 0x04 Val: 0x00510018
In clock cycle: 281533
Register Write to Reg: 0x04 Val: 0x00510020
In clock cycle: 281536
Register Write to Reg: 0x01 Val: 0x00510018
In clock cycle: 281539
Register Write to Reg: 0x05 Val: 0x00000001
In clock cycle: 281540
Register Write to Reg: 0x04 Val: 0x00510034
In clock cycle: 281543
Register Write to Reg: 0x01 Val: 0x00510028
In clock cycle: 281545
Memory Write to Addr: 0x10120000 Val: 0x00000001
In clock cycle: 282558
Register Write to Reg: 0x03 Val: 0x10121000
In clock cycle: 282561
Register Write to Reg: 0x03 Val: 0x10121000
In clock cycle: 282562
Register Write to Reg: 0x04 Val: 0x00511008
In clock cycle: 282565
Register Write to Reg: 0x04 Val: 0x00511018
In clock cycle: 282568
Register Write to Reg: 0x04 Val: 0x00511020
In clock cycle: 282571
Register Write to Reg: 0x01 Val: 0x00511018
In clock cycle: 282574
Register Write to Reg: 0x05 Val: 0x00000001
In clock cycle: 282575
Register Write to Reg: 0x04 Val: 0x00511034
In clock cycle: 282578
Register Write to Reg: 0x01 Val: 0x00511028
In clock cycle: 282580
Memory Write to Addr: 0x10121000 Val: 0x00000001
In clock cycle: 283593
Register Write to Reg: 0x03 Val: 0x10122000
In clock cycle: 283596
Register Write to Reg: 0x03 Val: 0x10122000
In clock cycle: 283597
Register Write to Reg: 0x04 Val: 0x00512008
In clock cycle: 283600
Register Write to Reg: 0x04 Val: 0x00512018
In clock cycle: 283603
Register Write to Reg: 0x04 Val: 0x00512020
In clock cycle: 283606
Register Write to Reg: 0x01 Val: 0x00512018
In clock cycle: 283609
Register Write to Reg: 0x05 Val: 0x00000001
In clock cycle: 283610
Register Write to Reg: 0x04 Val: 0x00512034
In clock cycle: 283613
Register Write to Reg: 0x01 Val: 0x00512028
In clock cycle: 283615
Memory Write to Addr: 0x10122000 Val: 0x00000001
In clock cycle: 284628
Register Write to Reg: 0x03 Val: 0x10123000
In clock cycle: 284631
Register Write to Reg: 0x03 Val: 0x10123000
In clock cycle: 284632
Register Write to Reg: 0x04 Val: 0x00513008
In clock cycle: 284635
Register Write to Reg: 0x04 Val: 0x00513018
In clock cycle: 284638
Register Write to Reg: 0x04 Val: 0x00513020
In clock cycle: 284641
Register Write to Reg: 0x01 Val: 0x00513018
In clock cycle: 284644
Register Write to Reg: 0x05 Val: 0x00000001
In clock cycle: 284645
Register Write to Reg: 0x04 Val: 0x00513034
In clock cycle: 284648
Register Write to Reg: 0x01 Val: 0x00513028
In clock cycle: 284650
Memory Write to Addr: 0x10123000 Val: 0x00000001
In clock cycle: 285663
Register Write to Reg: 0x03 Val: 0x10124000
In clock cycle: 285666
Register Write to Reg: 0x03 Val: 0x10124000
In clock cycle: 285667
Register Write to Reg: 0x04 Val: 0x00514008
In clock cycle: 285670
Register Write to Reg: 0x04 Val: 0x00514018
In clock cycle: 285673
Register Write to Reg: 0x04 Val: 0x00514020
In clock cycle: 285676
Register Write to Reg: 0x01 Val: 0x00514018
In clock cycle: 285679
Register Write to Reg: 0x05 Val: 0x00000001
In clock cycle: 285680
Register Write to Reg: 0x04 Val: 0x00514034
In clock cycle: 285683
Register Write to Reg: 0x01 Val: 0x00514028
In clock cycle: 285685
Memory Write to Addr: 0x10124000 Val: 0x00000001
In clock cycle: 286698
Register Write to Reg: 0x03 Val: 0x10125000
In clock cycle: 286701
Register Write to Reg: 0x03 Val: 0x10125000
In clock cycle: 286702
Register Write to Reg: 0x04 Val: 0x00515008
In clock cycle: 286705
Register Write to Reg: 0x04 Val: 0x00515018
In clock cycle: 286708
Register Write to Reg: 0x04 Val: 0x00515020
In clock cycle: 286711
Register Write to Reg: 0x01 Val: 0x00515018
In clock cycle: 286714
Register Write to Reg: 0x05 Val: 0x00000001
In clock cycle: 286715
Register Write to Reg: 0x04 Val: 0x00515034
In clock cycle: 286718
Register Write to Reg: 0x01 Val: 0x00515028
In clock cycle: 286720
Memory Write to Addr: 0x10125000 Val: 0x00000001
In clock cycle: 287733
Register Write to Reg: 0x03 Val: 0x10126000
In clock cycle: 287736
Register Write to Reg: 0x03 Val: 0x10126000
In clock cycle: 287737
Register Write to Reg: 0x04 Val: 0x00516008
In clock cycle: 287740
Register Write to Reg: 0x04 Val: 0x00516018
In clock cycle: 287743
Register Write to Reg: 0x04 Val: 0x00516020
In clock cycle: 287746
Register Write to Reg: 0x01 Val: 0x00516018
In clock cycle: 287749
Register Write to Reg: 0x05 Val: 0x00000001
In clock cycle: 287750
Register Write to Reg: 0x04 Val: 0x00516034
In clock cycle: 287753
Register Write to Reg: 0x01 Val: 0x00516028
In clock cycle: 287755
Memory Write to Addr: 0x10126000 Val: 0x00000001
In clock cycle: 288768
Register Write to Reg: 0x03 Val: 0x10127000
In clock cycle: 288771
Register Write to Reg: 0x03 Val: 0x10127000
In clock cycle: 288772
Register Write to Reg: 0x04 Val: 0x00517008
In clock cycle: 288775
Register Write to Reg: 0x04 Val: 0x00517018
In clock cycle: 288778
Register Write to Reg: 0x04 Val: 0x00517020
In clock cycle: 288781
Register Write to Reg: 0x01 Val: 0x00517018
In clock cycle: 288784
Register Write to Reg: 0x05 Val: 0x00000001
In clock cycle: 288785
Register Write to Reg: 0x04 Val: 0x00517034
In clock cycle: 288788
Register Write to Reg: 0x01 Val: 0x00517028
In clock cycle: 288790
Memory Write to Addr: 0x10127000 Val: 0x00000001
In clock cycle: 289803
Register Write to Reg: 0x03 Val: 0x10128000
In clock cycle: 289806
Register Write to Reg: 0x03 Val: 0x10128000
In clock cycle: 289807
Register Write to Reg: 0x04 Val: 0x00518008
In clock cycle: 289810
Register Write to Reg: 0x04 Val: 0x00518018
In clock cycle: 289813
Register Write to Reg: 0x04 Val: 0x00518020
In clock cycle: 289816
Register Write to Reg: 0x01 Val: 0x00518018
In clock cycle: 289819
Register Write to Reg: 0x05 Val: 0x00000001
In clock cycle: 289820
Register Write to Reg: 0x04 Val: 0x00518034
In clock cycle: 289823
Register Write to Reg: 0x01 Val: 0x00518028
In clock cycle: 289825
Memory Write to Addr: 0x10128000 Val: 0x00000001
In clock cycle: 290838
Register Write to Reg: 0x03 Val: 0x10129000
In clock cycle: 290841
Register Write to Reg: 0x03 Val: 0x10129000
In clock cycle: 290842
Register Write to Reg: 0x04 Val: 0x00519008
In clock cycle: 290845
Register Write to Reg: 0x04 Val: 0x00519018
In clock cycle: 290848
Register Write to Reg: 0x04 Val: 0x00519020
In clock cycle: 290851
Register Write to Reg: 0x01 Val: 0x00519018
In clock cycle: 290854
Register Write to Reg: 0x05 Val: 0x00000001
In clock cycle: 290855
Register Write to Reg: 0x04 Val: 0x00519034
In clock cycle: 290858
Register Write to Reg: 0x01 Val: 0x00519028
In clock cycle: 290860
Memory Write to Addr: 0x10129000 Val: 0x00000001
In clock cycle: 291873
Register Write to Reg: 0x03 Val: 0x1012A000
In clock cycle: 291876
Register Write to Reg: 0x03 Val: 0x1012A000
In clock cycle: 291877
Register Write to Reg: 0x04 Val: 0x0051A008
In clock cycle: 291880
Register Write to Reg: 0x04 Val: 0x0051A018
In clock cycle: 291883
Register Write to Reg: 0x04 Val: 0x0051A020
In clock cycle: 291886
Register Write to Reg: 0x01 Val: 0x0051A018
In clock cycle: 291889
Register Write to Reg: 0x05 Val: 0x00000001
In clock cycle: 291890
Register Write to Reg: 0x04 Val: 0x0051A034
In clock cycle: 291893
Register Write to Reg: 0x01 Val: 0x0051A028
In clock cycle: 291895
Memory Write to Addr: 0x1012A000 Val: 0x00000001
In clock cycle: 292908
Register Write to Reg: 0x03 Val: 0x1012B000
In clock cycle: 292911
Register Write to Reg: 0x03 Val: 0x1012B000
In clock cycle: 292912
Register Write to Reg: 0x04 Val: 0x0051B008
In clock cycle: 292915
Register Write to Reg: 0x04 Val: 0x0051B018
In clock cycle: 292918
Register Write to Reg: 0x04 Val: 0x0051B020
In clock cycle: 292921
Register Write to Reg: 0x01 Val: 0x0051B018
In clock cycle: 292924
Register Write to Reg: 0x05 Val: 0x00000001
In clock cycle: 292925
Register Write to Reg: 0x04 Val: 0x0051B034
In clock cycle: 292928
Register Write to Reg: 0x01 Val: 0x0051B028
In clock cycle: 292930
Memory Write to Addr: 0x1012B000 Val: 0x00000001
In clock cycle: 293943
Register Write to Reg: 0x03 Val: 0x1012C000
In clock cycle: 293946
Register Write to Reg: 0x03 Val: 0x1012C000
In clock cycle: 293947
Register Write to Reg: 0x04 Val: 0x0051C008
In clock cycle: 293950
Register Write to Reg: 0x04 Val: 0x0051C018
In clock cycle: 293953
Register Write to Reg: 0x04 Val: 0x0051C020
In clock cycle: 293956
Register Write to Reg: 0x01 Val: 0x0051C018
In clock cycle: 293959
Register Write to Reg: 0x05 Val: 0x00000001
In clock cycle: 293960
Register Write to Reg: 0x04 Val: 0x0051C034
In clock cycle: 293963
Register Write to Reg: 0x01 Val: 0x0051C028
In clock cycle: 293965
Memory Write to Addr: 0x1012C000 Val: 0x00000001
In clock cycle: 294978
Register Write to Reg: 0x03 Val: 0x1012D000
In clock cycle: 294981
Register Write to Reg: 0x03 Val: 0x1012D000
In clock cycle: 294982
Register Write to Reg: 0x04 Val: 0x0051D008
In clock cycle: 294985
Register Write to Reg: 0x04 Val: 0x0051D018
In clock cycle: 294988
Register Write to Reg: 0x04 Val: 0x0051D020
In clock cycle: 294991
Register Write to Reg: 0x01 Val: 0x0051D018
In clock cycle: 294994
Register Write to Reg: 0x05 Val: 0x00000001
In clock cycle: 294995
Register Write to Reg: 0x04 Val: 0x0051D034
In clock cycle: 294998
Register Write to Reg: 0x01 Val: 0x0051D028
In clock cycle: 295000
Memory Write to Addr: 0x1012D000 Val: 0x00000001
In clock cycle: 296013
Register Write to Reg: 0x03 Val: 0x1012E000
In clock cycle: 296016
Register Write to Reg: 0x03 Val: 0x1012E000
In clock cycle: 296017
Register Write to Reg: 0x04 Val: 0x0051E008
In clock cycle: 296020
Register Write to Reg: 0x04 Val: 0x0051E018
In clock cycle: 296023
Register Write to Reg: 0x04 Val: 0x0051E020
In clock cycle: 296026
Register Write to Reg: 0x01 Val: 0x0051E018
In clock cycle: 296029
Register Write to Reg: 0x05 Val: 0x00000001
In clock cycle: 296030
Register Write to Reg: 0x04 Val: 0x0051E034
In clock cycle: 296033
Register Write to Reg: 0x01 Val: 0x0051E028
In clock cycle: 296035
Memory Write to Addr: 0x1012E000 Val: 0x00000001
In clock cycle: 297048
Register Write to Reg: 0x03 Val: 0x1012F000
In clock cycle: 297051
Register Write to Reg: 0x03 Val: 0x1012F000
In clock cycle: 297052
Register Write to Reg: 0x04 Val: 0x0051F008
In clock cycle: 297055
Register Write to Reg: 0x04 Val: 0x0051F018
In clock cycle: 297058
Register Write to Reg: 0x04 Val: 0x0051F020
In clock cycle: 297061
Register Write to Reg: 0x01 Val: 0x0051F018
In clock cycle: 297064
Register Write to Reg: 0x05 Val: 0x00000001
In clock cycle: 297065
Register Write to Reg: 0x04 Val: 0x0051F034
In clock cycle: 297068
Register Write to Reg: 0x01 Val: 0x0051F028
In clock cycle: 297070
Memory Write to Addr: 0x1012F000 Val: 0x00000001
In clock cycle: 298083
Register Write to Reg: 0x03 Val: 0x10130000
In clock cycle: 298086
Register Write to Reg: 0x03 Val: 0x10130000
In clock cycle: 298087
Register Write to Reg: 0x04 Val: 0x00520008
In clock cycle: 298090
Register Write to Reg: 0x04 Val: 0x00520018
In clock cycle: 298093
Register Write to Reg: 0x04 Val: 0x00520020
In clock cycle: 298096
Register Write to Reg: 0x01 Val: 0x00520018
In clock cycle: 298099
Register Write to Reg: 0x05 Val: 0x00000001
In clock cycle: 298100
Register Write to Reg: 0x04 Val: 0x00520034
In clock cycle: 298103
Register Write to Reg: 0x01 Val: 0x00520028
In clock cycle: 298105
Memory Write to Addr: 0x10130000 Val: 0x00000001
In clock cycle: 299118
Register Write to Reg: 0x03 Val: 0x10131000
In clock cycle: 299121
Register Write to Reg: 0x03 Val: 0x10131000
In clock cycle: 299122
Register Write to Reg: 0x04 Val: 0x00521008
In clock cycle: 299125
Register Write to Reg: 0x04 Val: 0x00521018
In clock cycle: 299128
Register Write to Reg: 0x04 Val: 0x00521020
In clock cycle: 299131
Register Write to Reg: 0x01 Val: 0x00521018
In clock cycle: 299134
Register Write to Reg: 0x05 Val: 0x00000001
In clock cycle: 299135
Register Write to Reg: 0x04 Val: 0x00521034
In clock cycle: 299138
Register Write to Reg: 0x01 Val: 0x00521028
In clock cycle: 299140
Memory Write to Addr: 0x10131000 Val: 0x00000001
In clock cycle: 300153
Register Write to Reg: 0x03 Val: 0x10132000
In clock cycle: 300156
Register Write to Reg: 0x03 Val: 0x10132000
In clock cycle: 300157
Register Write to Reg: 0x04 Val: 0x00522008
In clock cycle: 300160
Register Write to Reg: 0x04 Val: 0x00522018
In clock cycle: 300163
Register Write to Reg: 0x04 Val: 0x00522020
In clock cycle: 300166
Register Write to Reg: 0x01 Val: 0x00522018
In clock cycle: 300169
Register Write to Reg: 0x05 Val: 0x00000001
In clock cycle: 300170
Register Write to Reg: 0x04 Val: 0x00522034
In clock cycle: 300173
Register Write to Reg: 0x01 Val: 0x00522028
In clock cycle: 300175
Memory Write to Addr: 0x10132000 Val: 0x00000001
In clock cycle: 301188
Register Write to Reg: 0x03 Val: 0x10133000
In clock cycle: 301191
Register Write to Reg: 0x03 Val: 0x10133000
In clock cycle: 301192
Register Write to Reg: 0x04 Val: 0x00523008
In clock cycle: 301195
Register Write to Reg: 0x04 Val: 0x00523018
In clock cycle: 301198
Register Write to Reg: 0x04 Val: 0x00523020
In clock cycle: 301201
Register Write to Reg: 0x01 Val: 0x00523018
In clock cycle: 301204
Register Write to Reg: 0x05 Val: 0x00000001
In clock cycle: 301205
Register Write to Reg: 0x04 Val: 0x00523034
In clock cycle: 301208
Register Write to Reg: 0x01 Val: 0x00523028
In clock cycle: 301210
Memory Write to Addr: 0x10133000 Val: 0x00000001
In clock cycle: 302223
Register Write to Reg: 0x03 Val: 0x10134000
In clock cycle: 302226
Register Write to Reg: 0x03 Val: 0x10134000
In clock cycle: 302227
Register Write to Reg: 0x04 Val: 0x00524008
In clock cycle: 302230
Register Write to Reg: 0x04 Val: 0x00524018
In clock cycle: 302233
Register Write to Reg: 0x04 Val: 0x00524020
In clock cycle: 302236
Register Write to Reg: 0x01 Val: 0x00524018
In clock cycle: 302239
Register Write to Reg: 0x05 Val: 0x00000001
In clock cycle: 302240
Register Write to Reg: 0x04 Val: 0x00524034
In clock cycle: 302243
Register Write to Reg: 0x01 Val: 0x00524028
In clock cycle: 302245
Memory Write to Addr: 0x10134000 Val: 0x00000001
In clock cycle: 303258
Register Write to Reg: 0x03 Val: 0x10135000
In clock cycle: 303261
Register Write to Reg: 0x03 Val: 0x10135000
In clock cycle: 303262
Register Write to Reg: 0x04 Val: 0x00525008
In clock cycle: 303265
Register Write to Reg: 0x04 Val: 0x00525018
In clock cycle: 303268
Register Write to Reg: 0x04 Val: 0x00525020
In clock cycle: 303271
Register Write to Reg: 0x01 Val: 0x00525018
In clock cycle: 303274
Register Write to Reg: 0x05 Val: 0x00000001
In clock cycle: 303275
Register Write to Reg: 0x04 Val: 0x00525034
In clock cycle: 303278
Register Write to Reg: 0x01 Val: 0x00525028
In clock cycle: 303280
Memory Write to Addr: 0x10135000 Val: 0x00000001
In clock cycle: 304293
Register Write to Reg: 0x03 Val: 0x10136000
In clock cycle: 304296
Register Write to Reg: 0x03 Val: 0x10136000
In clock cycle: 304297
Register Write to Reg: 0x04 Val: 0x00526008
In clock cycle: 304300
Register Write to Reg: 0x04 Val: 0x00526018
In clock cycle: 304303
Register Write to Reg: 0x04 Val: 0x00526020
In clock cycle: 304306
Register Write to Reg: 0x01 Val: 0x00526018
In clock cycle: 304309
Register Write to Reg: 0x05 Val: 0x00000001
In clock cycle: 304310
Register Write to Reg: 0x04 Val: 0x00526034
In clock cycle: 304313
Register Write to Reg: 0x01 Val: 0x00526028
In clock cycle: 304315
Memory Write to Addr: 0x10136000 Val: 0x00000001
In clock cycle: 305328
Register Write to Reg: 0x03 Val: 0x10137000
In clock cycle: 305331
Register Write to Reg: 0x03 Val: 0x10137000
In clock cycle: 305332
Register Write to Reg: 0x04 Val: 0x00527008
In clock cycle: 305335
Register Write to Reg: 0x04 Val: 0x00527018
In clock cycle: 305338
Register Write to Reg: 0x04 Val: 0x00527020
In clock cycle: 305341
Register Write to Reg: 0x01 Val: 0x00527018
In clock cycle: 305344
Register Write to Reg: 0x05 Val: 0x00000001
In clock cycle: 305345
Register Write to Reg: 0x04 Val: 0x00527034
In clock cycle: 305348
Register Write to Reg: 0x01 Val: 0x00527028
In clock cycle: 305350
Memory Write to Addr: 0x10137000 Val: 0x00000001
In clock cycle: 306363
Register Write to Reg: 0x03 Val: 0x10138000
In clock cycle: 306366
Register Write to Reg: 0x03 Val: 0x10138000
In clock cycle: 306367
Register Write to Reg: 0x04 Val: 0x00528008
In clock cycle: 306370
Register Write to Reg: 0x04 Val: 0x00528018
In clock cycle: 306373
Register Write to Reg: 0x04 Val: 0x00528020
In clock cycle: 306376
Register Write to Reg: 0x01 Val: 0x00528018
In clock cycle: 306379
Register Write to Reg: 0x05 Val: 0x00000001
In clock cycle: 306380
Register Write to Reg: 0x04 Val: 0x00528034
In clock cycle: 306383
Register Write to Reg: 0x01 Val: 0x00528028
In clock cycle: 306385
Memory Write to Addr: 0x10138000 Val: 0x00000001
In clock cycle: 307398
Register Write to Reg: 0x03 Val: 0x10139000
In clock cycle: 307401
Register Write to Reg: 0x03 Val: 0x10139000
In clock cycle: 307402
Register Write to Reg: 0x04 Val: 0x00529008
In clock cycle: 307405
Register Write to Reg: 0x04 Val: 0x00529018
In clock cycle: 307408
Register Write to Reg: 0x04 Val: 0x00529020
In clock cycle: 307411
Register Write to Reg: 0x01 Val: 0x00529018
In clock cycle: 307414
Register Write to Reg: 0x05 Val: 0x00000001
In clock cycle: 307415
Register Write to Reg: 0x04 Val: 0x00529034
In clock cycle: 307418
Register Write to Reg: 0x01 Val: 0x00529028
In clock cycle: 307420
Memory Write to Addr: 0x10139000 Val: 0x00000001
In clock cycle: 308433
Register Write to Reg: 0x03 Val: 0x1013A000
In clock cycle: 308436
Register Write to Reg: 0x03 Val: 0x1013A000
In clock cycle: 308437
Register Write to Reg: 0x04 Val: 0x0052A008
In clock cycle: 308440
Register Write to Reg: 0x04 Val: 0x0052A018
In clock cycle: 308443
Register Write to Reg: 0x04 Val: 0x0052A020
In clock cycle: 308446
Register Write to Reg: 0x01 Val: 0x0052A018
In clock cycle: 308449
Register Write to Reg: 0x05 Val: 0x00000001
In clock cycle: 308450
Register Write to Reg: 0x04 Val: 0x0052A034
In clock cycle: 308453
Register Write to Reg: 0x01 Val: 0x0052A028
In clock cycle: 308455
Memory Write to Addr: 0x1013A000 Val: 0x00000001
In clock cycle: 309468
Register Write to Reg: 0x03 Val: 0x1013B000
In clock cycle: 309471
Register Write to Reg: 0x03 Val: 0x1013B000
In clock cycle: 309472
Register Write to Reg: 0x04 Val: 0x0052B008
In clock cycle: 309475
Register Write to Reg: 0x04 Val: 0x0052B018
In clock cycle: 309478
Register Write to Reg: 0x04 Val: 0x0052B020
In clock cycle: 309481
Register Write to Reg: 0x01 Val: 0x0052B018
In clock cycle: 309484
Register Write to Reg: 0x05 Val: 0x00000001
In clock cycle: 309485
Register Write to Reg: 0x04 Val: 0x0052B034
In clock cycle: 309488
Register Write to Reg: 0x01 Val: 0x0052B028
In clock cycle: 309490
Memory Write to Addr: 0x1013B000 Val: 0x00000001
In clock cycle: 310503
Register Write to Reg: 0x03 Val: 0x1013C000
In clock cycle: 310506
Register Write to Reg: 0x03 Val: 0x1013C000
In clock cycle: 310507
Register Write to Reg: 0x04 Val: 0x0052C008
In clock cycle: 310510
Register Write to Reg: 0x04 Val: 0x0052C018
In clock cycle: 310513
Register Write to Reg: 0x04 Val: 0x0052C020
In clock cycle: 310516
Register Write to Reg: 0x01 Val: 0x0052C018
In clock cycle: 310519
Register Write to Reg: 0x05 Val: 0x00000001
In clock cycle: 310520
Register Write to Reg: 0x04 Val: 0x0052C034
In clock cycle: 310523
Register Write to Reg: 0x01 Val: 0x0052C028
In clock cycle: 310525
Memory Write to Addr: 0x1013C000 Val: 0x00000001
In clock cycle: 311538
Register Write to Reg: 0x03 Val: 0x1013D000
In clock cycle: 311541
Register Write to Reg: 0x03 Val: 0x1013D000
In clock cycle: 311542
Register Write to Reg: 0x04 Val: 0x0052D008
In clock cycle: 311545
Register Write to Reg: 0x04 Val: 0x0052D018
In clock cycle: 311548
Register Write to Reg: 0x04 Val: 0x0052D020
In clock cycle: 311551
Register Write to Reg: 0x01 Val: 0x0052D018
In clock cycle: 311554
Register Write to Reg: 0x05 Val: 0x00000001
In clock cycle: 311555
Register Write to Reg: 0x04 Val: 0x0052D034
In clock cycle: 311558
Register Write to Reg: 0x01 Val: 0x0052D028
In clock cycle: 311560
Memory Write to Addr: 0x1013D000 Val: 0x00000001
In clock cycle: 312573
Register Write to Reg: 0x03 Val: 0x1013E000
In clock cycle: 312576
Register Write to Reg: 0x03 Val: 0x1013E000
In clock cycle: 312577
Register Write to Reg: 0x04 Val: 0x0052E008
In clock cycle: 312580
Register Write to Reg: 0x04 Val: 0x0052E018
In clock cycle: 312583
Register Write to Reg: 0x04 Val: 0x0052E020
In clock cycle: 312586
Register Write to Reg: 0x01 Val: 0x0052E018
In clock cycle: 312589
Register Write to Reg: 0x05 Val: 0x00000001
In clock cycle: 312590
Register Write to Reg: 0x04 Val: 0x0052E034
In clock cycle: 312593
Register Write to Reg: 0x01 Val: 0x0052E028
In clock cycle: 312595
Memory Write to Addr: 0x1013E000 Val: 0x00000001
In clock cycle: 313608
Register Write to Reg: 0x03 Val: 0x1013F000
In clock cycle: 313611
Register Write to Reg: 0x03 Val: 0x1013F000
In clock cycle: 313612
Register Write to Reg: 0x04 Val: 0x0052F008
In clock cycle: 313615
Register Write to Reg: 0x04 Val: 0x0052F018
In clock cycle: 313618
Register Write to Reg: 0x04 Val: 0x0052F020
In clock cycle: 313621
Register Write to Reg: 0x01 Val: 0x0052F018
In clock cycle: 313624
Register Write to Reg: 0x05 Val: 0x00000001
In clock cycle: 313625
Register Write to Reg: 0x04 Val: 0x0052F034
In clock cycle: 313628
Register Write to Reg: 0x01 Val: 0x0052F028
In clock cycle: 313630
Memory Write to Addr: 0x1013F000 Val: 0x00000001
In clock cycle: 314643
Register Write to Reg: 0x03 Val: 0x10140000
In clock cycle: 314646
Register Write to Reg: 0x03 Val: 0x10140000
In clock cycle: 314647
Register Write to Reg: 0x04 Val: 0x00530008
In clock cycle: 314650
Register Write to Reg: 0x04 Val: 0x00530018
In clock cycle: 314653
Register Write to Reg: 0x04 Val: 0x00530020
In clock cycle: 314656
Register Write to Reg: 0x01 Val: 0x00530018
In clock cycle: 314659
Register Write to Reg: 0x05 Val: 0x00000001
In clock cycle: 314660
Register Write to Reg: 0x04 Val: 0x00530034
In clock cycle: 314663
Register Write to Reg: 0x01 Val: 0x00530028
In clock cycle: 314665
Memory Write to Addr: 0x10140000 Val: 0x00000001
In clock cycle: 315678
Register Write to Reg: 0x03 Val: 0x10141000
In clock cycle: 315681
Register Write to Reg: 0x03 Val: 0x10141000
In clock cycle: 315682
Register Write to Reg: 0x04 Val: 0x00531008
In clock cycle: 315685
Register Write to Reg: 0x04 Val: 0x00531018
In clock cycle: 315688
Register Write to Reg: 0x04 Val: 0x00531020
In clock cycle: 315691
Register Write to Reg: 0x01 Val: 0x00531018
In clock cycle: 315694
Register Write to Reg: 0x05 Val: 0x00000001
In clock cycle: 315695
Register Write to Reg: 0x04 Val: 0x00531034
In clock cycle: 315698
Register Write to Reg: 0x01 Val: 0x00531028
In clock cycle: 315700
Memory Write to Addr: 0x10141000 Val: 0x00000001
In clock cycle: 316713
Register Write to Reg: 0x03 Val: 0x10142000
In clock cycle: 316716
Register Write to Reg: 0x03 Val: 0x10142000
In clock cycle: 316717
Register Write to Reg: 0x04 Val: 0x00532008
In clock cycle: 316720
Register Write to Reg: 0x04 Val: 0x00532018
In clock cycle: 316723
Register Write to Reg: 0x04 Val: 0x00532020
In clock cycle: 316726
Register Write to Reg: 0x01 Val: 0x00532018
In clock cycle: 316729
Register Write to Reg: 0x05 Val: 0x00000001
In clock cycle: 316730
Register Write to Reg: 0x04 Val: 0x00532034
In clock cycle: 316733
Register Write to Reg: 0x01 Val: 0x00532028
In clock cycle: 316735
Memory Write to Addr: 0x10142000 Val: 0x00000001
In clock cycle: 317748
Register Write to Reg: 0x03 Val: 0x10143000
In clock cycle: 317751
Register Write to Reg: 0x03 Val: 0x10143000
In clock cycle: 317752
Register Write to Reg: 0x04 Val: 0x00533008
In clock cycle: 317755
Register Write to Reg: 0x04 Val: 0x00533018
In clock cycle: 317758
Register Write to Reg: 0x04 Val: 0x00533020
In clock cycle: 317761
Register Write to Reg: 0x01 Val: 0x00533018
In clock cycle: 317764
Register Write to Reg: 0x05 Val: 0x00000001
In clock cycle: 317765
Register Write to Reg: 0x04 Val: 0x00533034
In clock cycle: 317768
Register Write to Reg: 0x01 Val: 0x00533028
In clock cycle: 317770
Memory Write to Addr: 0x10143000 Val: 0x00000001
In clock cycle: 318783
Register Write to Reg: 0x03 Val: 0x10144000
In clock cycle: 318786
Register Write to Reg: 0x03 Val: 0x10144000
In clock cycle: 318787
Register Write to Reg: 0x04 Val: 0x00534008
In clock cycle: 318790
Register Write to Reg: 0x04 Val: 0x00534018
In clock cycle: 318793
Register Write to Reg: 0x04 Val: 0x00534020
In clock cycle: 318796
Register Write to Reg: 0x01 Val: 0x00534018
In clock cycle: 318799
Register Write to Reg: 0x05 Val: 0x00000001
In clock cycle: 318800
Register Write to Reg: 0x04 Val: 0x00534034
In clock cycle: 318803
Register Write to Reg: 0x01 Val: 0x00534028
In clock cycle: 318805
Memory Write to Addr: 0x10144000 Val: 0x00000001
In clock cycle: 319818
Register Write to Reg: 0x03 Val: 0x10145000
In clock cycle: 319821
Register Write to Reg: 0x03 Val: 0x10145000
In clock cycle: 319822
Register Write to Reg: 0x04 Val: 0x00535008
In clock cycle: 319825
Register Write to Reg: 0x04 Val: 0x00535018
In clock cycle: 319828
Register Write to Reg: 0x04 Val: 0x00535020
In clock cycle: 319831
Register Write to Reg: 0x01 Val: 0x00535018
In clock cycle: 319834
Register Write to Reg: 0x05 Val: 0x00000001
In clock cycle: 319835
Register Write to Reg: 0x04 Val: 0x00535034
In clock cycle: 319838
Register Write to Reg: 0x01 Val: 0x00535028
In clock cycle: 319840
Memory Write to Addr: 0x10145000 Val: 0x00000001
In clock cycle: 320853
Register Write to Reg: 0x03 Val: 0x10146000
In clock cycle: 320856
Register Write to Reg: 0x03 Val: 0x10146000
In clock cycle: 320857
Register Write to Reg: 0x04 Val: 0x00536008
In clock cycle: 320860
Register Write to Reg: 0x04 Val: 0x00536018
In clock cycle: 320863
Register Write to Reg: 0x04 Val: 0x00536020
In clock cycle: 320866
Register Write to Reg: 0x01 Val: 0x00536018
In clock cycle: 320869
Register Write to Reg: 0x05 Val: 0x00000001
In clock cycle: 320870
Register Write to Reg: 0x04 Val: 0x00536034
In clock cycle: 320873
Register Write to Reg: 0x01 Val: 0x00536028
In clock cycle: 320875
Memory Write to Addr: 0x10146000 Val: 0x00000001
In clock cycle: 321888
Register Write to Reg: 0x03 Val: 0x10147000
In clock cycle: 321891
Register Write to Reg: 0x03 Val: 0x10147000
In clock cycle: 321892
Register Write to Reg: 0x04 Val: 0x00537008
In clock cycle: 321895
Register Write to Reg: 0x04 Val: 0x00537018
In clock cycle: 321898
Register Write to Reg: 0x04 Val: 0x00537020
In clock cycle: 321901
Register Write to Reg: 0x01 Val: 0x00537018
In clock cycle: 321904
Register Write to Reg: 0x05 Val: 0x00000001
In clock cycle: 321905
Register Write to Reg: 0x04 Val: 0x00537034
In clock cycle: 321908
Register Write to Reg: 0x01 Val: 0x00537028
In clock cycle: 321910
Memory Write to Addr: 0x10147000 Val: 0x00000001
In clock cycle: 322923
Register Write to Reg: 0x03 Val: 0x10148000
In clock cycle: 322926
Register Write to Reg: 0x03 Val: 0x10148000
In clock cycle: 322927
Register Write to Reg: 0x04 Val: 0x00538008
In clock cycle: 322930
Register Write to Reg: 0x04 Val: 0x00538018
In clock cycle: 322933
Register Write to Reg: 0x04 Val: 0x00538020
In clock cycle: 322936
Register Write to Reg: 0x01 Val: 0x00538018
In clock cycle: 322939
Register Write to Reg: 0x05 Val: 0x00000001
In clock cycle: 322940
Register Write to Reg: 0x04 Val: 0x00538034
In clock cycle: 322943
Register Write to Reg: 0x01 Val: 0x00538028
In clock cycle: 322945
Memory Write to Addr: 0x10148000 Val: 0x00000001
In clock cycle: 323958
Register Write to Reg: 0x03 Val: 0x10149000
In clock cycle: 323961
Register Write to Reg: 0x03 Val: 0x10149000
In clock cycle: 323962
Register Write to Reg: 0x04 Val: 0x00539008
In clock cycle: 323965
Register Write to Reg: 0x04 Val: 0x00539018
In clock cycle: 323968
Register Write to Reg: 0x04 Val: 0x00539020
In clock cycle: 323971
Register Write to Reg: 0x01 Val: 0x00539018
In clock cycle: 323974
Register Write to Reg: 0x05 Val: 0x00000001
In clock cycle: 323975
Register Write to Reg: 0x04 Val: 0x00539034
In clock cycle: 323978
Register Write to Reg: 0x01 Val: 0x00539028
In clock cycle: 323980
Memory Write to Addr: 0x10149000 Val: 0x00000001
In clock cycle: 324993
Register Write to Reg: 0x03 Val: 0x1014A000
In clock cycle: 324996
Register Write to Reg: 0x03 Val: 0x1014A000
In clock cycle: 324997
Register Write to Reg: 0x04 Val: 0x0053A008
In clock cycle: 325000
Register Write to Reg: 0x04 Val: 0x0053A018
In clock cycle: 325003
Register Write to Reg: 0x04 Val: 0x0053A020
In clock cycle: 325006
Register Write to Reg: 0x01 Val: 0x0053A018
In clock cycle: 325009
Register Write to Reg: 0x05 Val: 0x00000001
In clock cycle: 325010
Register Write to Reg: 0x04 Val: 0x0053A034
In clock cycle: 325013
Register Write to Reg: 0x01 Val: 0x0053A028
In clock cycle: 325015
Memory Write to Addr: 0x1014A000 Val: 0x00000001
In clock cycle: 326028
Register Write to Reg: 0x03 Val: 0x1014B000
In clock cycle: 326031
Register Write to Reg: 0x03 Val: 0x1014B000
In clock cycle: 326032
Register Write to Reg: 0x04 Val: 0x0053B008
In clock cycle: 326035
Register Write to Reg: 0x04 Val: 0x0053B018
In clock cycle: 326038
Register Write to Reg: 0x04 Val: 0x0053B020
In clock cycle: 326041
Register Write to Reg: 0x01 Val: 0x0053B018
In clock cycle: 326044
Register Write to Reg: 0x05 Val: 0x00000001
In clock cycle: 326045
Register Write to Reg: 0x04 Val: 0x0053B034
In clock cycle: 326048
Register Write to Reg: 0x01 Val: 0x0053B028
In clock cycle: 326050
Memory Write to Addr: 0x1014B000 Val: 0x00000001
In clock cycle: 327063
Register Write to Reg: 0x03 Val: 0x1014C000
In clock cycle: 327066
Register Write to Reg: 0x03 Val: 0x1014C000
In clock cycle: 327067
Register Write to Reg: 0x04 Val: 0x0053C008
In clock cycle: 327070
Register Write to Reg: 0x04 Val: 0x0053C018
In clock cycle: 327073
Register Write to Reg: 0x04 Val: 0x0053C020
In clock cycle: 327076
Register Write to Reg: 0x01 Val: 0x0053C018
In clock cycle: 327079
Register Write to Reg: 0x05 Val: 0x00000001
In clock cycle: 327080
Register Write to Reg: 0x04 Val: 0x0053C034
In clock cycle: 327083
Register Write to Reg: 0x01 Val: 0x0053C028
In clock cycle: 327085
Memory Write to Addr: 0x1014C000 Val: 0x00000001
In clock cycle: 328098
Register Write to Reg: 0x03 Val: 0x1014D000
In clock cycle: 328101
Register Write to Reg: 0x03 Val: 0x1014D000
In clock cycle: 328102
Register Write to Reg: 0x04 Val: 0x0053D008
In clock cycle: 328105
Register Write to Reg: 0x04 Val: 0x0053D018
In clock cycle: 328108
Register Write to Reg: 0x04 Val: 0x0053D020
In clock cycle: 328111
Register Write to Reg: 0x01 Val: 0x0053D018
In clock cycle: 328114
Register Write to Reg: 0x05 Val: 0x00000001
In clock cycle: 328115
Register Write to Reg: 0x04 Val: 0x0053D034
In clock cycle: 328118
Register Write to Reg: 0x01 Val: 0x0053D028
In clock cycle: 328120
Memory Write to Addr: 0x1014D000 Val: 0x00000001
In clock cycle: 329133
Register Write to Reg: 0x03 Val: 0x1014E000
In clock cycle: 329136
Register Write to Reg: 0x03 Val: 0x1014E000
In clock cycle: 329137
Register Write to Reg: 0x04 Val: 0x0053E008
In clock cycle: 329140
Register Write to Reg: 0x04 Val: 0x0053E018
In clock cycle: 329143
Register Write to Reg: 0x04 Val: 0x0053E020
In clock cycle: 329146
Register Write to Reg: 0x01 Val: 0x0053E018
In clock cycle: 329149
Register Write to Reg: 0x05 Val: 0x00000001
In clock cycle: 329150
Register Write to Reg: 0x04 Val: 0x0053E034
In clock cycle: 329153
Register Write to Reg: 0x01 Val: 0x0053E028
In clock cycle: 329155
Memory Write to Addr: 0x1014E000 Val: 0x00000001
In clock cycle: 330168
Register Write to Reg: 0x03 Val: 0x1014F000
In clock cycle: 330171
Register Write to Reg: 0x03 Val: 0x1014F000
In clock cycle: 330172
Register Write to Reg: 0x04 Val: 0x0053F008
In clock cycle: 330175
Register Write to Reg: 0x04 Val: 0x0053F018
In clock cycle: 330178
Register Write to Reg: 0x04 Val: 0x0053F020
In clock cycle: 330181
Register Write to Reg: 0x01 Val: 0x0053F018
In clock cycle: 330184
Register Write to Reg: 0x05 Val: 0x00000001
In clock cycle: 330185
Register Write to Reg: 0x04 Val: 0x0053F034
In clock cycle: 330188
Register Write to Reg: 0x01 Val: 0x0053F028
In clock cycle: 330190
Memory Write to Addr: 0x1014F000 Val: 0x00000001
In clock cycle: 331203
Register Write to Reg: 0x03 Val: 0x10150000
In clock cycle: 331206
Register Write to Reg: 0x03 Val: 0x10150000
In clock cycle: 331207
Register Write to Reg: 0x04 Val: 0x00540008
In clock cycle: 331210
Register Write to Reg: 0x04 Val: 0x00540018
In clock cycle: 331213
Register Write to Reg: 0x04 Val: 0x00540020
In clock cycle: 331216
Register Write to Reg: 0x01 Val: 0x00540018
In clock cycle: 331219
Register Write to Reg: 0x05 Val: 0x00000001
In clock cycle: 331220
Register Write to Reg: 0x04 Val: 0x00540034
In clock cycle: 331223
Register Write to Reg: 0x01 Val: 0x00540028
In clock cycle: 331225
Memory Write to Addr: 0x10150000 Val: 0x00000001
In clock cycle: 332238
Register Write to Reg: 0x03 Val: 0x10151000
In clock cycle: 332241
Register Write to Reg: 0x03 Val: 0x10151000
In clock cycle: 332242
Register Write to Reg: 0x04 Val: 0x00541008
In clock cycle: 332245
Register Write to Reg: 0x04 Val: 0x00541018
In clock cycle: 332248
Register Write to Reg: 0x04 Val: 0x00541020
In clock cycle: 332251
Register Write to Reg: 0x01 Val: 0x00541018
In clock cycle: 332254
Register Write to Reg: 0x05 Val: 0x00000001
In clock cycle: 332255
Register Write to Reg: 0x04 Val: 0x00541034
In clock cycle: 332258
Register Write to Reg: 0x01 Val: 0x00541028
In clock cycle: 332260
Memory Write to Addr: 0x10151000 Val: 0x00000001
In clock cycle: 333273
Register Write to Reg: 0x03 Val: 0x10152000
In clock cycle: 333276
Register Write to Reg: 0x03 Val: 0x10152000
In clock cycle: 333277
Register Write to Reg: 0x04 Val: 0x00542008
In clock cycle: 333280
Register Write to Reg: 0x04 Val: 0x00542018
In clock cycle: 333283
Register Write to Reg: 0x04 Val: 0x00542020
In clock cycle: 333286
Register Write to Reg: 0x01 Val: 0x00542018
In clock cycle: 333289
Register Write to Reg: 0x05 Val: 0x00000001
In clock cycle: 333290
Register Write to Reg: 0x04 Val: 0x00542034
In clock cycle: 333293
Register Write to Reg: 0x01 Val: 0x00542028
In clock cycle: 333295
Memory Write to Addr: 0x10152000 Val: 0x00000001
In clock cycle: 334308
Register Write to Reg: 0x03 Val: 0x10153000
In clock cycle: 334311
Register Write to Reg: 0x03 Val: 0x10153000
In clock cycle: 334312
Register Write to Reg: 0x04 Val: 0x00543008
In clock cycle: 334315
Register Write to Reg: 0x04 Val: 0x00543018
In clock cycle: 334318
Register Write to Reg: 0x04 Val: 0x00543020
In clock cycle: 334321
Register Write to Reg: 0x01 Val: 0x00543018
In clock cycle: 334324
Register Write to Reg: 0x05 Val: 0x00000001
In clock cycle: 334325
Register Write to Reg: 0x04 Val: 0x00543034
In clock cycle: 334328
Register Write to Reg: 0x01 Val: 0x00543028
In clock cycle: 334330
Memory Write to Addr: 0x10153000 Val: 0x00000001
In clock cycle: 335343
Register Write to Reg: 0x03 Val: 0x10154000
In clock cycle: 335346
Register Write to Reg: 0x03 Val: 0x10154000
In clock cycle: 335347
Register Write to Reg: 0x04 Val: 0x00544008
In clock cycle: 335350
Register Write to Reg: 0x04 Val: 0x00544018
In clock cycle: 335353
Register Write to Reg: 0x04 Val: 0x00544020
In clock cycle: 335356
Register Write to Reg: 0x01 Val: 0x00544018
In clock cycle: 335359
Register Write to Reg: 0x05 Val: 0x00000001
In clock cycle: 335360
Register Write to Reg: 0x04 Val: 0x00544034
In clock cycle: 335363
Register Write to Reg: 0x01 Val: 0x00544028
In clock cycle: 335365
Memory Write to Addr: 0x10154000 Val: 0x00000001
In clock cycle: 336378
Register Write to Reg: 0x03 Val: 0x10155000
In clock cycle: 336381
Register Write to Reg: 0x03 Val: 0x10155000
In clock cycle: 336382
Register Write to Reg: 0x04 Val: 0x00545008
In clock cycle: 336385
Register Write to Reg: 0x04 Val: 0x00545018
In clock cycle: 336388
Register Write to Reg: 0x04 Val: 0x00545020
In clock cycle: 336391
Register Write to Reg: 0x01 Val: 0x00545018
In clock cycle: 336394
Register Write to Reg: 0x05 Val: 0x00000001
In clock cycle: 336395
Register Write to Reg: 0x04 Val: 0x00545034
In clock cycle: 336398
Register Write to Reg: 0x01 Val: 0x00545028
In clock cycle: 336400
Memory Write to Addr: 0x10155000 Val: 0x00000001
In clock cycle: 337413
Register Write to Reg: 0x03 Val: 0x10156000
In clock cycle: 337416
Register Write to Reg: 0x03 Val: 0x10156000
In clock cycle: 337417
Register Write to Reg: 0x04 Val: 0x00546008
In clock cycle: 337420
Register Write to Reg: 0x04 Val: 0x00546018
In clock cycle: 337423
Register Write to Reg: 0x04 Val: 0x00546020
In clock cycle: 337426
Register Write to Reg: 0x01 Val: 0x00546018
In clock cycle: 337429
Register Write to Reg: 0x05 Val: 0x00000001
In clock cycle: 337430
Register Write to Reg: 0x04 Val: 0x00546034
In clock cycle: 337433
Register Write to Reg: 0x01 Val: 0x00546028
In clock cycle: 337435
Memory Write to Addr: 0x10156000 Val: 0x00000001
In clock cycle: 338448
Register Write to Reg: 0x03 Val: 0x10157000
In clock cycle: 338451
Register Write to Reg: 0x03 Val: 0x10157000
In clock cycle: 338452
Register Write to Reg: 0x04 Val: 0x00547008
In clock cycle: 338455
Register Write to Reg: 0x04 Val: 0x00547018
In clock cycle: 338458
Register Write to Reg: 0x04 Val: 0x00547020
In clock cycle: 338461
Register Write to Reg: 0x01 Val: 0x00547018
In clock cycle: 338464
Register Write to Reg: 0x05 Val: 0x00000001
In clock cycle: 338465
Register Write to Reg: 0x04 Val: 0x00547034
In clock cycle: 338468
Register Write to Reg: 0x01 Val: 0x00547028
In clock cycle: 338470
Memory Write to Addr: 0x10157000 Val: 0x00000001
In clock cycle: 339483
Register Write to Reg: 0x03 Val: 0x10158000
In clock cycle: 339486
Register Write to Reg: 0x03 Val: 0x10158000
In clock cycle: 339487
Register Write to Reg: 0x04 Val: 0x00548008
In clock cycle: 339490
Register Write to Reg: 0x04 Val: 0x00548018
In clock cycle: 339493
Register Write to Reg: 0x04 Val: 0x00548020
In clock cycle: 339496
Register Write to Reg: 0x01 Val: 0x00548018
In clock cycle: 339499
Register Write to Reg: 0x05 Val: 0x00000001
In clock cycle: 339500
Register Write to Reg: 0x04 Val: 0x00548034
In clock cycle: 339503
Register Write to Reg: 0x01 Val: 0x00548028
In clock cycle: 339505
Memory Write to Addr: 0x10158000 Val: 0x00000001
In clock cycle: 340518
Register Write to Reg: 0x03 Val: 0x10159000
In clock cycle: 340521
Register Write to Reg: 0x03 Val: 0x10159000
In clock cycle: 340522
Register Write to Reg: 0x04 Val: 0x00549008
In clock cycle: 340525
Register Write to Reg: 0x04 Val: 0x00549018
In clock cycle: 340528
Register Write to Reg: 0x04 Val: 0x00549020
In clock cycle: 340531
Register Write to Reg: 0x01 Val: 0x00549018
In clock cycle: 340534
Register Write to Reg: 0x05 Val: 0x00000001
In clock cycle: 340535
Register Write to Reg: 0x04 Val: 0x00549034
In clock cycle: 340538
Register Write to Reg: 0x01 Val: 0x00549028
In clock cycle: 340540
Memory Write to Addr: 0x10159000 Val: 0x00000001
In clock cycle: 341553
Register Write to Reg: 0x03 Val: 0x1015A000
In clock cycle: 341556
Register Write to Reg: 0x03 Val: 0x1015A000
In clock cycle: 341557
Register Write to Reg: 0x04 Val: 0x0054A008
In clock cycle: 341560
Register Write to Reg: 0x04 Val: 0x0054A018
In clock cycle: 341563
Register Write to Reg: 0x04 Val: 0x0054A020
In clock cycle: 341566
Register Write to Reg: 0x01 Val: 0x0054A018
In clock cycle: 341569
Register Write to Reg: 0x05 Val: 0x00000001
In clock cycle: 341570
Register Write to Reg: 0x04 Val: 0x0054A034
In clock cycle: 341573
Register Write to Reg: 0x01 Val: 0x0054A028
In clock cycle: 341575
Memory Write to Addr: 0x1015A000 Val: 0x00000001
In clock cycle: 342588
Register Write to Reg: 0x03 Val: 0x1015B000
In clock cycle: 342591
Register Write to Reg: 0x03 Val: 0x1015B000
In clock cycle: 342592
Register Write to Reg: 0x04 Val: 0x0054B008
In clock cycle: 342595
Register Write to Reg: 0x04 Val: 0x0054B018
In clock cycle: 342598
Register Write to Reg: 0x04 Val: 0x0054B020
In clock cycle: 342601
Register Write to Reg: 0x01 Val: 0x0054B018
In clock cycle: 342604
Register Write to Reg: 0x05 Val: 0x00000001
In clock cycle: 342605
Register Write to Reg: 0x04 Val: 0x0054B034
In clock cycle: 342608
Register Write to Reg: 0x01 Val: 0x0054B028
In clock cycle: 342610
Memory Write to Addr: 0x1015B000 Val: 0x00000001
In clock cycle: 343623
Register Write to Reg: 0x03 Val: 0x1015C000
In clock cycle: 343626
Register Write to Reg: 0x03 Val: 0x1015C000
In clock cycle: 343627
Register Write to Reg: 0x04 Val: 0x0054C008
In clock cycle: 343630
Register Write to Reg: 0x04 Val: 0x0054C018
In clock cycle: 343633
Register Write to Reg: 0x04 Val: 0x0054C020
In clock cycle: 343636
Register Write to Reg: 0x01 Val: 0x0054C018
In clock cycle: 343639
Register Write to Reg: 0x05 Val: 0x00000001
In clock cycle: 343640
Register Write to Reg: 0x04 Val: 0x0054C034
In clock cycle: 343643
Register Write to Reg: 0x01 Val: 0x0054C028
In clock cycle: 343645
Memory Write to Addr: 0x1015C000 Val: 0x00000001
In clock cycle: 344658
Register Write to Reg: 0x03 Val: 0x1015D000
In clock cycle: 344661
Register Write to Reg: 0x03 Val: 0x1015D000
In clock cycle: 344662
Register Write to Reg: 0x04 Val: 0x0054D008
In clock cycle: 344665
Register Write to Reg: 0x04 Val: 0x0054D018
In clock cycle: 344668
Register Write to Reg: 0x04 Val: 0x0054D020
In clock cycle: 344671
Register Write to Reg: 0x01 Val: 0x0054D018
In clock cycle: 344674
Register Write to Reg: 0x05 Val: 0x00000001
In clock cycle: 344675
Register Write to Reg: 0x04 Val: 0x0054D034
In clock cycle: 344678
Register Write to Reg: 0x01 Val: 0x0054D028
In clock cycle: 344680
Memory Write to Addr: 0x1015D000 Val: 0x00000001
In clock cycle: 345693
Register Write to Reg: 0x03 Val: 0x1015E000
In clock cycle: 345696
Register Write to Reg: 0x03 Val: 0x1015E000
In clock cycle: 345697
Register Write to Reg: 0x04 Val: 0x0054E008
In clock cycle: 345700
Register Write to Reg: 0x04 Val: 0x0054E018
In clock cycle: 345703
Register Write to Reg: 0x04 Val: 0x0054E020
In clock cycle: 345706
Register Write to Reg: 0x01 Val: 0x0054E018
In clock cycle: 345709
Register Write to Reg: 0x05 Val: 0x00000001
In clock cycle: 345710
Register Write to Reg: 0x04 Val: 0x0054E034
In clock cycle: 345713
Register Write to Reg: 0x01 Val: 0x0054E028
In clock cycle: 345715
Memory Write to Addr: 0x1015E000 Val: 0x00000001
In clock cycle: 346728
Register Write to Reg: 0x03 Val: 0x1015F000
In clock cycle: 346731
Register Write to Reg: 0x03 Val: 0x1015F000
In clock cycle: 346732
Register Write to Reg: 0x04 Val: 0x0054F008
In clock cycle: 346735
Register Write to Reg: 0x04 Val: 0x0054F018
In clock cycle: 346738
Register Write to Reg: 0x04 Val: 0x0054F020
In clock cycle: 346741
Register Write to Reg: 0x01 Val: 0x0054F018
In clock cycle: 346744
Register Write to Reg: 0x05 Val: 0x00000001
In clock cycle: 346745
Register Write to Reg: 0x04 Val: 0x0054F034
In clock cycle: 346748
Register Write to Reg: 0x01 Val: 0x0054F028
In clock cycle: 346750
Memory Write to Addr: 0x1015F000 Val: 0x00000001
In clock cycle: 347763
Register Write to Reg: 0x03 Val: 0x10160000
In clock cycle: 347766
Register Write to Reg: 0x03 Val: 0x10160000
In clock cycle: 347767
Register Write to Reg: 0x04 Val: 0x00550008
In clock cycle: 347770
Register Write to Reg: 0x04 Val: 0x00550018
In clock cycle: 347773
Register Write to Reg: 0x04 Val: 0x00550020
In clock cycle: 347776
Register Write to Reg: 0x01 Val: 0x00550018
In clock cycle: 347779
Register Write to Reg: 0x05 Val: 0x00000001
In clock cycle: 347780
Register Write to Reg: 0x04 Val: 0x00550034
In clock cycle: 347783
Register Write to Reg: 0x01 Val: 0x00550028
In clock cycle: 347785
Memory Write to Addr: 0x10160000 Val: 0x00000001
In clock cycle: 348798
Register Write to Reg: 0x03 Val: 0x10161000
In clock cycle: 348801
Register Write to Reg: 0x03 Val: 0x10161000
In clock cycle: 348802
Register Write to Reg: 0x04 Val: 0x00551008
In clock cycle: 348805
Register Write to Reg: 0x04 Val: 0x00551018
In clock cycle: 348808
Register Write to Reg: 0x04 Val: 0x00551020
In clock cycle: 348811
Register Write to Reg: 0x01 Val: 0x00551018
In clock cycle: 348814
Register Write to Reg: 0x05 Val: 0x00000001
In clock cycle: 348815
Register Write to Reg: 0x04 Val: 0x00551034
In clock cycle: 348818
Register Write to Reg: 0x01 Val: 0x00551028
In clock cycle: 348820
Memory Write to Addr: 0x10161000 Val: 0x00000001
In clock cycle: 349833
Register Write to Reg: 0x03 Val: 0x10162000
In clock cycle: 349836
Register Write to Reg: 0x03 Val: 0x10162000
In clock cycle: 349837
Register Write to Reg: 0x04 Val: 0x00552008
In clock cycle: 349840
Register Write to Reg: 0x04 Val: 0x00552018
In clock cycle: 349843
Register Write to Reg: 0x04 Val: 0x00552020
In clock cycle: 349846
Register Write to Reg: 0x01 Val: 0x00552018
In clock cycle: 349849
Register Write to Reg: 0x05 Val: 0x00000001
In clock cycle: 349850
Register Write to Reg: 0x04 Val: 0x00552034
In clock cycle: 349853
Register Write to Reg: 0x01 Val: 0x00552028
In clock cycle: 349855
Memory Write to Addr: 0x10162000 Val: 0x00000001
In clock cycle: 350868
Register Write to Reg: 0x03 Val: 0x10163000
In clock cycle: 350871
Register Write to Reg: 0x03 Val: 0x10163000
In clock cycle: 350872
Register Write to Reg: 0x04 Val: 0x00553008
In clock cycle: 350875
Register Write to Reg: 0x04 Val: 0x00553018
In clock cycle: 350878
Register Write to Reg: 0x04 Val: 0x00553020
In clock cycle: 350881
Register Write to Reg: 0x01 Val: 0x00553018
In clock cycle: 350884
Register Write to Reg: 0x05 Val: 0x00000001
In clock cycle: 350885
Register Write to Reg: 0x04 Val: 0x00553034
In clock cycle: 350888
Register Write to Reg: 0x01 Val: 0x00553028
In clock cycle: 350890
Memory Write to Addr: 0x10163000 Val: 0x00000001
In clock cycle: 351903
Register Write to Reg: 0x03 Val: 0x10164000
In clock cycle: 351906
Register Write to Reg: 0x03 Val: 0x10164000
In clock cycle: 351907
Register Write to Reg: 0x04 Val: 0x00554008
In clock cycle: 351910
Register Write to Reg: 0x04 Val: 0x00554018
In clock cycle: 351913
Register Write to Reg: 0x04 Val: 0x00554020
In clock cycle: 351916
Register Write to Reg: 0x01 Val: 0x00554018
In clock cycle: 351919
Register Write to Reg: 0x05 Val: 0x00000001
In clock cycle: 351920
Register Write to Reg: 0x04 Val: 0x00554034
In clock cycle: 351923
Register Write to Reg: 0x01 Val: 0x00554028
In clock cycle: 351925
Memory Write to Addr: 0x10164000 Val: 0x00000001
In clock cycle: 352938
Register Write to Reg: 0x03 Val: 0x10165000
In clock cycle: 352941
Register Write to Reg: 0x03 Val: 0x10165000
In clock cycle: 352942
Register Write to Reg: 0x04 Val: 0x00555008
In clock cycle: 352945
Register Write to Reg: 0x04 Val: 0x00555018
In clock cycle: 352948
Register Write to Reg: 0x04 Val: 0x00555020
In clock cycle: 352951
Register Write to Reg: 0x01 Val: 0x00555018
In clock cycle: 352954
Register Write to Reg: 0x05 Val: 0x00000001
In clock cycle: 352955
Register Write to Reg: 0x04 Val: 0x00555034
In clock cycle: 352958
Register Write to Reg: 0x01 Val: 0x00555028
In clock cycle: 352960
Memory Write to Addr: 0x10165000 Val: 0x00000001
In clock cycle: 353973
Register Write to Reg: 0x03 Val: 0x10166000
In clock cycle: 353976
Register Write to Reg: 0x03 Val: 0x10166000
In clock cycle: 353977
Register Write to Reg: 0x04 Val: 0x00556008
In clock cycle: 353980
Register Write to Reg: 0x04 Val: 0x00556018
In clock cycle: 353983
Register Write to Reg: 0x04 Val: 0x00556020
In clock cycle: 353986
Register Write to Reg: 0x01 Val: 0x00556018
In clock cycle: 353989
Register Write to Reg: 0x05 Val: 0x00000001
In clock cycle: 353990
Register Write to Reg: 0x04 Val: 0x00556034
In clock cycle: 353993
Register Write to Reg: 0x01 Val: 0x00556028
In clock cycle: 353995
Memory Write to Addr: 0x10166000 Val: 0x00000001
In clock cycle: 355008
Register Write to Reg: 0x03 Val: 0x10167000
In clock cycle: 355011
Register Write to Reg: 0x03 Val: 0x10167000
In clock cycle: 355012
Register Write to Reg: 0x04 Val: 0x00557008
In clock cycle: 355015
Register Write to Reg: 0x04 Val: 0x00557018
In clock cycle: 355018
Register Write to Reg: 0x04 Val: 0x00557020
In clock cycle: 355021
Register Write to Reg: 0x01 Val: 0x00557018
In clock cycle: 355024
Register Write to Reg: 0x05 Val: 0x00000001
In clock cycle: 355025
Register Write to Reg: 0x04 Val: 0x00557034
In clock cycle: 355028
Register Write to Reg: 0x01 Val: 0x00557028
In clock cycle: 355030
Memory Write to Addr: 0x10167000 Val: 0x00000001
In clock cycle: 356043
Register Write to Reg: 0x03 Val: 0x10168000
In clock cycle: 356046
Register Write to Reg: 0x03 Val: 0x10168000
In clock cycle: 356047
Register Write to Reg: 0x04 Val: 0x00558008
In clock cycle: 356050
Register Write to Reg: 0x04 Val: 0x00558018
In clock cycle: 356053
Register Write to Reg: 0x04 Val: 0x00558020
In clock cycle: 356056
Register Write to Reg: 0x01 Val: 0x00558018
In clock cycle: 356059
Register Write to Reg: 0x05 Val: 0x00000001
In clock cycle: 356060
Register Write to Reg: 0x04 Val: 0x00558034
In clock cycle: 356063
Register Write to Reg: 0x01 Val: 0x00558028
In clock cycle: 356065
Memory Write to Addr: 0x10168000 Val: 0x00000001
In clock cycle: 357078
Register Write to Reg: 0x03 Val: 0x10169000
In clock cycle: 357081
Register Write to Reg: 0x03 Val: 0x10169000
In clock cycle: 357082
Register Write to Reg: 0x04 Val: 0x00559008
In clock cycle: 357085
Register Write to Reg: 0x04 Val: 0x00559018
In clock cycle: 357088
Register Write to Reg: 0x04 Val: 0x00559020
In clock cycle: 357091
Register Write to Reg: 0x01 Val: 0x00559018
In clock cycle: 357094
Register Write to Reg: 0x05 Val: 0x00000001
In clock cycle: 357095
Register Write to Reg: 0x04 Val: 0x00559034
In clock cycle: 357098
Register Write to Reg: 0x01 Val: 0x00559028
In clock cycle: 357100
Memory Write to Addr: 0x10169000 Val: 0x00000001
In clock cycle: 358113
Register Write to Reg: 0x03 Val: 0x1016A000
In clock cycle: 358116
Register Write to Reg: 0x03 Val: 0x1016A000
In clock cycle: 358117
Register Write to Reg: 0x04 Val: 0x0055A008
In clock cycle: 358120
Register Write to Reg: 0x04 Val: 0x0055A018
In clock cycle: 358123
Register Write to Reg: 0x04 Val: 0x0055A020
In clock cycle: 358126
Register Write to Reg: 0x01 Val: 0x0055A018
In clock cycle: 358129
Register Write to Reg: 0x05 Val: 0x00000001
In clock cycle: 358130
Register Write to Reg: 0x04 Val: 0x0055A034
In clock cycle: 358133
Register Write to Reg: 0x01 Val: 0x0055A028
In clock cycle: 358135
Memory Write to Addr: 0x1016A000 Val: 0x00000001
In clock cycle: 359148
Register Write to Reg: 0x03 Val: 0x1016B000
In clock cycle: 359151
Register Write to Reg: 0x03 Val: 0x1016B000
In clock cycle: 359152
Register Write to Reg: 0x04 Val: 0x0055B008
In clock cycle: 359155
Register Write to Reg: 0x04 Val: 0x0055B018
In clock cycle: 359158
Register Write to Reg: 0x04 Val: 0x0055B020
In clock cycle: 359161
Register Write to Reg: 0x01 Val: 0x0055B018
In clock cycle: 359164
Register Write to Reg: 0x05 Val: 0x00000001
In clock cycle: 359165
Register Write to Reg: 0x04 Val: 0x0055B034
In clock cycle: 359168
Register Write to Reg: 0x01 Val: 0x0055B028
In clock cycle: 359170
Memory Write to Addr: 0x1016B000 Val: 0x00000001
In clock cycle: 360183
Register Write to Reg: 0x03 Val: 0x1016C000
In clock cycle: 360186
Register Write to Reg: 0x03 Val: 0x1016C000
In clock cycle: 360187
Register Write to Reg: 0x04 Val: 0x0055C008
In clock cycle: 360190
Register Write to Reg: 0x04 Val: 0x0055C018
In clock cycle: 360193
Register Write to Reg: 0x04 Val: 0x0055C020
In clock cycle: 360196
Register Write to Reg: 0x01 Val: 0x0055C018
In clock cycle: 360199
Register Write to Reg: 0x05 Val: 0x00000001
In clock cycle: 360200
Register Write to Reg: 0x04 Val: 0x0055C034
In clock cycle: 360203
Register Write to Reg: 0x01 Val: 0x0055C028
In clock cycle: 360205
Memory Write to Addr: 0x1016C000 Val: 0x00000001
In clock cycle: 361218
Register Write to Reg: 0x03 Val: 0x1016D000
In clock cycle: 361221
Register Write to Reg: 0x03 Val: 0x1016D000
In clock cycle: 361222
Register Write to Reg: 0x04 Val: 0x0055D008
In clock cycle: 361225
Register Write to Reg: 0x04 Val: 0x0055D018
In clock cycle: 361228
Register Write to Reg: 0x04 Val: 0x0055D020
In clock cycle: 361231
Register Write to Reg: 0x01 Val: 0x0055D018
In clock cycle: 361234
Register Write to Reg: 0x05 Val: 0x00000001
In clock cycle: 361235
Register Write to Reg: 0x04 Val: 0x0055D034
In clock cycle: 361238
Register Write to Reg: 0x01 Val: 0x0055D028
In clock cycle: 361240
Memory Write to Addr: 0x1016D000 Val: 0x00000001
In clock cycle: 362253
Register Write to Reg: 0x03 Val: 0x1016E000
In clock cycle: 362256
Register Write to Reg: 0x03 Val: 0x1016E000
In clock cycle: 362257
Register Write to Reg: 0x04 Val: 0x0055E008
In clock cycle: 362260
Register Write to Reg: 0x04 Val: 0x0055E018
In clock cycle: 362263
Register Write to Reg: 0x04 Val: 0x0055E020
In clock cycle: 362266
Register Write to Reg: 0x01 Val: 0x0055E018
In clock cycle: 362269
Register Write to Reg: 0x05 Val: 0x00000001
In clock cycle: 362270
Register Write to Reg: 0x04 Val: 0x0055E034
In clock cycle: 362273
Register Write to Reg: 0x01 Val: 0x0055E028
In clock cycle: 362275
Memory Write to Addr: 0x1016E000 Val: 0x00000001
In clock cycle: 363288
Register Write to Reg: 0x03 Val: 0x1016F000
In clock cycle: 363291
Register Write to Reg: 0x03 Val: 0x1016F000
In clock cycle: 363292
Register Write to Reg: 0x04 Val: 0x0055F008
In clock cycle: 363295
Register Write to Reg: 0x04 Val: 0x0055F018
In clock cycle: 363298
Register Write to Reg: 0x04 Val: 0x0055F020
In clock cycle: 363301
Register Write to Reg: 0x01 Val: 0x0055F018
In clock cycle: 363304
Register Write to Reg: 0x05 Val: 0x00000001
In clock cycle: 363305
Register Write to Reg: 0x04 Val: 0x0055F034
In clock cycle: 363308
Register Write to Reg: 0x01 Val: 0x0055F028
In clock cycle: 363310
Memory Write to Addr: 0x1016F000 Val: 0x00000001
In clock cycle: 364323
Register Write to Reg: 0x03 Val: 0x10170000
In clock cycle: 364326
Register Write to Reg: 0x03 Val: 0x10170000
In clock cycle: 364327
Register Write to Reg: 0x04 Val: 0x00560008
In clock cycle: 364330
Register Write to Reg: 0x04 Val: 0x00560018
In clock cycle: 364333
Register Write to Reg: 0x04 Val: 0x00560020
In clock cycle: 364336
Register Write to Reg: 0x01 Val: 0x00560018
In clock cycle: 364339
Register Write to Reg: 0x05 Val: 0x00000001
In clock cycle: 364340
Register Write to Reg: 0x04 Val: 0x00560034
In clock cycle: 364343
Register Write to Reg: 0x01 Val: 0x00560028
In clock cycle: 364345
Memory Write to Addr: 0x10170000 Val: 0x00000001
In clock cycle: 365358
Register Write to Reg: 0x03 Val: 0x10171000
In clock cycle: 365361
Register Write to Reg: 0x03 Val: 0x10171000
In clock cycle: 365362
Register Write to Reg: 0x04 Val: 0x00561008
In clock cycle: 365365
Register Write to Reg: 0x04 Val: 0x00561018
In clock cycle: 365368
Register Write to Reg: 0x04 Val: 0x00561020
In clock cycle: 365371
Register Write to Reg: 0x01 Val: 0x00561018
In clock cycle: 365374
Register Write to Reg: 0x05 Val: 0x00000001
In clock cycle: 365375
Register Write to Reg: 0x04 Val: 0x00561034
In clock cycle: 365378
Register Write to Reg: 0x01 Val: 0x00561028
In clock cycle: 365380
Memory Write to Addr: 0x10171000 Val: 0x00000001
In clock cycle: 366393
Register Write to Reg: 0x03 Val: 0x10172000
In clock cycle: 366396
Register Write to Reg: 0x03 Val: 0x10172000
In clock cycle: 366397
Register Write to Reg: 0x04 Val: 0x00562008
In clock cycle: 366400
Register Write to Reg: 0x04 Val: 0x00562018
In clock cycle: 366403
Register Write to Reg: 0x04 Val: 0x00562020
In clock cycle: 366406
Register Write to Reg: 0x01 Val: 0x00562018
In clock cycle: 366409
Register Write to Reg: 0x05 Val: 0x00000001
In clock cycle: 366410
Register Write to Reg: 0x04 Val: 0x00562034
In clock cycle: 366413
Register Write to Reg: 0x01 Val: 0x00562028
In clock cycle: 366415
Memory Write to Addr: 0x10172000 Val: 0x00000001
In clock cycle: 367428
Register Write to Reg: 0x03 Val: 0x10173000
In clock cycle: 367431
Register Write to Reg: 0x03 Val: 0x10173000
In clock cycle: 367432
Register Write to Reg: 0x04 Val: 0x00563008
In clock cycle: 367435
Register Write to Reg: 0x04 Val: 0x00563018
In clock cycle: 367438
Register Write to Reg: 0x04 Val: 0x00563020
In clock cycle: 367441
Register Write to Reg: 0x01 Val: 0x00563018
In clock cycle: 367444
Register Write to Reg: 0x05 Val: 0x00000001
In clock cycle: 367445
Register Write to Reg: 0x04 Val: 0x00563034
In clock cycle: 367448
Register Write to Reg: 0x01 Val: 0x00563028
In clock cycle: 367450
Memory Write to Addr: 0x10173000 Val: 0x00000001
In clock cycle: 368463
Register Write to Reg: 0x03 Val: 0x10174000
In clock cycle: 368466
Register Write to Reg: 0x03 Val: 0x10174000
In clock cycle: 368467
Register Write to Reg: 0x04 Val: 0x00564008
In clock cycle: 368470
Register Write to Reg: 0x04 Val: 0x00564018
In clock cycle: 368473
Register Write to Reg: 0x04 Val: 0x00564020
In clock cycle: 368476
Register Write to Reg: 0x01 Val: 0x00564018
In clock cycle: 368479
Register Write to Reg: 0x05 Val: 0x00000001
In clock cycle: 368480
Register Write to Reg: 0x04 Val: 0x00564034
In clock cycle: 368483
Register Write to Reg: 0x01 Val: 0x00564028
In clock cycle: 368485
Memory Write to Addr: 0x10174000 Val: 0x00000001
In clock cycle: 369498
Register Write to Reg: 0x03 Val: 0x10175000
In clock cycle: 369501
Register Write to Reg: 0x03 Val: 0x10175000
In clock cycle: 369502
Register Write to Reg: 0x04 Val: 0x00565008
In clock cycle: 369505
Register Write to Reg: 0x04 Val: 0x00565018
In clock cycle: 369508
Register Write to Reg: 0x04 Val: 0x00565020
In clock cycle: 369511
Register Write to Reg: 0x01 Val: 0x00565018
In clock cycle: 369514
Register Write to Reg: 0x05 Val: 0x00000001
In clock cycle: 369515
Register Write to Reg: 0x04 Val: 0x00565034
In clock cycle: 369518
Register Write to Reg: 0x01 Val: 0x00565028
In clock cycle: 369520
Memory Write to Addr: 0x10175000 Val: 0x00000001
In clock cycle: 370533
Register Write to Reg: 0x03 Val: 0x10176000
In clock cycle: 370536
Register Write to Reg: 0x03 Val: 0x10176000
In clock cycle: 370537
Register Write to Reg: 0x04 Val: 0x00566008
In clock cycle: 370540
Register Write to Reg: 0x04 Val: 0x00566018
In clock cycle: 370543
Register Write to Reg: 0x04 Val: 0x00566020
In clock cycle: 370546
Register Write to Reg: 0x01 Val: 0x00566018
In clock cycle: 370549
Register Write to Reg: 0x05 Val: 0x00000001
In clock cycle: 370550
Register Write to Reg: 0x04 Val: 0x00566034
In clock cycle: 370553
Register Write to Reg: 0x01 Val: 0x00566028
In clock cycle: 370555
Memory Write to Addr: 0x10176000 Val: 0x00000001
In clock cycle: 371568
Register Write to Reg: 0x03 Val: 0x10177000
In clock cycle: 371571
Register Write to Reg: 0x03 Val: 0x10177000
In clock cycle: 371572
Register Write to Reg: 0x04 Val: 0x00567008
In clock cycle: 371575
Register Write to Reg: 0x04 Val: 0x00567018
In clock cycle: 371578
Register Write to Reg: 0x04 Val: 0x00567020
In clock cycle: 371581
Register Write to Reg: 0x01 Val: 0x00567018
In clock cycle: 371584
Register Write to Reg: 0x05 Val: 0x00000001
In clock cycle: 371585
Register Write to Reg: 0x04 Val: 0x00567034
In clock cycle: 371588
Register Write to Reg: 0x01 Val: 0x00567028
In clock cycle: 371590
Memory Write to Addr: 0x10177000 Val: 0x00000001
In clock cycle: 372603
Register Write to Reg: 0x03 Val: 0x10178000
In clock cycle: 372606
Register Write to Reg: 0x03 Val: 0x10178000
In clock cycle: 372607
Register Write to Reg: 0x04 Val: 0x00568008
In clock cycle: 372610
Register Write to Reg: 0x04 Val: 0x00568018
In clock cycle: 372613
Register Write to Reg: 0x04 Val: 0x00568020
In clock cycle: 372616
Register Write to Reg: 0x01 Val: 0x00568018
In clock cycle: 372619
Register Write to Reg: 0x05 Val: 0x00000001
In clock cycle: 372620
Register Write to Reg: 0x04 Val: 0x00568034
In clock cycle: 372623
Register Write to Reg: 0x01 Val: 0x00568028
In clock cycle: 372625
Memory Write to Addr: 0x10178000 Val: 0x00000001
In clock cycle: 373638
Register Write to Reg: 0x03 Val: 0x10179000
In clock cycle: 373641
Register Write to Reg: 0x03 Val: 0x10179000
In clock cycle: 373642
Register Write to Reg: 0x04 Val: 0x00569008
In clock cycle: 373645
Register Write to Reg: 0x04 Val: 0x00569018
In clock cycle: 373648
Register Write to Reg: 0x04 Val: 0x00569020
In clock cycle: 373651
Register Write to Reg: 0x01 Val: 0x00569018
In clock cycle: 373654
Register Write to Reg: 0x05 Val: 0x00000001
In clock cycle: 373655
Register Write to Reg: 0x04 Val: 0x00569034
In clock cycle: 373658
Register Write to Reg: 0x01 Val: 0x00569028
In clock cycle: 373660
Memory Write to Addr: 0x10179000 Val: 0x00000001
In clock cycle: 374673
Register Write to Reg: 0x03 Val: 0x1017A000
In clock cycle: 374676
Register Write to Reg: 0x03 Val: 0x1017A000
In clock cycle: 374677
Register Write to Reg: 0x04 Val: 0x0056A008
In clock cycle: 374680
Register Write to Reg: 0x04 Val: 0x0056A018
In clock cycle: 374683
Register Write to Reg: 0x04 Val: 0x0056A020
In clock cycle: 374686
Register Write to Reg: 0x01 Val: 0x0056A018
In clock cycle: 374689
Register Write to Reg: 0x05 Val: 0x00000001
In clock cycle: 374690
Register Write to Reg: 0x04 Val: 0x0056A034
In clock cycle: 374693
Register Write to Reg: 0x01 Val: 0x0056A028
In clock cycle: 374695
Memory Write to Addr: 0x1017A000 Val: 0x00000001
In clock cycle: 375708
Register Write to Reg: 0x03 Val: 0x1017B000
In clock cycle: 375711
Register Write to Reg: 0x03 Val: 0x1017B000
In clock cycle: 375712
Register Write to Reg: 0x04 Val: 0x0056B008
In clock cycle: 375715
Register Write to Reg: 0x04 Val: 0x0056B018
In clock cycle: 375718
Register Write to Reg: 0x04 Val: 0x0056B020
In clock cycle: 375721
Register Write to Reg: 0x01 Val: 0x0056B018
In clock cycle: 375724
Register Write to Reg: 0x05 Val: 0x00000001
In clock cycle: 375725
Register Write to Reg: 0x04 Val: 0x0056B034
In clock cycle: 375728
Register Write to Reg: 0x01 Val: 0x0056B028
In clock cycle: 375730
Memory Write to Addr: 0x1017B000 Val: 0x00000001
In clock cycle: 376743
Register Write to Reg: 0x03 Val: 0x1017C000
In clock cycle: 376746
Register Write to Reg: 0x03 Val: 0x1017C000
In clock cycle: 376747
Register Write to Reg: 0x04 Val: 0x0056C008
In clock cycle: 376750
Register Write to Reg: 0x04 Val: 0x0056C018
In clock cycle: 376753
Register Write to Reg: 0x04 Val: 0x0056C020
In clock cycle: 376756
Register Write to Reg: 0x01 Val: 0x0056C018
In clock cycle: 376759
Register Write to Reg: 0x05 Val: 0x00000001
In clock cycle: 376760
Register Write to Reg: 0x04 Val: 0x0056C034
In clock cycle: 376763
Register Write to Reg: 0x01 Val: 0x0056C028
In clock cycle: 376765
Memory Write to Addr: 0x1017C000 Val: 0x00000001
In clock cycle: 377778
Register Write to Reg: 0x03 Val: 0x1017D000
In clock cycle: 377781
Register Write to Reg: 0x03 Val: 0x1017D000
In clock cycle: 377782
Register Write to Reg: 0x04 Val: 0x0056D008
In clock cycle: 377785
Register Write to Reg: 0x04 Val: 0x0056D018
In clock cycle: 377788
Register Write to Reg: 0x04 Val: 0x0056D020
In clock cycle: 377791
Register Write to Reg: 0x01 Val: 0x0056D018
In clock cycle: 377794
Register Write to Reg: 0x05 Val: 0x00000001
In clock cycle: 377795
Register Write to Reg: 0x04 Val: 0x0056D034
In clock cycle: 377798
Register Write to Reg: 0x01 Val: 0x0056D028
In clock cycle: 377800
Memory Write to Addr: 0x1017D000 Val: 0x00000001
In clock cycle: 378813
Register Write to Reg: 0x03 Val: 0x1017E000
In clock cycle: 378816
Register Write to Reg: 0x03 Val: 0x1017E000
In clock cycle: 378817
Register Write to Reg: 0x04 Val: 0x0056E008
In clock cycle: 378820
Register Write to Reg: 0x04 Val: 0x0056E018
In clock cycle: 378823
Register Write to Reg: 0x04 Val: 0x0056E020
In clock cycle: 378826
Register Write to Reg: 0x01 Val: 0x0056E018
In clock cycle: 378829
Register Write to Reg: 0x05 Val: 0x00000001
In clock cycle: 378830
Register Write to Reg: 0x04 Val: 0x0056E034
In clock cycle: 378833
Register Write to Reg: 0x01 Val: 0x0056E028
In clock cycle: 378835
Memory Write to Addr: 0x1017E000 Val: 0x00000001
In clock cycle: 379848
Register Write to Reg: 0x03 Val: 0x1017F000
In clock cycle: 379851
Register Write to Reg: 0x03 Val: 0x1017F000
In clock cycle: 379852
Register Write to Reg: 0x04 Val: 0x0056F008
In clock cycle: 379855
Register Write to Reg: 0x04 Val: 0x0056F018
In clock cycle: 379858
Register Write to Reg: 0x04 Val: 0x0056F020
In clock cycle: 379861
Register Write to Reg: 0x01 Val: 0x0056F018
In clock cycle: 379864
Register Write to Reg: 0x05 Val: 0x00000001
In clock cycle: 379865
Register Write to Reg: 0x04 Val: 0x0056F034
In clock cycle: 379868
Register Write to Reg: 0x01 Val: 0x0056F028
In clock cycle: 379870
Memory Write to Addr: 0x1017F000 Val: 0x00000001
In clock cycle: 380883
Register Write to Reg: 0x03 Val: 0x10180000
In clock cycle: 380886
Register Write to Reg: 0x03 Val: 0x10180000
In clock cycle: 380887
Register Write to Reg: 0x04 Val: 0x00570008
In clock cycle: 380890
Register Write to Reg: 0x04 Val: 0x00570018
In clock cycle: 380893
Register Write to Reg: 0x04 Val: 0x00570020
In clock cycle: 380896
Register Write to Reg: 0x01 Val: 0x00570018
In clock cycle: 380899
Register Write to Reg: 0x05 Val: 0x00000001
In clock cycle: 380900
Register Write to Reg: 0x04 Val: 0x00570034
In clock cycle: 380903
Register Write to Reg: 0x01 Val: 0x00570028
In clock cycle: 380905
Memory Write to Addr: 0x10180000 Val: 0x00000001
In clock cycle: 381918
Register Write to Reg: 0x03 Val: 0x10181000
In clock cycle: 381921
Register Write to Reg: 0x03 Val: 0x10181000
In clock cycle: 381922
Register Write to Reg: 0x04 Val: 0x00571008
In clock cycle: 381925
Register Write to Reg: 0x04 Val: 0x00571018
In clock cycle: 381928
Register Write to Reg: 0x04 Val: 0x00571020
In clock cycle: 381931
Register Write to Reg: 0x01 Val: 0x00571018
In clock cycle: 381934
Register Write to Reg: 0x05 Val: 0x00000001
In clock cycle: 381935
Register Write to Reg: 0x04 Val: 0x00571034
In clock cycle: 381938
Register Write to Reg: 0x01 Val: 0x00571028
In clock cycle: 381940
Memory Write to Addr: 0x10181000 Val: 0x00000001
In clock cycle: 382953
Register Write to Reg: 0x03 Val: 0x10182000
In clock cycle: 382956
Register Write to Reg: 0x03 Val: 0x10182000
In clock cycle: 382957
Register Write to Reg: 0x04 Val: 0x00572008
In clock cycle: 382960
Register Write to Reg: 0x04 Val: 0x00572018
In clock cycle: 382963
Register Write to Reg: 0x04 Val: 0x00572020
In clock cycle: 382966
Register Write to Reg: 0x01 Val: 0x00572018
In clock cycle: 382969
Register Write to Reg: 0x05 Val: 0x00000001
In clock cycle: 382970
Register Write to Reg: 0x04 Val: 0x00572034
In clock cycle: 382973
Register Write to Reg: 0x01 Val: 0x00572028
In clock cycle: 382975
Memory Write to Addr: 0x10182000 Val: 0x00000001
In clock cycle: 383988
Register Write to Reg: 0x03 Val: 0x10183000
In clock cycle: 383991
Register Write to Reg: 0x03 Val: 0x10183000
In clock cycle: 383992
Register Write to Reg: 0x04 Val: 0x00573008
In clock cycle: 383995
Register Write to Reg: 0x04 Val: 0x00573018
In clock cycle: 383998
Register Write to Reg: 0x04 Val: 0x00573020
In clock cycle: 384001
Register Write to Reg: 0x01 Val: 0x00573018
In clock cycle: 384004
Register Write to Reg: 0x05 Val: 0x00000001
In clock cycle: 384005
Register Write to Reg: 0x04 Val: 0x00573034
In clock cycle: 384008
Register Write to Reg: 0x01 Val: 0x00573028
In clock cycle: 384010
Memory Write to Addr: 0x10183000 Val: 0x00000001
In clock cycle: 385023
Register Write to Reg: 0x03 Val: 0x10184000
In clock cycle: 385026
Register Write to Reg: 0x03 Val: 0x10184000
In clock cycle: 385027
Register Write to Reg: 0x04 Val: 0x00574008
In clock cycle: 385030
Register Write to Reg: 0x04 Val: 0x00574018
In clock cycle: 385033
Register Write to Reg: 0x04 Val: 0x00574020
In clock cycle: 385036
Register Write to Reg: 0x01 Val: 0x00574018
In clock cycle: 385039
Register Write to Reg: 0x05 Val: 0x00000001
In clock cycle: 385040
Register Write to Reg: 0x04 Val: 0x00574034
In clock cycle: 385043
Register Write to Reg: 0x01 Val: 0x00574028
In clock cycle: 385045
Memory Write to Addr: 0x10184000 Val: 0x00000001
In clock cycle: 386058
Register Write to Reg: 0x03 Val: 0x10185000
In clock cycle: 386061
Register Write to Reg: 0x03 Val: 0x10185000
In clock cycle: 386062
Register Write to Reg: 0x04 Val: 0x00575008
In clock cycle: 386065
Register Write to Reg: 0x04 Val: 0x00575018
In clock cycle: 386068
Register Write to Reg: 0x04 Val: 0x00575020
In clock cycle: 386071
Register Write to Reg: 0x01 Val: 0x00575018
In clock cycle: 386074
Register Write to Reg: 0x05 Val: 0x00000001
In clock cycle: 386075
Register Write to Reg: 0x04 Val: 0x00575034
In clock cycle: 386078
Register Write to Reg: 0x01 Val: 0x00575028
In clock cycle: 386080
Memory Write to Addr: 0x10185000 Val: 0x00000001
In clock cycle: 387093
Register Write to Reg: 0x03 Val: 0x10186000
In clock cycle: 387096
Register Write to Reg: 0x03 Val: 0x10186000
In clock cycle: 387097
Register Write to Reg: 0x04 Val: 0x00576008
In clock cycle: 387100
Register Write to Reg: 0x04 Val: 0x00576018
In clock cycle: 387103
Register Write to Reg: 0x04 Val: 0x00576020
In clock cycle: 387106
Register Write to Reg: 0x01 Val: 0x00576018
In clock cycle: 387109
Register Write to Reg: 0x05 Val: 0x00000001
In clock cycle: 387110
Register Write to Reg: 0x04 Val: 0x00576034
In clock cycle: 387113
Register Write to Reg: 0x01 Val: 0x00576028
In clock cycle: 387115
Memory Write to Addr: 0x10186000 Val: 0x00000001
In clock cycle: 388128
Register Write to Reg: 0x03 Val: 0x10187000
In clock cycle: 388131
Register Write to Reg: 0x03 Val: 0x10187000
In clock cycle: 388132
Register Write to Reg: 0x04 Val: 0x00577008
In clock cycle: 388135
Register Write to Reg: 0x04 Val: 0x00577018
In clock cycle: 388138
Register Write to Reg: 0x04 Val: 0x00577020
In clock cycle: 388141
Register Write to Reg: 0x01 Val: 0x00577018
In clock cycle: 388144
Register Write to Reg: 0x05 Val: 0x00000001
In clock cycle: 388145
Register Write to Reg: 0x04 Val: 0x00577034
In clock cycle: 388148
Register Write to Reg: 0x01 Val: 0x00577028
In clock cycle: 388150
Memory Write to Addr: 0x10187000 Val: 0x00000001
In clock cycle: 389163
Register Write to Reg: 0x03 Val: 0x10188000
In clock cycle: 389166
Register Write to Reg: 0x03 Val: 0x10188000
In clock cycle: 389167
Register Write to Reg: 0x04 Val: 0x00578008
In clock cycle: 389170
Register Write to Reg: 0x04 Val: 0x00578018
In clock cycle: 389173
Register Write to Reg: 0x04 Val: 0x00578020
In clock cycle: 389176
Register Write to Reg: 0x01 Val: 0x00578018
In clock cycle: 389179
Register Write to Reg: 0x05 Val: 0x00000001
In clock cycle: 389180
Register Write to Reg: 0x04 Val: 0x00578034
In clock cycle: 389183
Register Write to Reg: 0x01 Val: 0x00578028
In clock cycle: 389185
Memory Write to Addr: 0x10188000 Val: 0x00000001
In clock cycle: 390198
Register Write to Reg: 0x03 Val: 0x10189000
In clock cycle: 390201
Register Write to Reg: 0x03 Val: 0x10189000
In clock cycle: 390202
Register Write to Reg: 0x04 Val: 0x00579008
In clock cycle: 390205
Register Write to Reg: 0x04 Val: 0x00579018
In clock cycle: 390208
Register Write to Reg: 0x04 Val: 0x00579020
In clock cycle: 390211
Register Write to Reg: 0x01 Val: 0x00579018
In clock cycle: 390214
Register Write to Reg: 0x05 Val: 0x00000001
In clock cycle: 390215
Register Write to Reg: 0x04 Val: 0x00579034
In clock cycle: 390218
Register Write to Reg: 0x01 Val: 0x00579028
In clock cycle: 390220
Memory Write to Addr: 0x10189000 Val: 0x00000001
In clock cycle: 391233
Register Write to Reg: 0x03 Val: 0x1018A000
In clock cycle: 391236
Register Write to Reg: 0x03 Val: 0x1018A000
In clock cycle: 391237
Register Write to Reg: 0x04 Val: 0x0057A008
In clock cycle: 391240
Register Write to Reg: 0x04 Val: 0x0057A018
In clock cycle: 391243
Register Write to Reg: 0x04 Val: 0x0057A020
In clock cycle: 391246
Register Write to Reg: 0x01 Val: 0x0057A018
In clock cycle: 391249
Register Write to Reg: 0x05 Val: 0x00000001
In clock cycle: 391250
Register Write to Reg: 0x04 Val: 0x0057A034
In clock cycle: 391253
Register Write to Reg: 0x01 Val: 0x0057A028
In clock cycle: 391255
Memory Write to Addr: 0x1018A000 Val: 0x00000001
In clock cycle: 392268
Register Write to Reg: 0x03 Val: 0x1018B000
In clock cycle: 392271
Register Write to Reg: 0x03 Val: 0x1018B000
In clock cycle: 392272
Register Write to Reg: 0x04 Val: 0x0057B008
In clock cycle: 392275
Register Write to Reg: 0x04 Val: 0x0057B018
In clock cycle: 392278
Register Write to Reg: 0x04 Val: 0x0057B020
In clock cycle: 392281
Register Write to Reg: 0x01 Val: 0x0057B018
In clock cycle: 392284
Register Write to Reg: 0x05 Val: 0x00000001
In clock cycle: 392285
Register Write to Reg: 0x04 Val: 0x0057B034
In clock cycle: 392288
Register Write to Reg: 0x01 Val: 0x0057B028
In clock cycle: 392290
Memory Write to Addr: 0x1018B000 Val: 0x00000001
In clock cycle: 393303
Register Write to Reg: 0x03 Val: 0x1018C000
In clock cycle: 393306
Register Write to Reg: 0x03 Val: 0x1018C000
In clock cycle: 393307
Register Write to Reg: 0x04 Val: 0x0057C008
In clock cycle: 393310
Register Write to Reg: 0x04 Val: 0x0057C018
In clock cycle: 393313
Register Write to Reg: 0x04 Val: 0x0057C020
In clock cycle: 393316
Register Write to Reg: 0x01 Val: 0x0057C018
In clock cycle: 393319
Register Write to Reg: 0x05 Val: 0x00000001
In clock cycle: 393320
Register Write to Reg: 0x04 Val: 0x0057C034
In clock cycle: 393323
Register Write to Reg: 0x01 Val: 0x0057C028
In clock cycle: 393325
Memory Write to Addr: 0x1018C000 Val: 0x00000001
In clock cycle: 394338
Register Write to Reg: 0x03 Val: 0x1018D000
In clock cycle: 394341
Register Write to Reg: 0x03 Val: 0x1018D000
In clock cycle: 394342
Register Write to Reg: 0x04 Val: 0x0057D008
In clock cycle: 394345
Register Write to Reg: 0x04 Val: 0x0057D018
In clock cycle: 394348
Register Write to Reg: 0x04 Val: 0x0057D020
In clock cycle: 394351
Register Write to Reg: 0x01 Val: 0x0057D018
In clock cycle: 394354
Register Write to Reg: 0x05 Val: 0x00000001
In clock cycle: 394355
Register Write to Reg: 0x04 Val: 0x0057D034
In clock cycle: 394358
Register Write to Reg: 0x01 Val: 0x0057D028
In clock cycle: 394360
Memory Write to Addr: 0x1018D000 Val: 0x00000001
In clock cycle: 395373
Register Write to Reg: 0x03 Val: 0x1018E000
In clock cycle: 395376
Register Write to Reg: 0x03 Val: 0x1018E000
In clock cycle: 395377
Register Write to Reg: 0x04 Val: 0x0057E008
In clock cycle: 395380
Register Write to Reg: 0x04 Val: 0x0057E018
In clock cycle: 395383
Register Write to Reg: 0x04 Val: 0x0057E020
In clock cycle: 395386
Register Write to Reg: 0x01 Val: 0x0057E018
In clock cycle: 395389
Register Write to Reg: 0x05 Val: 0x00000001
In clock cycle: 395390
Register Write to Reg: 0x04 Val: 0x0057E034
In clock cycle: 395393
Register Write to Reg: 0x01 Val: 0x0057E028
In clock cycle: 395395
Memory Write to Addr: 0x1018E000 Val: 0x00000001
In clock cycle: 396408
Register Write to Reg: 0x03 Val: 0x1018F000
In clock cycle: 396411
Register Write to Reg: 0x03 Val: 0x1018F000
In clock cycle: 396412
Register Write to Reg: 0x04 Val: 0x0057F008
In clock cycle: 396415
Register Write to Reg: 0x04 Val: 0x0057F018
In clock cycle: 396418
Register Write to Reg: 0x04 Val: 0x0057F020
In clock cycle: 396421
Register Write to Reg: 0x01 Val: 0x0057F018
In clock cycle: 396424
Register Write to Reg: 0x05 Val: 0x00000001
In clock cycle: 396425
Register Write to Reg: 0x04 Val: 0x0057F034
In clock cycle: 396428
Register Write to Reg: 0x01 Val: 0x0057F028
In clock cycle: 396430
Memory Write to Addr: 0x1018F000 Val: 0x00000001
In clock cycle: 397443
Register Write to Reg: 0x03 Val: 0x10190000
In clock cycle: 397446
Register Write to Reg: 0x03 Val: 0x10190000
In clock cycle: 397447
Register Write to Reg: 0x04 Val: 0x00580008
In clock cycle: 397450
Register Write to Reg: 0x04 Val: 0x00580018
In clock cycle: 397453
Register Write to Reg: 0x04 Val: 0x00580020
In clock cycle: 397456
Register Write to Reg: 0x01 Val: 0x00580018
In clock cycle: 397459
Register Write to Reg: 0x05 Val: 0x00000001
In clock cycle: 397460
Register Write to Reg: 0x04 Val: 0x00580034
In clock cycle: 397463
Register Write to Reg: 0x01 Val: 0x00580028
In clock cycle: 397465
Memory Write to Addr: 0x10190000 Val: 0x00000001
In clock cycle: 398478
Register Write to Reg: 0x03 Val: 0x10191000
In clock cycle: 398481
Register Write to Reg: 0x03 Val: 0x10191000
In clock cycle: 398482
Register Write to Reg: 0x04 Val: 0x00581008
In clock cycle: 398485
Register Write to Reg: 0x04 Val: 0x00581018
In clock cycle: 398488
Register Write to Reg: 0x04 Val: 0x00581020
In clock cycle: 398491
Register Write to Reg: 0x01 Val: 0x00581018
In clock cycle: 398494
Register Write to Reg: 0x05 Val: 0x00000001
In clock cycle: 398495
Register Write to Reg: 0x04 Val: 0x00581034
In clock cycle: 398498
Register Write to Reg: 0x01 Val: 0x00581028
In clock cycle: 398500
Memory Write to Addr: 0x10191000 Val: 0x00000001
In clock cycle: 399513
Register Write to Reg: 0x03 Val: 0x10192000
In clock cycle: 399516
Register Write to Reg: 0x03 Val: 0x10192000
In clock cycle: 399517
Register Write to Reg: 0x04 Val: 0x00582008
In clock cycle: 399520
Register Write to Reg: 0x04 Val: 0x00582018
In clock cycle: 399523
Register Write to Reg: 0x04 Val: 0x00582020
In clock cycle: 399526
Register Write to Reg: 0x01 Val: 0x00582018
In clock cycle: 399529
Register Write to Reg: 0x05 Val: 0x00000001
In clock cycle: 399530
Register Write to Reg: 0x04 Val: 0x00582034
In clock cycle: 399533
Register Write to Reg: 0x01 Val: 0x00582028
In clock cycle: 399535
Memory Write to Addr: 0x10192000 Val: 0x00000001
In clock cycle: 400548
Register Write to Reg: 0x03 Val: 0x10193000
In clock cycle: 400551
Register Write to Reg: 0x03 Val: 0x10193000
In clock cycle: 400552
Register Write to Reg: 0x04 Val: 0x00583008
In clock cycle: 400555
Register Write to Reg: 0x04 Val: 0x00583018
In clock cycle: 400558
Register Write to Reg: 0x04 Val: 0x00583020
In clock cycle: 400561
Register Write to Reg: 0x01 Val: 0x00583018
In clock cycle: 400564
Register Write to Reg: 0x05 Val: 0x00000001
In clock cycle: 400565
Register Write to Reg: 0x04 Val: 0x00583034
In clock cycle: 400568
Register Write to Reg: 0x01 Val: 0x00583028
In clock cycle: 400570
Memory Write to Addr: 0x10193000 Val: 0x00000001
In clock cycle: 401583
Register Write to Reg: 0x03 Val: 0x10194000
In clock cycle: 401586
Register Write to Reg: 0x03 Val: 0x10194000
In clock cycle: 401587
Register Write to Reg: 0x04 Val: 0x00584008
In clock cycle: 401590
Register Write to Reg: 0x04 Val: 0x00584018
In clock cycle: 401593
Register Write to Reg: 0x04 Val: 0x00584020
In clock cycle: 401596
Register Write to Reg: 0x01 Val: 0x00584018
In clock cycle: 401599
Register Write to Reg: 0x05 Val: 0x00000001
In clock cycle: 401600
Register Write to Reg: 0x04 Val: 0x00584034
In clock cycle: 401603
Register Write to Reg: 0x01 Val: 0x00584028
In clock cycle: 401605
Memory Write to Addr: 0x10194000 Val: 0x00000001
In clock cycle: 402618
Register Write to Reg: 0x03 Val: 0x10195000
In clock cycle: 402621
Register Write to Reg: 0x03 Val: 0x10195000
In clock cycle: 402622
Register Write to Reg: 0x04 Val: 0x00585008
In clock cycle: 402625
Register Write to Reg: 0x04 Val: 0x00585018
In clock cycle: 402628
Register Write to Reg: 0x04 Val: 0x00585020
In clock cycle: 402631
Register Write to Reg: 0x01 Val: 0x00585018
In clock cycle: 402634
Register Write to Reg: 0x05 Val: 0x00000001
In clock cycle: 402635
Register Write to Reg: 0x04 Val: 0x00585034
In clock cycle: 402638
Register Write to Reg: 0x01 Val: 0x00585028
In clock cycle: 402640
Memory Write to Addr: 0x10195000 Val: 0x00000001
In clock cycle: 403653
Register Write to Reg: 0x03 Val: 0x10196000
In clock cycle: 403656
Register Write to Reg: 0x03 Val: 0x10196000
In clock cycle: 403657
Register Write to Reg: 0x04 Val: 0x00586008
In clock cycle: 403660
Register Write to Reg: 0x04 Val: 0x00586018
In clock cycle: 403663
Register Write to Reg: 0x04 Val: 0x00586020
In clock cycle: 403666
Register Write to Reg: 0x01 Val: 0x00586018
In clock cycle: 403669
Register Write to Reg: 0x05 Val: 0x00000001
In clock cycle: 403670
Register Write to Reg: 0x04 Val: 0x00586034
In clock cycle: 403673
Register Write to Reg: 0x01 Val: 0x00586028
In clock cycle: 403675
Memory Write to Addr: 0x10196000 Val: 0x00000001
In clock cycle: 404688
Register Write to Reg: 0x03 Val: 0x10197000
In clock cycle: 404691
Register Write to Reg: 0x03 Val: 0x10197000
In clock cycle: 404692
Register Write to Reg: 0x04 Val: 0x00587008
In clock cycle: 404695
Register Write to Reg: 0x04 Val: 0x00587018
In clock cycle: 404698
Register Write to Reg: 0x04 Val: 0x00587020
In clock cycle: 404701
Register Write to Reg: 0x01 Val: 0x00587018
In clock cycle: 404704
Register Write to Reg: 0x05 Val: 0x00000001
In clock cycle: 404705
Register Write to Reg: 0x04 Val: 0x00587034
In clock cycle: 404708
Register Write to Reg: 0x01 Val: 0x00587028
In clock cycle: 404710
Memory Write to Addr: 0x10197000 Val: 0x00000001
In clock cycle: 405723
Register Write to Reg: 0x03 Val: 0x10198000
In clock cycle: 405726
Register Write to Reg: 0x03 Val: 0x10198000
In clock cycle: 405727
Register Write to Reg: 0x04 Val: 0x00588008
In clock cycle: 405730
Register Write to Reg: 0x04 Val: 0x00588018
In clock cycle: 405733
Register Write to Reg: 0x04 Val: 0x00588020
In clock cycle: 405736
Register Write to Reg: 0x01 Val: 0x00588018
In clock cycle: 405739
Register Write to Reg: 0x05 Val: 0x00000001
In clock cycle: 405740
Register Write to Reg: 0x04 Val: 0x00588034
In clock cycle: 405743
Register Write to Reg: 0x01 Val: 0x00588028
In clock cycle: 405745
Memory Write to Addr: 0x10198000 Val: 0x00000001
In clock cycle: 406758
Register Write to Reg: 0x03 Val: 0x10199000
In clock cycle: 406761
Register Write to Reg: 0x03 Val: 0x10199000
In clock cycle: 406762
Register Write to Reg: 0x04 Val: 0x00589008
In clock cycle: 406765
Register Write to Reg: 0x04 Val: 0x00589018
In clock cycle: 406768
Register Write to Reg: 0x04 Val: 0x00589020
In clock cycle: 406771
Register Write to Reg: 0x01 Val: 0x00589018
In clock cycle: 406774
Register Write to Reg: 0x05 Val: 0x00000001
In clock cycle: 406775
Register Write to Reg: 0x04 Val: 0x00589034
In clock cycle: 406778
Register Write to Reg: 0x01 Val: 0x00589028
In clock cycle: 406780
Memory Write to Addr: 0x10199000 Val: 0x00000001
In clock cycle: 407793
Register Write to Reg: 0x03 Val: 0x1019A000
In clock cycle: 407796
Register Write to Reg: 0x03 Val: 0x1019A000
In clock cycle: 407797
Register Write to Reg: 0x04 Val: 0x0058A008
In clock cycle: 407800
Register Write to Reg: 0x04 Val: 0x0058A018
In clock cycle: 407803
Register Write to Reg: 0x04 Val: 0x0058A020
In clock cycle: 407806
Register Write to Reg: 0x01 Val: 0x0058A018
In clock cycle: 407809
Register Write to Reg: 0x05 Val: 0x00000001
In clock cycle: 407810
Register Write to Reg: 0x04 Val: 0x0058A034
In clock cycle: 407813
Register Write to Reg: 0x01 Val: 0x0058A028
In clock cycle: 407815
Memory Write to Addr: 0x1019A000 Val: 0x00000001
In clock cycle: 408828
Register Write to Reg: 0x03 Val: 0x1019B000
In clock cycle: 408831
Register Write to Reg: 0x03 Val: 0x1019B000
In clock cycle: 408832
Register Write to Reg: 0x04 Val: 0x0058B008
In clock cycle: 408835
Register Write to Reg: 0x04 Val: 0x0058B018
In clock cycle: 408838
Register Write to Reg: 0x04 Val: 0x0058B020
In clock cycle: 408841
Register Write to Reg: 0x01 Val: 0x0058B018
In clock cycle: 408844
Register Write to Reg: 0x05 Val: 0x00000001
In clock cycle: 408845
Register Write to Reg: 0x04 Val: 0x0058B034
In clock cycle: 408848
Register Write to Reg: 0x01 Val: 0x0058B028
In clock cycle: 408850
Memory Write to Addr: 0x1019B000 Val: 0x00000001
In clock cycle: 409863
Register Write to Reg: 0x03 Val: 0x1019C000
In clock cycle: 409866
Register Write to Reg: 0x03 Val: 0x1019C000
In clock cycle: 409867
Register Write to Reg: 0x04 Val: 0x0058C008
In clock cycle: 409870
Register Write to Reg: 0x04 Val: 0x0058C018
In clock cycle: 409873
Register Write to Reg: 0x04 Val: 0x0058C020
In clock cycle: 409876
Register Write to Reg: 0x01 Val: 0x0058C018
In clock cycle: 409879
Register Write to Reg: 0x05 Val: 0x00000001
In clock cycle: 409880
Register Write to Reg: 0x04 Val: 0x0058C034
In clock cycle: 409883
Register Write to Reg: 0x01 Val: 0x0058C028
In clock cycle: 409885
Memory Write to Addr: 0x1019C000 Val: 0x00000001
In clock cycle: 410898
Register Write to Reg: 0x03 Val: 0x1019D000
In clock cycle: 410901
Register Write to Reg: 0x03 Val: 0x1019D000
In clock cycle: 410902
Register Write to Reg: 0x04 Val: 0x0058D008
In clock cycle: 410905
Register Write to Reg: 0x04 Val: 0x0058D018
In clock cycle: 410908
Register Write to Reg: 0x04 Val: 0x0058D020
In clock cycle: 410911
Register Write to Reg: 0x01 Val: 0x0058D018
In clock cycle: 410914
Register Write to Reg: 0x05 Val: 0x00000001
In clock cycle: 410915
Register Write to Reg: 0x04 Val: 0x0058D034
In clock cycle: 410918
Register Write to Reg: 0x01 Val: 0x0058D028
In clock cycle: 410920
Memory Write to Addr: 0x1019D000 Val: 0x00000001
In clock cycle: 411933
Register Write to Reg: 0x03 Val: 0x1019E000
In clock cycle: 411936
Register Write to Reg: 0x03 Val: 0x1019E000
In clock cycle: 411937
Register Write to Reg: 0x04 Val: 0x0058E008
In clock cycle: 411940
Register Write to Reg: 0x04 Val: 0x0058E018
In clock cycle: 411943
Register Write to Reg: 0x04 Val: 0x0058E020
In clock cycle: 411946
Register Write to Reg: 0x01 Val: 0x0058E018
In clock cycle: 411949
Register Write to Reg: 0x05 Val: 0x00000001
In clock cycle: 411950
Register Write to Reg: 0x04 Val: 0x0058E034
In clock cycle: 411953
Register Write to Reg: 0x01 Val: 0x0058E028
In clock cycle: 411955
Memory Write to Addr: 0x1019E000 Val: 0x00000001
In clock cycle: 412968
Register Write to Reg: 0x03 Val: 0x1019F000
In clock cycle: 412971
Register Write to Reg: 0x03 Val: 0x1019F000
In clock cycle: 412972
Register Write to Reg: 0x04 Val: 0x0058F008
In clock cycle: 412975
Register Write to Reg: 0x04 Val: 0x0058F018
In clock cycle: 412978
Register Write to Reg: 0x04 Val: 0x0058F020
In clock cycle: 412981
Register Write to Reg: 0x01 Val: 0x0058F018
In clock cycle: 412984
Register Write to Reg: 0x05 Val: 0x00000001
In clock cycle: 412985
Register Write to Reg: 0x04 Val: 0x0058F034
In clock cycle: 412988
Register Write to Reg: 0x01 Val: 0x0058F028
In clock cycle: 412990
Memory Write to Addr: 0x1019F000 Val: 0x00000001
In clock cycle: 414003
Register Write to Reg: 0x03 Val: 0x101A0000
In clock cycle: 414006
Register Write to Reg: 0x03 Val: 0x101A0000
In clock cycle: 414007
Register Write to Reg: 0x04 Val: 0x00590008
In clock cycle: 414010
Register Write to Reg: 0x04 Val: 0x00590018
In clock cycle: 414013
Register Write to Reg: 0x04 Val: 0x00590020
In clock cycle: 414016
Register Write to Reg: 0x01 Val: 0x00590018
In clock cycle: 414019
Register Write to Reg: 0x05 Val: 0x00000001
In clock cycle: 414020
Register Write to Reg: 0x04 Val: 0x00590034
In clock cycle: 414023
Register Write to Reg: 0x01 Val: 0x00590028
In clock cycle: 414025
Memory Write to Addr: 0x101A0000 Val: 0x00000001
In clock cycle: 415038
Register Write to Reg: 0x03 Val: 0x101A1000
In clock cycle: 415041
Register Write to Reg: 0x03 Val: 0x101A1000
In clock cycle: 415042
Register Write to Reg: 0x04 Val: 0x00591008
In clock cycle: 415045
Register Write to Reg: 0x04 Val: 0x00591018
In clock cycle: 415048
Register Write to Reg: 0x04 Val: 0x00591020
In clock cycle: 415051
Register Write to Reg: 0x01 Val: 0x00591018
In clock cycle: 415054
Register Write to Reg: 0x05 Val: 0x00000001
In clock cycle: 415055
Register Write to Reg: 0x04 Val: 0x00591034
In clock cycle: 415058
Register Write to Reg: 0x01 Val: 0x00591028
In clock cycle: 415060
Memory Write to Addr: 0x101A1000 Val: 0x00000001
In clock cycle: 416073
Register Write to Reg: 0x03 Val: 0x101A2000
In clock cycle: 416076
Register Write to Reg: 0x03 Val: 0x101A2000
In clock cycle: 416077
Register Write to Reg: 0x04 Val: 0x00592008
In clock cycle: 416080
Register Write to Reg: 0x04 Val: 0x00592018
In clock cycle: 416083
Register Write to Reg: 0x04 Val: 0x00592020
In clock cycle: 416086
Register Write to Reg: 0x01 Val: 0x00592018
In clock cycle: 416089
Register Write to Reg: 0x05 Val: 0x00000001
In clock cycle: 416090
Register Write to Reg: 0x04 Val: 0x00592034
In clock cycle: 416093
Register Write to Reg: 0x01 Val: 0x00592028
In clock cycle: 416095
Memory Write to Addr: 0x101A2000 Val: 0x00000001
In clock cycle: 417108
Register Write to Reg: 0x03 Val: 0x101A3000
In clock cycle: 417111
Register Write to Reg: 0x03 Val: 0x101A3000
In clock cycle: 417112
Register Write to Reg: 0x04 Val: 0x00593008
In clock cycle: 417115
Register Write to Reg: 0x04 Val: 0x00593018
In clock cycle: 417118
Register Write to Reg: 0x04 Val: 0x00593020
In clock cycle: 417121
Register Write to Reg: 0x01 Val: 0x00593018
In clock cycle: 417124
Register Write to Reg: 0x05 Val: 0x00000001
In clock cycle: 417125
Register Write to Reg: 0x04 Val: 0x00593034
In clock cycle: 417128
Register Write to Reg: 0x01 Val: 0x00593028
In clock cycle: 417130
Memory Write to Addr: 0x101A3000 Val: 0x00000001
In clock cycle: 418143
Register Write to Reg: 0x03 Val: 0x101A4000
In clock cycle: 418146
Register Write to Reg: 0x03 Val: 0x101A4000
In clock cycle: 418147
Register Write to Reg: 0x04 Val: 0x00594008
In clock cycle: 418150
Register Write to Reg: 0x04 Val: 0x00594018
In clock cycle: 418153
Register Write to Reg: 0x04 Val: 0x00594020
In clock cycle: 418156
Register Write to Reg: 0x01 Val: 0x00594018
In clock cycle: 418159
Register Write to Reg: 0x05 Val: 0x00000001
In clock cycle: 418160
Register Write to Reg: 0x04 Val: 0x00594034
In clock cycle: 418163
Register Write to Reg: 0x01 Val: 0x00594028
In clock cycle: 418165
Memory Write to Addr: 0x101A4000 Val: 0x00000001
In clock cycle: 419178
Register Write to Reg: 0x03 Val: 0x101A5000
In clock cycle: 419181
Register Write to Reg: 0x03 Val: 0x101A5000
In clock cycle: 419182
Register Write to Reg: 0x04 Val: 0x00595008
In clock cycle: 419185
Register Write to Reg: 0x04 Val: 0x00595018
In clock cycle: 419188
Register Write to Reg: 0x04 Val: 0x00595020
In clock cycle: 419191
Register Write to Reg: 0x01 Val: 0x00595018
In clock cycle: 419194
Register Write to Reg: 0x05 Val: 0x00000001
In clock cycle: 419195
Register Write to Reg: 0x04 Val: 0x00595034
In clock cycle: 419198
Register Write to Reg: 0x01 Val: 0x00595028
In clock cycle: 419200
Memory Write to Addr: 0x101A5000 Val: 0x00000001
In clock cycle: 420213
Register Write to Reg: 0x03 Val: 0x101A6000
In clock cycle: 420216
Register Write to Reg: 0x03 Val: 0x101A6000
In clock cycle: 420217
Register Write to Reg: 0x04 Val: 0x00596008
In clock cycle: 420220
Register Write to Reg: 0x04 Val: 0x00596018
In clock cycle: 420223
Register Write to Reg: 0x04 Val: 0x00596020
In clock cycle: 420226
Register Write to Reg: 0x01 Val: 0x00596018
In clock cycle: 420229
Register Write to Reg: 0x05 Val: 0x00000001
In clock cycle: 420230
Register Write to Reg: 0x04 Val: 0x00596034
In clock cycle: 420233
Register Write to Reg: 0x01 Val: 0x00596028
In clock cycle: 420235
Memory Write to Addr: 0x101A6000 Val: 0x00000001
In clock cycle: 421248
Register Write to Reg: 0x03 Val: 0x101A7000
In clock cycle: 421251
Register Write to Reg: 0x03 Val: 0x101A7000
In clock cycle: 421252
Register Write to Reg: 0x04 Val: 0x00597008
In clock cycle: 421255
Register Write to Reg: 0x04 Val: 0x00597018
In clock cycle: 421258
Register Write to Reg: 0x04 Val: 0x00597020
In clock cycle: 421261
Register Write to Reg: 0x01 Val: 0x00597018
In clock cycle: 421264
Register Write to Reg: 0x05 Val: 0x00000001
In clock cycle: 421265
Register Write to Reg: 0x04 Val: 0x00597034
In clock cycle: 421268
Register Write to Reg: 0x01 Val: 0x00597028
In clock cycle: 421270
Memory Write to Addr: 0x101A7000 Val: 0x00000001
In clock cycle: 422283
Register Write to Reg: 0x03 Val: 0x101A8000
In clock cycle: 422286
Register Write to Reg: 0x03 Val: 0x101A8000
In clock cycle: 422287
Register Write to Reg: 0x04 Val: 0x00598008
In clock cycle: 422290
Register Write to Reg: 0x04 Val: 0x00598018
In clock cycle: 422293
Register Write to Reg: 0x04 Val: 0x00598020
In clock cycle: 422296
Register Write to Reg: 0x01 Val: 0x00598018
In clock cycle: 422299
Register Write to Reg: 0x05 Val: 0x00000001
In clock cycle: 422300
Register Write to Reg: 0x04 Val: 0x00598034
In clock cycle: 422303
Register Write to Reg: 0x01 Val: 0x00598028
In clock cycle: 422305
Memory Write to Addr: 0x101A8000 Val: 0x00000001
In clock cycle: 423318
Register Write to Reg: 0x03 Val: 0x101A9000
In clock cycle: 423321
Register Write to Reg: 0x03 Val: 0x101A9000
In clock cycle: 423322
Register Write to Reg: 0x04 Val: 0x00599008
In clock cycle: 423325
Register Write to Reg: 0x04 Val: 0x00599018
In clock cycle: 423328
Register Write to Reg: 0x04 Val: 0x00599020
In clock cycle: 423331
Register Write to Reg: 0x01 Val: 0x00599018
In clock cycle: 423334
Register Write to Reg: 0x05 Val: 0x00000001
In clock cycle: 423335
Register Write to Reg: 0x04 Val: 0x00599034
In clock cycle: 423338
Register Write to Reg: 0x01 Val: 0x00599028
In clock cycle: 423340
Memory Write to Addr: 0x101A9000 Val: 0x00000001
In clock cycle: 424353
Register Write to Reg: 0x03 Val: 0x101AA000
In clock cycle: 424356
Register Write to Reg: 0x03 Val: 0x101AA000
In clock cycle: 424357
Register Write to Reg: 0x04 Val: 0x0059A008
In clock cycle: 424360
Register Write to Reg: 0x04 Val: 0x0059A018
In clock cycle: 424363
Register Write to Reg: 0x04 Val: 0x0059A020
In clock cycle: 424366
Register Write to Reg: 0x01 Val: 0x0059A018
In clock cycle: 424369
Register Write to Reg: 0x05 Val: 0x00000001
In clock cycle: 424370
Register Write to Reg: 0x04 Val: 0x0059A034
In clock cycle: 424373
Register Write to Reg: 0x01 Val: 0x0059A028
In clock cycle: 424375
Memory Write to Addr: 0x101AA000 Val: 0x00000001
In clock cycle: 425388
Register Write to Reg: 0x03 Val: 0x101AB000
In clock cycle: 425391
Register Write to Reg: 0x03 Val: 0x101AB000
In clock cycle: 425392
Register Write to Reg: 0x04 Val: 0x0059B008
In clock cycle: 425395
Register Write to Reg: 0x04 Val: 0x0059B018
In clock cycle: 425398
Register Write to Reg: 0x04 Val: 0x0059B020
In clock cycle: 425401
Register Write to Reg: 0x01 Val: 0x0059B018
In clock cycle: 425404
Register Write to Reg: 0x05 Val: 0x00000001
In clock cycle: 425405
Register Write to Reg: 0x04 Val: 0x0059B034
In clock cycle: 425408
Register Write to Reg: 0x01 Val: 0x0059B028
In clock cycle: 425410
Memory Write to Addr: 0x101AB000 Val: 0x00000001
In clock cycle: 426423
Register Write to Reg: 0x03 Val: 0x101AC000
In clock cycle: 426426
Register Write to Reg: 0x03 Val: 0x101AC000
In clock cycle: 426427
Register Write to Reg: 0x04 Val: 0x0059C008
In clock cycle: 426430
Register Write to Reg: 0x04 Val: 0x0059C018
In clock cycle: 426433
Register Write to Reg: 0x04 Val: 0x0059C020
In clock cycle: 426436
Register Write to Reg: 0x01 Val: 0x0059C018
In clock cycle: 426439
Register Write to Reg: 0x05 Val: 0x00000001
In clock cycle: 426440
Register Write to Reg: 0x04 Val: 0x0059C034
In clock cycle: 426443
Register Write to Reg: 0x01 Val: 0x0059C028
In clock cycle: 426445
Memory Write to Addr: 0x101AC000 Val: 0x00000001
In clock cycle: 427458
Register Write to Reg: 0x03 Val: 0x101AD000
In clock cycle: 427461
Register Write to Reg: 0x03 Val: 0x101AD000
In clock cycle: 427462
Register Write to Reg: 0x04 Val: 0x0059D008
In clock cycle: 427465
Register Write to Reg: 0x04 Val: 0x0059D018
In clock cycle: 427468
Register Write to Reg: 0x04 Val: 0x0059D020
In clock cycle: 427471
Register Write to Reg: 0x01 Val: 0x0059D018
In clock cycle: 427474
Register Write to Reg: 0x05 Val: 0x00000001
In clock cycle: 427475
Register Write to Reg: 0x04 Val: 0x0059D034
In clock cycle: 427478
Register Write to Reg: 0x01 Val: 0x0059D028
In clock cycle: 427480
Memory Write to Addr: 0x101AD000 Val: 0x00000001
In clock cycle: 428493
Register Write to Reg: 0x03 Val: 0x101AE000
In clock cycle: 428496
Register Write to Reg: 0x03 Val: 0x101AE000
In clock cycle: 428497
Register Write to Reg: 0x04 Val: 0x0059E008
In clock cycle: 428500
Register Write to Reg: 0x04 Val: 0x0059E018
In clock cycle: 428503
Register Write to Reg: 0x04 Val: 0x0059E020
In clock cycle: 428506
Register Write to Reg: 0x01 Val: 0x0059E018
In clock cycle: 428509
Register Write to Reg: 0x05 Val: 0x00000001
In clock cycle: 428510
Register Write to Reg: 0x04 Val: 0x0059E034
In clock cycle: 428513
Register Write to Reg: 0x01 Val: 0x0059E028
In clock cycle: 428515
Memory Write to Addr: 0x101AE000 Val: 0x00000001
In clock cycle: 429528
Register Write to Reg: 0x03 Val: 0x101AF000
In clock cycle: 429531
Register Write to Reg: 0x03 Val: 0x101AF000
In clock cycle: 429532
Register Write to Reg: 0x04 Val: 0x0059F008
In clock cycle: 429535
Register Write to Reg: 0x04 Val: 0x0059F018
In clock cycle: 429538
Register Write to Reg: 0x04 Val: 0x0059F020
In clock cycle: 429541
Register Write to Reg: 0x01 Val: 0x0059F018
In clock cycle: 429544
Register Write to Reg: 0x05 Val: 0x00000001
In clock cycle: 429545
Register Write to Reg: 0x04 Val: 0x0059F034
In clock cycle: 429548
Register Write to Reg: 0x01 Val: 0x0059F028
In clock cycle: 429550
Memory Write to Addr: 0x101AF000 Val: 0x00000001
In clock cycle: 430563
Register Write to Reg: 0x03 Val: 0x101B0000
In clock cycle: 430566
Register Write to Reg: 0x03 Val: 0x101B0000
In clock cycle: 430567
Register Write to Reg: 0x04 Val: 0x005A0008
In clock cycle: 430570
Register Write to Reg: 0x04 Val: 0x005A0018
In clock cycle: 430573
Register Write to Reg: 0x04 Val: 0x005A0020
In clock cycle: 430576
Register Write to Reg: 0x01 Val: 0x005A0018
In clock cycle: 430579
Register Write to Reg: 0x05 Val: 0x00000001
In clock cycle: 430580
Register Write to Reg: 0x04 Val: 0x005A0034
In clock cycle: 430583
Register Write to Reg: 0x01 Val: 0x005A0028
In clock cycle: 430585
Memory Write to Addr: 0x101B0000 Val: 0x00000001
In clock cycle: 431598
Register Write to Reg: 0x03 Val: 0x101B1000
In clock cycle: 431601
Register Write to Reg: 0x03 Val: 0x101B1000
In clock cycle: 431602
Register Write to Reg: 0x04 Val: 0x005A1008
In clock cycle: 431605
Register Write to Reg: 0x04 Val: 0x005A1018
In clock cycle: 431608
Register Write to Reg: 0x04 Val: 0x005A1020
In clock cycle: 431611
Register Write to Reg: 0x01 Val: 0x005A1018
In clock cycle: 431614
Register Write to Reg: 0x05 Val: 0x00000001
In clock cycle: 431615
Register Write to Reg: 0x04 Val: 0x005A1034
In clock cycle: 431618
Register Write to Reg: 0x01 Val: 0x005A1028
In clock cycle: 431620
Memory Write to Addr: 0x101B1000 Val: 0x00000001
In clock cycle: 432633
Register Write to Reg: 0x03 Val: 0x101B2000
In clock cycle: 432636
Register Write to Reg: 0x03 Val: 0x101B2000
In clock cycle: 432637
Register Write to Reg: 0x04 Val: 0x005A2008
In clock cycle: 432640
Register Write to Reg: 0x04 Val: 0x005A2018
In clock cycle: 432643
Register Write to Reg: 0x04 Val: 0x005A2020
In clock cycle: 432646
Register Write to Reg: 0x01 Val: 0x005A2018
In clock cycle: 432649
Register Write to Reg: 0x05 Val: 0x00000001
In clock cycle: 432650
Register Write to Reg: 0x04 Val: 0x005A2034
In clock cycle: 432653
Register Write to Reg: 0x01 Val: 0x005A2028
In clock cycle: 432655
Memory Write to Addr: 0x101B2000 Val: 0x00000001
In clock cycle: 433668
Register Write to Reg: 0x03 Val: 0x101B3000
In clock cycle: 433671
Register Write to Reg: 0x03 Val: 0x101B3000
In clock cycle: 433672
Register Write to Reg: 0x04 Val: 0x005A3008
In clock cycle: 433675
Register Write to Reg: 0x04 Val: 0x005A3018
In clock cycle: 433678
Register Write to Reg: 0x04 Val: 0x005A3020
In clock cycle: 433681
Register Write to Reg: 0x01 Val: 0x005A3018
In clock cycle: 433684
Register Write to Reg: 0x05 Val: 0x00000001
In clock cycle: 433685
Register Write to Reg: 0x04 Val: 0x005A3034
In clock cycle: 433688
Register Write to Reg: 0x01 Val: 0x005A3028
In clock cycle: 433690
Memory Write to Addr: 0x101B3000 Val: 0x00000001
In clock cycle: 434703
Register Write to Reg: 0x03 Val: 0x101B4000
In clock cycle: 434706
Register Write to Reg: 0x03 Val: 0x101B4000
In clock cycle: 434707
Register Write to Reg: 0x04 Val: 0x005A4008
In clock cycle: 434710
Register Write to Reg: 0x04 Val: 0x005A4018
In clock cycle: 434713
Register Write to Reg: 0x04 Val: 0x005A4020
In clock cycle: 434716
Register Write to Reg: 0x01 Val: 0x005A4018
In clock cycle: 434719
Register Write to Reg: 0x05 Val: 0x00000001
In clock cycle: 434720
Register Write to Reg: 0x04 Val: 0x005A4034
In clock cycle: 434723
Register Write to Reg: 0x01 Val: 0x005A4028
In clock cycle: 434725
Memory Write to Addr: 0x101B4000 Val: 0x00000001
In clock cycle: 435738
Register Write to Reg: 0x03 Val: 0x101B5000
In clock cycle: 435741
Register Write to Reg: 0x03 Val: 0x101B5000
In clock cycle: 435742
Register Write to Reg: 0x04 Val: 0x005A5008
In clock cycle: 435745
Register Write to Reg: 0x04 Val: 0x005A5018
In clock cycle: 435748
Register Write to Reg: 0x04 Val: 0x005A5020
In clock cycle: 435751
Register Write to Reg: 0x01 Val: 0x005A5018
In clock cycle: 435754
Register Write to Reg: 0x05 Val: 0x00000001
In clock cycle: 435755
Register Write to Reg: 0x04 Val: 0x005A5034
In clock cycle: 435758
Register Write to Reg: 0x01 Val: 0x005A5028
In clock cycle: 435760
Memory Write to Addr: 0x101B5000 Val: 0x00000001
In clock cycle: 436773
Register Write to Reg: 0x03 Val: 0x101B6000
In clock cycle: 436776
Register Write to Reg: 0x03 Val: 0x101B6000
In clock cycle: 436777
Register Write to Reg: 0x04 Val: 0x005A6008
In clock cycle: 436780
Register Write to Reg: 0x04 Val: 0x005A6018
In clock cycle: 436783
Register Write to Reg: 0x04 Val: 0x005A6020
In clock cycle: 436786
Register Write to Reg: 0x01 Val: 0x005A6018
In clock cycle: 436789
Register Write to Reg: 0x05 Val: 0x00000001
In clock cycle: 436790
Register Write to Reg: 0x04 Val: 0x005A6034
In clock cycle: 436793
Register Write to Reg: 0x01 Val: 0x005A6028
In clock cycle: 436795
Memory Write to Addr: 0x101B6000 Val: 0x00000001
In clock cycle: 437808
Register Write to Reg: 0x03 Val: 0x101B7000
In clock cycle: 437811
Register Write to Reg: 0x03 Val: 0x101B7000
In clock cycle: 437812
Register Write to Reg: 0x04 Val: 0x005A7008
In clock cycle: 437815
Register Write to Reg: 0x04 Val: 0x005A7018
In clock cycle: 437818
Register Write to Reg: 0x04 Val: 0x005A7020
In clock cycle: 437821
Register Write to Reg: 0x01 Val: 0x005A7018
In clock cycle: 437824
Register Write to Reg: 0x05 Val: 0x00000001
In clock cycle: 437825
Register Write to Reg: 0x04 Val: 0x005A7034
In clock cycle: 437828
Register Write to Reg: 0x01 Val: 0x005A7028
In clock cycle: 437830
Memory Write to Addr: 0x101B7000 Val: 0x00000001
In clock cycle: 438843
Register Write to Reg: 0x03 Val: 0x101B8000
In clock cycle: 438846
Register Write to Reg: 0x03 Val: 0x101B8000
In clock cycle: 438847
Register Write to Reg: 0x04 Val: 0x005A8008
In clock cycle: 438850
Register Write to Reg: 0x04 Val: 0x005A8018
In clock cycle: 438853
Register Write to Reg: 0x04 Val: 0x005A8020
In clock cycle: 438856
Register Write to Reg: 0x01 Val: 0x005A8018
In clock cycle: 438859
Register Write to Reg: 0x05 Val: 0x00000001
In clock cycle: 438860
Register Write to Reg: 0x04 Val: 0x005A8034
In clock cycle: 438863
Register Write to Reg: 0x01 Val: 0x005A8028
In clock cycle: 438865
Memory Write to Addr: 0x101B8000 Val: 0x00000001
In clock cycle: 439878
Register Write to Reg: 0x03 Val: 0x101B9000
In clock cycle: 439881
Register Write to Reg: 0x03 Val: 0x101B9000
In clock cycle: 439882
Register Write to Reg: 0x04 Val: 0x005A9008
In clock cycle: 439885
Register Write to Reg: 0x04 Val: 0x005A9018
In clock cycle: 439888
Register Write to Reg: 0x04 Val: 0x005A9020
In clock cycle: 439891
Register Write to Reg: 0x01 Val: 0x005A9018
In clock cycle: 439894
Register Write to Reg: 0x05 Val: 0x00000001
In clock cycle: 439895
Register Write to Reg: 0x04 Val: 0x005A9034
In clock cycle: 439898
Register Write to Reg: 0x01 Val: 0x005A9028
In clock cycle: 439900
Memory Write to Addr: 0x101B9000 Val: 0x00000001
In clock cycle: 440913
Register Write to Reg: 0x03 Val: 0x101BA000
In clock cycle: 440916
Register Write to Reg: 0x03 Val: 0x101BA000
In clock cycle: 440917
Register Write to Reg: 0x04 Val: 0x005AA008
In clock cycle: 440920
Register Write to Reg: 0x04 Val: 0x005AA018
In clock cycle: 440923
Register Write to Reg: 0x04 Val: 0x005AA020
In clock cycle: 440926
Register Write to Reg: 0x01 Val: 0x005AA018
In clock cycle: 440929
Register Write to Reg: 0x05 Val: 0x00000001
In clock cycle: 440930
Register Write to Reg: 0x04 Val: 0x005AA034
In clock cycle: 440933
Register Write to Reg: 0x01 Val: 0x005AA028
In clock cycle: 440935
Memory Write to Addr: 0x101BA000 Val: 0x00000001
In clock cycle: 441948
Register Write to Reg: 0x03 Val: 0x101BB000
In clock cycle: 441951
Register Write to Reg: 0x03 Val: 0x101BB000
In clock cycle: 441952
Register Write to Reg: 0x04 Val: 0x005AB008
In clock cycle: 441955
Register Write to Reg: 0x04 Val: 0x005AB018
In clock cycle: 441958
Register Write to Reg: 0x04 Val: 0x005AB020
In clock cycle: 441961
Register Write to Reg: 0x01 Val: 0x005AB018
In clock cycle: 441964
Register Write to Reg: 0x05 Val: 0x00000001
In clock cycle: 441965
Register Write to Reg: 0x04 Val: 0x005AB034
In clock cycle: 441968
Register Write to Reg: 0x01 Val: 0x005AB028
In clock cycle: 441970
Memory Write to Addr: 0x101BB000 Val: 0x00000001
In clock cycle: 442983
Register Write to Reg: 0x03 Val: 0x101BC000
In clock cycle: 442986
Register Write to Reg: 0x03 Val: 0x101BC000
In clock cycle: 442987
Register Write to Reg: 0x04 Val: 0x005AC008
In clock cycle: 442990
Register Write to Reg: 0x04 Val: 0x005AC018
In clock cycle: 442993
Register Write to Reg: 0x04 Val: 0x005AC020
In clock cycle: 442996
Register Write to Reg: 0x01 Val: 0x005AC018
In clock cycle: 442999
Register Write to Reg: 0x05 Val: 0x00000001
In clock cycle: 443000
Register Write to Reg: 0x04 Val: 0x005AC034
In clock cycle: 443003
Register Write to Reg: 0x01 Val: 0x005AC028
In clock cycle: 443005
Memory Write to Addr: 0x101BC000 Val: 0x00000001
In clock cycle: 444018
Register Write to Reg: 0x03 Val: 0x101BD000
In clock cycle: 444021
Register Write to Reg: 0x03 Val: 0x101BD000
In clock cycle: 444022
Register Write to Reg: 0x04 Val: 0x005AD008
In clock cycle: 444025
Register Write to Reg: 0x04 Val: 0x005AD018
In clock cycle: 444028
Register Write to Reg: 0x04 Val: 0x005AD020
In clock cycle: 444031
Register Write to Reg: 0x01 Val: 0x005AD018
In clock cycle: 444034
Register Write to Reg: 0x05 Val: 0x00000001
In clock cycle: 444035
Register Write to Reg: 0x04 Val: 0x005AD034
In clock cycle: 444038
Register Write to Reg: 0x01 Val: 0x005AD028
In clock cycle: 444040
Memory Write to Addr: 0x101BD000 Val: 0x00000001
In clock cycle: 445053
Register Write to Reg: 0x03 Val: 0x101BE000
In clock cycle: 445056
Register Write to Reg: 0x03 Val: 0x101BE000
In clock cycle: 445057
Register Write to Reg: 0x04 Val: 0x005AE008
In clock cycle: 445060
Register Write to Reg: 0x04 Val: 0x005AE018
In clock cycle: 445063
Register Write to Reg: 0x04 Val: 0x005AE020
In clock cycle: 445066
Register Write to Reg: 0x01 Val: 0x005AE018
In clock cycle: 445069
Register Write to Reg: 0x05 Val: 0x00000001
In clock cycle: 445070
Register Write to Reg: 0x04 Val: 0x005AE034
In clock cycle: 445073
Register Write to Reg: 0x01 Val: 0x005AE028
In clock cycle: 445075
Memory Write to Addr: 0x101BE000 Val: 0x00000001
In clock cycle: 446088
Register Write to Reg: 0x03 Val: 0x101BF000
In clock cycle: 446091
Register Write to Reg: 0x03 Val: 0x101BF000
In clock cycle: 446092
Register Write to Reg: 0x04 Val: 0x005AF008
In clock cycle: 446095
Register Write to Reg: 0x04 Val: 0x005AF018
In clock cycle: 446098
Register Write to Reg: 0x04 Val: 0x005AF020
In clock cycle: 446101
Register Write to Reg: 0x01 Val: 0x005AF018
In clock cycle: 446104
Register Write to Reg: 0x05 Val: 0x00000001
In clock cycle: 446105
Register Write to Reg: 0x04 Val: 0x005AF034
In clock cycle: 446108
Register Write to Reg: 0x01 Val: 0x005AF028
In clock cycle: 446110
Memory Write to Addr: 0x101BF000 Val: 0x00000001
In clock cycle: 447123
Register Write to Reg: 0x03 Val: 0x101C0000
In clock cycle: 447126
Register Write to Reg: 0x03 Val: 0x101C0000
In clock cycle: 447127
Register Write to Reg: 0x04 Val: 0x005B0008
In clock cycle: 447130
Register Write to Reg: 0x04 Val: 0x005B0018
In clock cycle: 447133
Register Write to Reg: 0x04 Val: 0x005B0020
In clock cycle: 447136
Register Write to Reg: 0x01 Val: 0x005B0018
In clock cycle: 447139
Register Write to Reg: 0x05 Val: 0x00000001
In clock cycle: 447140
Register Write to Reg: 0x04 Val: 0x005B0034
In clock cycle: 447143
Register Write to Reg: 0x01 Val: 0x005B0028
In clock cycle: 447145
Memory Write to Addr: 0x101C0000 Val: 0x00000001
In clock cycle: 448158
Register Write to Reg: 0x03 Val: 0x101C1000
In clock cycle: 448161
Register Write to Reg: 0x03 Val: 0x101C1000
In clock cycle: 448162
Register Write to Reg: 0x04 Val: 0x005B1008
In clock cycle: 448165
Register Write to Reg: 0x04 Val: 0x005B1018
In clock cycle: 448168
Register Write to Reg: 0x04 Val: 0x005B1020
In clock cycle: 448171
Register Write to Reg: 0x01 Val: 0x005B1018
In clock cycle: 448174
Register Write to Reg: 0x05 Val: 0x00000001
In clock cycle: 448175
Register Write to Reg: 0x04 Val: 0x005B1034
In clock cycle: 448178
Register Write to Reg: 0x01 Val: 0x005B1028
In clock cycle: 448180
Memory Write to Addr: 0x101C1000 Val: 0x00000001
In clock cycle: 449193
Register Write to Reg: 0x03 Val: 0x101C2000
In clock cycle: 449196
Register Write to Reg: 0x03 Val: 0x101C2000
In clock cycle: 449197
Register Write to Reg: 0x04 Val: 0x005B2008
In clock cycle: 449200
Register Write to Reg: 0x04 Val: 0x005B2018
In clock cycle: 449203
Register Write to Reg: 0x04 Val: 0x005B2020
In clock cycle: 449206
Register Write to Reg: 0x01 Val: 0x005B2018
In clock cycle: 449209
Register Write to Reg: 0x05 Val: 0x00000001
In clock cycle: 449210
Register Write to Reg: 0x04 Val: 0x005B2034
In clock cycle: 449213
Register Write to Reg: 0x01 Val: 0x005B2028
In clock cycle: 449215
Memory Write to Addr: 0x101C2000 Val: 0x00000001
In clock cycle: 450228
Register Write to Reg: 0x03 Val: 0x101C3000
In clock cycle: 450231
Register Write to Reg: 0x03 Val: 0x101C3000
In clock cycle: 450232
Register Write to Reg: 0x04 Val: 0x005B3008
In clock cycle: 450235
Register Write to Reg: 0x04 Val: 0x005B3018
In clock cycle: 450238
Register Write to Reg: 0x04 Val: 0x005B3020
In clock cycle: 450241
Register Write to Reg: 0x01 Val: 0x005B3018
In clock cycle: 450244
Register Write to Reg: 0x05 Val: 0x00000001
In clock cycle: 450245
Register Write to Reg: 0x04 Val: 0x005B3034
In clock cycle: 450248
Register Write to Reg: 0x01 Val: 0x005B3028
In clock cycle: 450250
Memory Write to Addr: 0x101C3000 Val: 0x00000001
In clock cycle: 451263
Register Write to Reg: 0x03 Val: 0x101C4000
In clock cycle: 451266
Register Write to Reg: 0x03 Val: 0x101C4000
In clock cycle: 451267
Register Write to Reg: 0x04 Val: 0x005B4008
In clock cycle: 451270
Register Write to Reg: 0x04 Val: 0x005B4018
In clock cycle: 451273
Register Write to Reg: 0x04 Val: 0x005B4020
In clock cycle: 451276
Register Write to Reg: 0x01 Val: 0x005B4018
In clock cycle: 451279
Register Write to Reg: 0x05 Val: 0x00000001
In clock cycle: 451280
Register Write to Reg: 0x04 Val: 0x005B4034
In clock cycle: 451283
Register Write to Reg: 0x01 Val: 0x005B4028
In clock cycle: 451285
Memory Write to Addr: 0x101C4000 Val: 0x00000001
In clock cycle: 452298
Register Write to Reg: 0x03 Val: 0x101C5000
In clock cycle: 452301
Register Write to Reg: 0x03 Val: 0x101C5000
In clock cycle: 452302
Register Write to Reg: 0x04 Val: 0x005B5008
In clock cycle: 452305
Register Write to Reg: 0x04 Val: 0x005B5018
In clock cycle: 452308
Register Write to Reg: 0x04 Val: 0x005B5020
In clock cycle: 452311
Register Write to Reg: 0x01 Val: 0x005B5018
In clock cycle: 452314
Register Write to Reg: 0x05 Val: 0x00000001
In clock cycle: 452315
Register Write to Reg: 0x04 Val: 0x005B5034
In clock cycle: 452318
Register Write to Reg: 0x01 Val: 0x005B5028
In clock cycle: 452320
Memory Write to Addr: 0x101C5000 Val: 0x00000001
In clock cycle: 453333
Register Write to Reg: 0x03 Val: 0x101C6000
In clock cycle: 453336
Register Write to Reg: 0x03 Val: 0x101C6000
In clock cycle: 453337
Register Write to Reg: 0x04 Val: 0x005B6008
In clock cycle: 453340
Register Write to Reg: 0x04 Val: 0x005B6018
In clock cycle: 453343
Register Write to Reg: 0x04 Val: 0x005B6020
In clock cycle: 453346
Register Write to Reg: 0x01 Val: 0x005B6018
In clock cycle: 453349
Register Write to Reg: 0x05 Val: 0x00000001
In clock cycle: 453350
Register Write to Reg: 0x04 Val: 0x005B6034
In clock cycle: 453353
Register Write to Reg: 0x01 Val: 0x005B6028
In clock cycle: 453355
Memory Write to Addr: 0x101C6000 Val: 0x00000001
In clock cycle: 454368
Register Write to Reg: 0x03 Val: 0x101C7000
In clock cycle: 454371
Register Write to Reg: 0x03 Val: 0x101C7000
In clock cycle: 454372
Register Write to Reg: 0x04 Val: 0x005B7008
In clock cycle: 454375
Register Write to Reg: 0x04 Val: 0x005B7018
In clock cycle: 454378
Register Write to Reg: 0x04 Val: 0x005B7020
In clock cycle: 454381
Register Write to Reg: 0x01 Val: 0x005B7018
In clock cycle: 454384
Register Write to Reg: 0x05 Val: 0x00000001
In clock cycle: 454385
Register Write to Reg: 0x04 Val: 0x005B7034
In clock cycle: 454388
Register Write to Reg: 0x01 Val: 0x005B7028
In clock cycle: 454390
Memory Write to Addr: 0x101C7000 Val: 0x00000001
In clock cycle: 455403
Register Write to Reg: 0x03 Val: 0x101C8000
In clock cycle: 455406
Register Write to Reg: 0x03 Val: 0x101C8000
In clock cycle: 455407
Register Write to Reg: 0x04 Val: 0x005B8008
In clock cycle: 455410
Register Write to Reg: 0x04 Val: 0x005B8018
In clock cycle: 455413
Register Write to Reg: 0x04 Val: 0x005B8020
In clock cycle: 455416
Register Write to Reg: 0x01 Val: 0x005B8018
In clock cycle: 455419
Register Write to Reg: 0x05 Val: 0x00000001
In clock cycle: 455420
Register Write to Reg: 0x04 Val: 0x005B8034
In clock cycle: 455423
Register Write to Reg: 0x01 Val: 0x005B8028
In clock cycle: 455425
Memory Write to Addr: 0x101C8000 Val: 0x00000001
In clock cycle: 456438
Register Write to Reg: 0x03 Val: 0x101C9000
In clock cycle: 456441
Register Write to Reg: 0x03 Val: 0x101C9000
In clock cycle: 456442
Register Write to Reg: 0x04 Val: 0x005B9008
In clock cycle: 456445
Register Write to Reg: 0x04 Val: 0x005B9018
In clock cycle: 456448
Register Write to Reg: 0x04 Val: 0x005B9020
In clock cycle: 456451
Register Write to Reg: 0x01 Val: 0x005B9018
In clock cycle: 456454
Register Write to Reg: 0x05 Val: 0x00000001
In clock cycle: 456455
Register Write to Reg: 0x04 Val: 0x005B9034
In clock cycle: 456458
Register Write to Reg: 0x01 Val: 0x005B9028
In clock cycle: 456460
Memory Write to Addr: 0x101C9000 Val: 0x00000001
In clock cycle: 457473
Register Write to Reg: 0x03 Val: 0x101CA000
In clock cycle: 457476
Register Write to Reg: 0x03 Val: 0x101CA000
In clock cycle: 457477
Register Write to Reg: 0x04 Val: 0x005BA008
In clock cycle: 457480
Register Write to Reg: 0x04 Val: 0x005BA018
In clock cycle: 457483
Register Write to Reg: 0x04 Val: 0x005BA020
In clock cycle: 457486
Register Write to Reg: 0x01 Val: 0x005BA018
In clock cycle: 457489
Register Write to Reg: 0x05 Val: 0x00000001
In clock cycle: 457490
Register Write to Reg: 0x04 Val: 0x005BA034
In clock cycle: 457493
Register Write to Reg: 0x01 Val: 0x005BA028
In clock cycle: 457495
Memory Write to Addr: 0x101CA000 Val: 0x00000001
In clock cycle: 458508
Register Write to Reg: 0x03 Val: 0x101CB000
In clock cycle: 458511
Register Write to Reg: 0x03 Val: 0x101CB000
In clock cycle: 458512
Register Write to Reg: 0x04 Val: 0x005BB008
In clock cycle: 458515
Register Write to Reg: 0x04 Val: 0x005BB018
In clock cycle: 458518
Register Write to Reg: 0x04 Val: 0x005BB020
In clock cycle: 458521
Register Write to Reg: 0x01 Val: 0x005BB018
In clock cycle: 458524
Register Write to Reg: 0x05 Val: 0x00000001
In clock cycle: 458525
Register Write to Reg: 0x04 Val: 0x005BB034
In clock cycle: 458528
Register Write to Reg: 0x01 Val: 0x005BB028
In clock cycle: 458530
Memory Write to Addr: 0x101CB000 Val: 0x00000001
In clock cycle: 459543
Register Write to Reg: 0x03 Val: 0x101CC000
In clock cycle: 459546
Register Write to Reg: 0x03 Val: 0x101CC000
In clock cycle: 459547
Register Write to Reg: 0x04 Val: 0x005BC008
In clock cycle: 459550
Register Write to Reg: 0x04 Val: 0x005BC018
In clock cycle: 459553
Register Write to Reg: 0x04 Val: 0x005BC020
In clock cycle: 459556
Register Write to Reg: 0x01 Val: 0x005BC018
In clock cycle: 459559
Register Write to Reg: 0x05 Val: 0x00000001
In clock cycle: 459560
Register Write to Reg: 0x04 Val: 0x005BC034
In clock cycle: 459563
Register Write to Reg: 0x01 Val: 0x005BC028
In clock cycle: 459565
Memory Write to Addr: 0x101CC000 Val: 0x00000001
In clock cycle: 460578
Register Write to Reg: 0x03 Val: 0x101CD000
In clock cycle: 460581
Register Write to Reg: 0x03 Val: 0x101CD000
In clock cycle: 460582
Register Write to Reg: 0x04 Val: 0x005BD008
In clock cycle: 460585
Register Write to Reg: 0x04 Val: 0x005BD018
In clock cycle: 460588
Register Write to Reg: 0x04 Val: 0x005BD020
In clock cycle: 460591
Register Write to Reg: 0x01 Val: 0x005BD018
In clock cycle: 460594
Register Write to Reg: 0x05 Val: 0x00000001
In clock cycle: 460595
Register Write to Reg: 0x04 Val: 0x005BD034
In clock cycle: 460598
Register Write to Reg: 0x01 Val: 0x005BD028
In clock cycle: 460600
Memory Write to Addr: 0x101CD000 Val: 0x00000001
In clock cycle: 461613
Register Write to Reg: 0x03 Val: 0x101CE000
In clock cycle: 461616
Register Write to Reg: 0x03 Val: 0x101CE000
In clock cycle: 461617
Register Write to Reg: 0x04 Val: 0x005BE008
In clock cycle: 461620
Register Write to Reg: 0x04 Val: 0x005BE018
In clock cycle: 461623
Register Write to Reg: 0x04 Val: 0x005BE020
In clock cycle: 461626
Register Write to Reg: 0x01 Val: 0x005BE018
In clock cycle: 461629
Register Write to Reg: 0x05 Val: 0x00000001
In clock cycle: 461630
Register Write to Reg: 0x04 Val: 0x005BE034
In clock cycle: 461633
Register Write to Reg: 0x01 Val: 0x005BE028
In clock cycle: 461635
Memory Write to Addr: 0x101CE000 Val: 0x00000001
In clock cycle: 462648
Register Write to Reg: 0x03 Val: 0x101CF000
In clock cycle: 462651
Register Write to Reg: 0x03 Val: 0x101CF000
In clock cycle: 462652
Register Write to Reg: 0x04 Val: 0x005BF008
In clock cycle: 462655
Register Write to Reg: 0x04 Val: 0x005BF018
In clock cycle: 462658
Register Write to Reg: 0x04 Val: 0x005BF020
In clock cycle: 462661
Register Write to Reg: 0x01 Val: 0x005BF018
In clock cycle: 462664
Register Write to Reg: 0x05 Val: 0x00000001
In clock cycle: 462665
Register Write to Reg: 0x04 Val: 0x005BF034
In clock cycle: 462668
Register Write to Reg: 0x01 Val: 0x005BF028
In clock cycle: 462670
Memory Write to Addr: 0x101CF000 Val: 0x00000001
In clock cycle: 463683
Register Write to Reg: 0x03 Val: 0x101D0000
In clock cycle: 463686
Register Write to Reg: 0x03 Val: 0x101D0000
In clock cycle: 463687
Register Write to Reg: 0x04 Val: 0x005C0008
In clock cycle: 463690
Register Write to Reg: 0x04 Val: 0x005C0018
In clock cycle: 463693
Register Write to Reg: 0x04 Val: 0x005C0020
In clock cycle: 463696
Register Write to Reg: 0x01 Val: 0x005C0018
In clock cycle: 463699
Register Write to Reg: 0x05 Val: 0x00000001
In clock cycle: 463700
Register Write to Reg: 0x04 Val: 0x005C0034
In clock cycle: 463703
Register Write to Reg: 0x01 Val: 0x005C0028
In clock cycle: 463705
Memory Write to Addr: 0x101D0000 Val: 0x00000001
In clock cycle: 464718
Register Write to Reg: 0x03 Val: 0x101D1000
In clock cycle: 464721
Register Write to Reg: 0x03 Val: 0x101D1000
In clock cycle: 464722
Register Write to Reg: 0x04 Val: 0x005C1008
In clock cycle: 464725
Register Write to Reg: 0x04 Val: 0x005C1018
In clock cycle: 464728
Register Write to Reg: 0x04 Val: 0x005C1020
In clock cycle: 464731
Register Write to Reg: 0x01 Val: 0x005C1018
In clock cycle: 464734
Register Write to Reg: 0x05 Val: 0x00000001
In clock cycle: 464735
Register Write to Reg: 0x04 Val: 0x005C1034
In clock cycle: 464738
Register Write to Reg: 0x01 Val: 0x005C1028
In clock cycle: 464740
Memory Write to Addr: 0x101D1000 Val: 0x00000001
In clock cycle: 465753
Register Write to Reg: 0x03 Val: 0x101D2000
In clock cycle: 465756
Register Write to Reg: 0x03 Val: 0x101D2000
In clock cycle: 465757
Register Write to Reg: 0x04 Val: 0x005C2008
In clock cycle: 465760
Register Write to Reg: 0x04 Val: 0x005C2018
In clock cycle: 465763
Register Write to Reg: 0x04 Val: 0x005C2020
In clock cycle: 465766
Register Write to Reg: 0x01 Val: 0x005C2018
In clock cycle: 465769
Register Write to Reg: 0x05 Val: 0x00000001
In clock cycle: 465770
Register Write to Reg: 0x04 Val: 0x005C2034
In clock cycle: 465773
Register Write to Reg: 0x01 Val: 0x005C2028
In clock cycle: 465775
Memory Write to Addr: 0x101D2000 Val: 0x00000001
In clock cycle: 466788
Register Write to Reg: 0x03 Val: 0x101D3000
In clock cycle: 466791
Register Write to Reg: 0x03 Val: 0x101D3000
In clock cycle: 466792
Register Write to Reg: 0x04 Val: 0x005C3008
In clock cycle: 466795
Register Write to Reg: 0x04 Val: 0x005C3018
In clock cycle: 466798
Register Write to Reg: 0x04 Val: 0x005C3020
In clock cycle: 466801
Register Write to Reg: 0x01 Val: 0x005C3018
In clock cycle: 466804
Register Write to Reg: 0x05 Val: 0x00000001
In clock cycle: 466805
Register Write to Reg: 0x04 Val: 0x005C3034
In clock cycle: 466808
Register Write to Reg: 0x01 Val: 0x005C3028
In clock cycle: 466810
Memory Write to Addr: 0x101D3000 Val: 0x00000001
In clock cycle: 467823
Register Write to Reg: 0x03 Val: 0x101D4000
In clock cycle: 467826
Register Write to Reg: 0x03 Val: 0x101D4000
In clock cycle: 467827
Register Write to Reg: 0x04 Val: 0x005C4008
In clock cycle: 467830
Register Write to Reg: 0x04 Val: 0x005C4018
In clock cycle: 467833
Register Write to Reg: 0x04 Val: 0x005C4020
In clock cycle: 467836
Register Write to Reg: 0x01 Val: 0x005C4018
In clock cycle: 467839
Register Write to Reg: 0x05 Val: 0x00000001
In clock cycle: 467840
Register Write to Reg: 0x04 Val: 0x005C4034
In clock cycle: 467843
Register Write to Reg: 0x01 Val: 0x005C4028
In clock cycle: 467845
Memory Write to Addr: 0x101D4000 Val: 0x00000001
In clock cycle: 468858
Register Write to Reg: 0x03 Val: 0x101D5000
In clock cycle: 468861
Register Write to Reg: 0x03 Val: 0x101D5000
In clock cycle: 468862
Register Write to Reg: 0x04 Val: 0x005C5008
In clock cycle: 468865
Register Write to Reg: 0x04 Val: 0x005C5018
In clock cycle: 468868
Register Write to Reg: 0x04 Val: 0x005C5020
In clock cycle: 468871
Register Write to Reg: 0x01 Val: 0x005C5018
In clock cycle: 468874
Register Write to Reg: 0x05 Val: 0x00000001
In clock cycle: 468875
Register Write to Reg: 0x04 Val: 0x005C5034
In clock cycle: 468878
Register Write to Reg: 0x01 Val: 0x005C5028
In clock cycle: 468880
Memory Write to Addr: 0x101D5000 Val: 0x00000001
In clock cycle: 469893
Register Write to Reg: 0x03 Val: 0x101D6000
In clock cycle: 469896
Register Write to Reg: 0x03 Val: 0x101D6000
In clock cycle: 469897
Register Write to Reg: 0x04 Val: 0x005C6008
In clock cycle: 469900
Register Write to Reg: 0x04 Val: 0x005C6018
In clock cycle: 469903
Register Write to Reg: 0x04 Val: 0x005C6020
In clock cycle: 469906
Register Write to Reg: 0x01 Val: 0x005C6018
In clock cycle: 469909
Register Write to Reg: 0x05 Val: 0x00000001
In clock cycle: 469910
Register Write to Reg: 0x04 Val: 0x005C6034
In clock cycle: 469913
Register Write to Reg: 0x01 Val: 0x005C6028
In clock cycle: 469915
Memory Write to Addr: 0x101D6000 Val: 0x00000001
In clock cycle: 470928
Register Write to Reg: 0x03 Val: 0x101D7000
In clock cycle: 470931
Register Write to Reg: 0x03 Val: 0x101D7000
In clock cycle: 470932
Register Write to Reg: 0x04 Val: 0x005C7008
In clock cycle: 470935
Register Write to Reg: 0x04 Val: 0x005C7018
In clock cycle: 470938
Register Write to Reg: 0x04 Val: 0x005C7020
In clock cycle: 470941
Register Write to Reg: 0x01 Val: 0x005C7018
In clock cycle: 470944
Register Write to Reg: 0x05 Val: 0x00000001
In clock cycle: 470945
Register Write to Reg: 0x04 Val: 0x005C7034
In clock cycle: 470948
Register Write to Reg: 0x01 Val: 0x005C7028
In clock cycle: 470950
Memory Write to Addr: 0x101D7000 Val: 0x00000001
In clock cycle: 471963
Register Write to Reg: 0x03 Val: 0x101D8000
In clock cycle: 471966
Register Write to Reg: 0x03 Val: 0x101D8000
In clock cycle: 471967
Register Write to Reg: 0x04 Val: 0x005C8008
In clock cycle: 471970
Register Write to Reg: 0x04 Val: 0x005C8018
In clock cycle: 471973
Register Write to Reg: 0x04 Val: 0x005C8020
In clock cycle: 471976
Register Write to Reg: 0x01 Val: 0x005C8018
In clock cycle: 471979
Register Write to Reg: 0x05 Val: 0x00000001
In clock cycle: 471980
Register Write to Reg: 0x04 Val: 0x005C8034
In clock cycle: 471983
Register Write to Reg: 0x01 Val: 0x005C8028
In clock cycle: 471985
Memory Write to Addr: 0x101D8000 Val: 0x00000001
In clock cycle: 472998
Register Write to Reg: 0x03 Val: 0x101D9000
In clock cycle: 473001
Register Write to Reg: 0x03 Val: 0x101D9000
In clock cycle: 473002
Register Write to Reg: 0x04 Val: 0x005C9008
In clock cycle: 473005
Register Write to Reg: 0x04 Val: 0x005C9018
In clock cycle: 473008
Register Write to Reg: 0x04 Val: 0x005C9020
In clock cycle: 473011
Register Write to Reg: 0x01 Val: 0x005C9018
In clock cycle: 473014
Register Write to Reg: 0x05 Val: 0x00000001
In clock cycle: 473015
Register Write to Reg: 0x04 Val: 0x005C9034
In clock cycle: 473018
Register Write to Reg: 0x01 Val: 0x005C9028
In clock cycle: 473020
Memory Write to Addr: 0x101D9000 Val: 0x00000001
In clock cycle: 474033
Register Write to Reg: 0x03 Val: 0x101DA000
In clock cycle: 474036
Register Write to Reg: 0x03 Val: 0x101DA000
In clock cycle: 474037
Register Write to Reg: 0x04 Val: 0x005CA008
In clock cycle: 474040
Register Write to Reg: 0x04 Val: 0x005CA018
In clock cycle: 474043
Register Write to Reg: 0x04 Val: 0x005CA020
In clock cycle: 474046
Register Write to Reg: 0x01 Val: 0x005CA018
In clock cycle: 474049
Register Write to Reg: 0x05 Val: 0x00000001
In clock cycle: 474050
Register Write to Reg: 0x04 Val: 0x005CA034
In clock cycle: 474053
Register Write to Reg: 0x01 Val: 0x005CA028
In clock cycle: 474055
Memory Write to Addr: 0x101DA000 Val: 0x00000001
In clock cycle: 475068
Register Write to Reg: 0x03 Val: 0x101DB000
In clock cycle: 475071
Register Write to Reg: 0x03 Val: 0x101DB000
In clock cycle: 475072
Register Write to Reg: 0x04 Val: 0x005CB008
In clock cycle: 475075
Register Write to Reg: 0x04 Val: 0x005CB018
In clock cycle: 475078
Register Write to Reg: 0x04 Val: 0x005CB020
In clock cycle: 475081
Register Write to Reg: 0x01 Val: 0x005CB018
In clock cycle: 475084
Register Write to Reg: 0x05 Val: 0x00000001
In clock cycle: 475085
Register Write to Reg: 0x04 Val: 0x005CB034
In clock cycle: 475088
Register Write to Reg: 0x01 Val: 0x005CB028
In clock cycle: 475090
Memory Write to Addr: 0x101DB000 Val: 0x00000001
In clock cycle: 476103
Register Write to Reg: 0x03 Val: 0x101DC000
In clock cycle: 476106
Register Write to Reg: 0x03 Val: 0x101DC000
In clock cycle: 476107
Register Write to Reg: 0x04 Val: 0x005CC008
In clock cycle: 476110
Register Write to Reg: 0x04 Val: 0x005CC018
In clock cycle: 476113
Register Write to Reg: 0x04 Val: 0x005CC020
In clock cycle: 476116
Register Write to Reg: 0x01 Val: 0x005CC018
In clock cycle: 476119
Register Write to Reg: 0x05 Val: 0x00000001
In clock cycle: 476120
Register Write to Reg: 0x04 Val: 0x005CC034
In clock cycle: 476123
Register Write to Reg: 0x01 Val: 0x005CC028
In clock cycle: 476125
Memory Write to Addr: 0x101DC000 Val: 0x00000001
In clock cycle: 477138
Register Write to Reg: 0x03 Val: 0x101DD000
In clock cycle: 477141
Register Write to Reg: 0x03 Val: 0x101DD000
In clock cycle: 477142
Register Write to Reg: 0x04 Val: 0x005CD008
In clock cycle: 477145
Register Write to Reg: 0x04 Val: 0x005CD018
In clock cycle: 477148
Register Write to Reg: 0x04 Val: 0x005CD020
In clock cycle: 477151
Register Write to Reg: 0x01 Val: 0x005CD018
In clock cycle: 477154
Register Write to Reg: 0x05 Val: 0x00000001
In clock cycle: 477155
Register Write to Reg: 0x04 Val: 0x005CD034
In clock cycle: 477158
Register Write to Reg: 0x01 Val: 0x005CD028
In clock cycle: 477160
Memory Write to Addr: 0x101DD000 Val: 0x00000001
In clock cycle: 478173
Register Write to Reg: 0x03 Val: 0x101DE000
In clock cycle: 478176
Register Write to Reg: 0x03 Val: 0x101DE000
In clock cycle: 478177
Register Write to Reg: 0x04 Val: 0x005CE008
In clock cycle: 478180
Register Write to Reg: 0x04 Val: 0x005CE018
In clock cycle: 478183
Register Write to Reg: 0x04 Val: 0x005CE020
In clock cycle: 478186
Register Write to Reg: 0x01 Val: 0x005CE018
In clock cycle: 478189
Register Write to Reg: 0x05 Val: 0x00000001
In clock cycle: 478190
Register Write to Reg: 0x04 Val: 0x005CE034
In clock cycle: 478193
Register Write to Reg: 0x01 Val: 0x005CE028
In clock cycle: 478195
Memory Write to Addr: 0x101DE000 Val: 0x00000001
In clock cycle: 479208
Register Write to Reg: 0x03 Val: 0x101DF000
In clock cycle: 479211
Register Write to Reg: 0x03 Val: 0x101DF000
In clock cycle: 479212
Register Write to Reg: 0x04 Val: 0x005CF008
In clock cycle: 479215
Register Write to Reg: 0x04 Val: 0x005CF018
In clock cycle: 479218
Register Write to Reg: 0x04 Val: 0x005CF020
In clock cycle: 479221
Register Write to Reg: 0x01 Val: 0x005CF018
In clock cycle: 479224
Register Write to Reg: 0x05 Val: 0x00000001
In clock cycle: 479225
Register Write to Reg: 0x04 Val: 0x005CF034
In clock cycle: 479228
Register Write to Reg: 0x01 Val: 0x005CF028
In clock cycle: 479230
Memory Write to Addr: 0x101DF000 Val: 0x00000001
In clock cycle: 480243
Register Write to Reg: 0x03 Val: 0x101E0000
In clock cycle: 480246
Register Write to Reg: 0x03 Val: 0x101E0000
In clock cycle: 480247
Register Write to Reg: 0x04 Val: 0x005D0008
In clock cycle: 480250
Register Write to Reg: 0x04 Val: 0x005D0018
In clock cycle: 480253
Register Write to Reg: 0x04 Val: 0x005D0020
In clock cycle: 480256
Register Write to Reg: 0x01 Val: 0x005D0018
In clock cycle: 480259
Register Write to Reg: 0x05 Val: 0x00000001
In clock cycle: 480260
Register Write to Reg: 0x04 Val: 0x005D0034
In clock cycle: 480263
Register Write to Reg: 0x01 Val: 0x005D0028
In clock cycle: 480265
Memory Write to Addr: 0x101E0000 Val: 0x00000001
In clock cycle: 481278
Register Write to Reg: 0x03 Val: 0x101E1000
In clock cycle: 481281
Register Write to Reg: 0x03 Val: 0x101E1000
In clock cycle: 481282
Register Write to Reg: 0x04 Val: 0x005D1008
In clock cycle: 481285
Register Write to Reg: 0x04 Val: 0x005D1018
In clock cycle: 481288
Register Write to Reg: 0x04 Val: 0x005D1020
In clock cycle: 481291
Register Write to Reg: 0x01 Val: 0x005D1018
In clock cycle: 481294
Register Write to Reg: 0x05 Val: 0x00000001
In clock cycle: 481295
Register Write to Reg: 0x04 Val: 0x005D1034
In clock cycle: 481298
Register Write to Reg: 0x01 Val: 0x005D1028
In clock cycle: 481300
Memory Write to Addr: 0x101E1000 Val: 0x00000001
In clock cycle: 482313
Register Write to Reg: 0x03 Val: 0x101E2000
In clock cycle: 482316
Register Write to Reg: 0x03 Val: 0x101E2000
In clock cycle: 482317
Register Write to Reg: 0x04 Val: 0x005D2008
In clock cycle: 482320
Register Write to Reg: 0x04 Val: 0x005D2018
In clock cycle: 482323
Register Write to Reg: 0x04 Val: 0x005D2020
In clock cycle: 482326
Register Write to Reg: 0x01 Val: 0x005D2018
In clock cycle: 482329
Register Write to Reg: 0x05 Val: 0x00000001
In clock cycle: 482330
Register Write to Reg: 0x04 Val: 0x005D2034
In clock cycle: 482333
Register Write to Reg: 0x01 Val: 0x005D2028
In clock cycle: 482335
Memory Write to Addr: 0x101E2000 Val: 0x00000001
In clock cycle: 483348
Register Write to Reg: 0x03 Val: 0x101E3000
In clock cycle: 483351
Register Write to Reg: 0x03 Val: 0x101E3000
In clock cycle: 483352
Register Write to Reg: 0x04 Val: 0x005D3008
In clock cycle: 483355
Register Write to Reg: 0x04 Val: 0x005D3018
In clock cycle: 483358
Register Write to Reg: 0x04 Val: 0x005D3020
In clock cycle: 483361
Register Write to Reg: 0x01 Val: 0x005D3018
In clock cycle: 483364
Register Write to Reg: 0x05 Val: 0x00000001
In clock cycle: 483365
Register Write to Reg: 0x04 Val: 0x005D3034
In clock cycle: 483368
Register Write to Reg: 0x01 Val: 0x005D3028
In clock cycle: 483370
Memory Write to Addr: 0x101E3000 Val: 0x00000001
In clock cycle: 484383
Register Write to Reg: 0x03 Val: 0x101E4000
In clock cycle: 484386
Register Write to Reg: 0x03 Val: 0x101E4000
In clock cycle: 484387
Register Write to Reg: 0x04 Val: 0x005D4008
In clock cycle: 484390
Register Write to Reg: 0x04 Val: 0x005D4018
In clock cycle: 484393
Register Write to Reg: 0x04 Val: 0x005D4020
In clock cycle: 484396
Register Write to Reg: 0x01 Val: 0x005D4018
In clock cycle: 484399
Register Write to Reg: 0x05 Val: 0x00000001
In clock cycle: 484400
Register Write to Reg: 0x04 Val: 0x005D4034
In clock cycle: 484403
Register Write to Reg: 0x01 Val: 0x005D4028
In clock cycle: 484405
Memory Write to Addr: 0x101E4000 Val: 0x00000001
In clock cycle: 485418
Register Write to Reg: 0x03 Val: 0x101E5000
In clock cycle: 485421
Register Write to Reg: 0x03 Val: 0x101E5000
In clock cycle: 485422
Register Write to Reg: 0x04 Val: 0x005D5008
In clock cycle: 485425
Register Write to Reg: 0x04 Val: 0x005D5018
In clock cycle: 485428
Register Write to Reg: 0x04 Val: 0x005D5020
In clock cycle: 485431
Register Write to Reg: 0x01 Val: 0x005D5018
In clock cycle: 485434
Register Write to Reg: 0x05 Val: 0x00000001
In clock cycle: 485435
Register Write to Reg: 0x04 Val: 0x005D5034
In clock cycle: 485438
Register Write to Reg: 0x01 Val: 0x005D5028
In clock cycle: 485440
Memory Write to Addr: 0x101E5000 Val: 0x00000001
In clock cycle: 486453
Register Write to Reg: 0x03 Val: 0x101E6000
In clock cycle: 486456
Register Write to Reg: 0x03 Val: 0x101E6000
In clock cycle: 486457
Register Write to Reg: 0x04 Val: 0x005D6008
In clock cycle: 486460
Register Write to Reg: 0x04 Val: 0x005D6018
In clock cycle: 486463
Register Write to Reg: 0x04 Val: 0x005D6020
In clock cycle: 486466
Register Write to Reg: 0x01 Val: 0x005D6018
In clock cycle: 486469
Register Write to Reg: 0x05 Val: 0x00000001
In clock cycle: 486470
Register Write to Reg: 0x04 Val: 0x005D6034
In clock cycle: 486473
Register Write to Reg: 0x01 Val: 0x005D6028
In clock cycle: 486475
Memory Write to Addr: 0x101E6000 Val: 0x00000001
In clock cycle: 487488
Register Write to Reg: 0x03 Val: 0x101E7000
In clock cycle: 487491
Register Write to Reg: 0x03 Val: 0x101E7000
In clock cycle: 487492
Register Write to Reg: 0x04 Val: 0x005D7008
In clock cycle: 487495
Register Write to Reg: 0x04 Val: 0x005D7018
In clock cycle: 487498
Register Write to Reg: 0x04 Val: 0x005D7020
In clock cycle: 487501
Register Write to Reg: 0x01 Val: 0x005D7018
In clock cycle: 487504
Register Write to Reg: 0x05 Val: 0x00000001
In clock cycle: 487505
Register Write to Reg: 0x04 Val: 0x005D7034
In clock cycle: 487508
Register Write to Reg: 0x01 Val: 0x005D7028
In clock cycle: 487510
Memory Write to Addr: 0x101E7000 Val: 0x00000001
In clock cycle: 488523
Register Write to Reg: 0x03 Val: 0x101E8000
In clock cycle: 488526
Register Write to Reg: 0x03 Val: 0x101E8000
In clock cycle: 488527
Register Write to Reg: 0x04 Val: 0x005D8008
In clock cycle: 488530
Register Write to Reg: 0x04 Val: 0x005D8018
In clock cycle: 488533
Register Write to Reg: 0x04 Val: 0x005D8020
In clock cycle: 488536
Register Write to Reg: 0x01 Val: 0x005D8018
In clock cycle: 488539
Register Write to Reg: 0x05 Val: 0x00000001
In clock cycle: 488540
Register Write to Reg: 0x04 Val: 0x005D8034
In clock cycle: 488543
Register Write to Reg: 0x01 Val: 0x005D8028
In clock cycle: 488545
Memory Write to Addr: 0x101E8000 Val: 0x00000001
In clock cycle: 489558
Register Write to Reg: 0x03 Val: 0x101E9000
In clock cycle: 489561
Register Write to Reg: 0x03 Val: 0x101E9000
In clock cycle: 489562
Register Write to Reg: 0x04 Val: 0x005D9008
In clock cycle: 489565
Register Write to Reg: 0x04 Val: 0x005D9018
In clock cycle: 489568
Register Write to Reg: 0x04 Val: 0x005D9020
In clock cycle: 489571
Register Write to Reg: 0x01 Val: 0x005D9018
In clock cycle: 489574
Register Write to Reg: 0x05 Val: 0x00000001
In clock cycle: 489575
Register Write to Reg: 0x04 Val: 0x005D9034
In clock cycle: 489578
Register Write to Reg: 0x01 Val: 0x005D9028
In clock cycle: 489580
Memory Write to Addr: 0x101E9000 Val: 0x00000001
In clock cycle: 490593
Register Write to Reg: 0x03 Val: 0x101EA000
In clock cycle: 490596
Register Write to Reg: 0x03 Val: 0x101EA000
In clock cycle: 490597
Register Write to Reg: 0x04 Val: 0x005DA008
In clock cycle: 490600
Register Write to Reg: 0x04 Val: 0x005DA018
In clock cycle: 490603
Register Write to Reg: 0x04 Val: 0x005DA020
In clock cycle: 490606
Register Write to Reg: 0x01 Val: 0x005DA018
In clock cycle: 490609
Register Write to Reg: 0x05 Val: 0x00000001
In clock cycle: 490610
Register Write to Reg: 0x04 Val: 0x005DA034
In clock cycle: 490613
Register Write to Reg: 0x01 Val: 0x005DA028
In clock cycle: 490615
Memory Write to Addr: 0x101EA000 Val: 0x00000001
In clock cycle: 491628
Register Write to Reg: 0x03 Val: 0x101EB000
In clock cycle: 491631
Register Write to Reg: 0x03 Val: 0x101EB000
In clock cycle: 491632
Register Write to Reg: 0x04 Val: 0x005DB008
In clock cycle: 491635
Register Write to Reg: 0x04 Val: 0x005DB018
In clock cycle: 491638
Register Write to Reg: 0x04 Val: 0x005DB020
In clock cycle: 491641
Register Write to Reg: 0x01 Val: 0x005DB018
In clock cycle: 491644
Register Write to Reg: 0x05 Val: 0x00000001
In clock cycle: 491645
Register Write to Reg: 0x04 Val: 0x005DB034
In clock cycle: 491648
Register Write to Reg: 0x01 Val: 0x005DB028
In clock cycle: 491650
Memory Write to Addr: 0x101EB000 Val: 0x00000001
In clock cycle: 492663
Register Write to Reg: 0x03 Val: 0x101EC000
In clock cycle: 492666
Register Write to Reg: 0x03 Val: 0x101EC000
In clock cycle: 492667
Register Write to Reg: 0x04 Val: 0x005DC008
In clock cycle: 492670
Register Write to Reg: 0x04 Val: 0x005DC018
In clock cycle: 492673
Register Write to Reg: 0x04 Val: 0x005DC020
In clock cycle: 492676
Register Write to Reg: 0x01 Val: 0x005DC018
In clock cycle: 492679
Register Write to Reg: 0x05 Val: 0x00000001
In clock cycle: 492680
Register Write to Reg: 0x04 Val: 0x005DC034
In clock cycle: 492683
Register Write to Reg: 0x01 Val: 0x005DC028
In clock cycle: 492685
Memory Write to Addr: 0x101EC000 Val: 0x00000001
In clock cycle: 493698
Register Write to Reg: 0x03 Val: 0x101ED000
In clock cycle: 493701
Register Write to Reg: 0x03 Val: 0x101ED000
In clock cycle: 493702
Register Write to Reg: 0x04 Val: 0x005DD008
In clock cycle: 493705
Register Write to Reg: 0x04 Val: 0x005DD018
In clock cycle: 493708
Register Write to Reg: 0x04 Val: 0x005DD020
In clock cycle: 493711
Register Write to Reg: 0x01 Val: 0x005DD018
In clock cycle: 493714
Register Write to Reg: 0x05 Val: 0x00000001
In clock cycle: 493715
Register Write to Reg: 0x04 Val: 0x005DD034
In clock cycle: 493718
Register Write to Reg: 0x01 Val: 0x005DD028
In clock cycle: 493720
Memory Write to Addr: 0x101ED000 Val: 0x00000001
In clock cycle: 494733
Register Write to Reg: 0x03 Val: 0x101EE000
In clock cycle: 494736
Register Write to Reg: 0x03 Val: 0x101EE000
In clock cycle: 494737
Register Write to Reg: 0x04 Val: 0x005DE008
In clock cycle: 494740
Register Write to Reg: 0x04 Val: 0x005DE018
In clock cycle: 494743
Register Write to Reg: 0x04 Val: 0x005DE020
In clock cycle: 494746
Register Write to Reg: 0x01 Val: 0x005DE018
In clock cycle: 494749
Register Write to Reg: 0x05 Val: 0x00000001
In clock cycle: 494750
Register Write to Reg: 0x04 Val: 0x005DE034
In clock cycle: 494753
Register Write to Reg: 0x01 Val: 0x005DE028
In clock cycle: 494755
Memory Write to Addr: 0x101EE000 Val: 0x00000001
In clock cycle: 495768
Register Write to Reg: 0x03 Val: 0x101EF000
In clock cycle: 495771
Register Write to Reg: 0x03 Val: 0x101EF000
In clock cycle: 495772
Register Write to Reg: 0x04 Val: 0x005DF008
In clock cycle: 495775
Register Write to Reg: 0x04 Val: 0x005DF018
In clock cycle: 495778
Register Write to Reg: 0x04 Val: 0x005DF020
In clock cycle: 495781
Register Write to Reg: 0x01 Val: 0x005DF018
In clock cycle: 495784
Register Write to Reg: 0x05 Val: 0x00000001
In clock cycle: 495785
Register Write to Reg: 0x04 Val: 0x005DF034
In clock cycle: 495788
Register Write to Reg: 0x01 Val: 0x005DF028
In clock cycle: 495790
Memory Write to Addr: 0x101EF000 Val: 0x00000001
In clock cycle: 496803
Register Write to Reg: 0x03 Val: 0x101F0000
In clock cycle: 496806
Register Write to Reg: 0x03 Val: 0x101F0000
In clock cycle: 496807
Register Write to Reg: 0x04 Val: 0x005E0008
In clock cycle: 496810
Register Write to Reg: 0x04 Val: 0x005E0018
In clock cycle: 496813
Register Write to Reg: 0x04 Val: 0x005E0020
In clock cycle: 496816
Register Write to Reg: 0x01 Val: 0x005E0018
In clock cycle: 496819
Register Write to Reg: 0x05 Val: 0x00000001
In clock cycle: 496820
Register Write to Reg: 0x04 Val: 0x005E0034
In clock cycle: 496823
Register Write to Reg: 0x01 Val: 0x005E0028
In clock cycle: 496825
Memory Write to Addr: 0x101F0000 Val: 0x00000001
In clock cycle: 497838
Register Write to Reg: 0x03 Val: 0x101F1000
In clock cycle: 497841
Register Write to Reg: 0x03 Val: 0x101F1000
In clock cycle: 497842
Register Write to Reg: 0x04 Val: 0x005E1008
In clock cycle: 497845
Register Write to Reg: 0x04 Val: 0x005E1018
In clock cycle: 497848
Register Write to Reg: 0x04 Val: 0x005E1020
In clock cycle: 497851
Register Write to Reg: 0x01 Val: 0x005E1018
In clock cycle: 497854
Register Write to Reg: 0x05 Val: 0x00000001
In clock cycle: 497855
Register Write to Reg: 0x04 Val: 0x005E1034
In clock cycle: 497858
Register Write to Reg: 0x01 Val: 0x005E1028
In clock cycle: 497860
Memory Write to Addr: 0x101F1000 Val: 0x00000001
In clock cycle: 498873
Register Write to Reg: 0x03 Val: 0x101F2000
In clock cycle: 498876
Register Write to Reg: 0x03 Val: 0x101F2000
In clock cycle: 498877
Register Write to Reg: 0x04 Val: 0x005E2008
In clock cycle: 498880
Register Write to Reg: 0x04 Val: 0x005E2018
In clock cycle: 498883
Register Write to Reg: 0x04 Val: 0x005E2020
In clock cycle: 498886
Register Write to Reg: 0x01 Val: 0x005E2018
In clock cycle: 498889
Register Write to Reg: 0x05 Val: 0x00000001
In clock cycle: 498890
Register Write to Reg: 0x04 Val: 0x005E2034
In clock cycle: 498893
Register Write to Reg: 0x01 Val: 0x005E2028
In clock cycle: 498895
Memory Write to Addr: 0x101F2000 Val: 0x00000001
In clock cycle: 499908
Register Write to Reg: 0x03 Val: 0x101F3000
In clock cycle: 499911
Register Write to Reg: 0x03 Val: 0x101F3000
In clock cycle: 499912
Register Write to Reg: 0x04 Val: 0x005E3008
In clock cycle: 499915
Register Write to Reg: 0x04 Val: 0x005E3018
In clock cycle: 499918
Register Write to Reg: 0x04 Val: 0x005E3020
In clock cycle: 499921
Register Write to Reg: 0x01 Val: 0x005E3018
In clock cycle: 499924
Register Write to Reg: 0x05 Val: 0x00000001
In clock cycle: 499925
Register Write to Reg: 0x04 Val: 0x005E3034
In clock cycle: 499928
Register Write to Reg: 0x01 Val: 0x005E3028
In clock cycle: 499930
Memory Write to Addr: 0x101F3000 Val: 0x00000001
