Reading pref.tcl

# 2025.1_2

# vsim -postsimdataflow -debugdb -c -voptargs=""+acc"" tb -do "modelsim_framework.do" -gOUTPUT_TRACE=ms.trace 
# Start time: 01:33:44 on Dec 09,2025
# ** Note: (vsim-3812) Design is being optimized...
# ** Note: (vsim-8611) Generating debug db.
# ** Warning: (vopt-10587) Some optimizations are turned off because the +acc switch is in effect. This will cause your simulation to run slowly. Please use -access/-debug to maintain needed visibility. The +acc switch would be deprecated in a future release.
# ** Note: (vopt-4301) Memory core inferred for signal 'ram' width=32, depth=1024, type=RAM at location proj/src/TopLevel/mem.vhd:35
# ** Note: (vsim-12126) Error and warning message counts have been restored: Errors=0, Warnings=1.
# //  Questa Sim-64
# //  Version 2025.1_2 linux_x86_64 Apr  7 2025
# //
# // Unpublished work. Copyright 2025 Siemens
# //
# // This material contains trade secrets or otherwise confidential information
# // owned by Siemens Industry Software Inc. or its affiliates (collectively,
# // "SISW"), or its licensors. Access to and use of this information is strictly
# // limited as set forth in the Customer's applicable agreements with SISW.
# //
# // This material may not be copied, distributed, or otherwise disclosed outside
# // of the Customer's facilities without the express written permission of SISW,
# // and may not be used in any way not expressly authorized by SISW.
# //
# Loading std.standard
# Loading std.textio(body)
# Loading ieee.std_logic_1164(body)
# Loading ieee.std_logic_textio(body)
# Loading std.env(body)
# Loading work.tb(mixed)#1
# Loading work.riscv_types(body)
# Loading work.reg_array
# Loading work.riscv_processor(structure)#1
# Loading ieee.numeric_std(body)
# Loading work.mem(rtl)#1
# Loading work.pcregister(structural)#1
# Loading work.pc_dffg(mixed)#1
# Loading work.pipelineregister_flush(structural)#1
# Loading work.mux2t1_n(structural)#1
# Loading work.mux2t1(structural)#1
# Loading work.invg(dataflow)#1
# Loading work.andg2(dataflow)#1
# Loading work.org2(dataflow)#1
# Loading work.pipelineregister(structural)#1
# Loading work.falling_dffg(mixed)#1
# Loading work.nbit_adder(structural)#1
# Loading work.adder(structural)#1
# Loading work.xorg2(dataflow)#1
# Loading work.control_unit_2(dataflow)#1
# Loading work.hazarddetectunit(structural)#1
# Loading work.full_reg_file(structural)#1
# Loading work.decoder5to32(behavioral)#1
# Loading work.nbitregister(structural)#1
# Loading work.dffg(mixed)#1
# Loading work.mux_32by32(dataflow)#1
# Loading work.bitextender(behavioral)#1
# Loading work.idexregister(structural)#1
# Loading work.pipelineregister_flush(structural)#2
# Loading work.mux2t1_n(structural)#2
# Loading work.pipelineregister(structural)#2
# Loading work.pipelineregister_flush(structural)#3
# Loading work.mux2t1_n(structural)#3
# Loading work.pipelineregister(structural)#3
# Loading work.pipelineregister_flush(structural)#4
# Loading work.mux2t1_n(structural)#4
# Loading work.pipelineregister(structural)#4
# Loading work.pipelineregister_flush(structural)#5
# Loading work.mux2t1_n(structural)#5
# Loading work.pipelineregister(structural)#5
# Loading work.pipelineregister_logic_flush(structural)#1
# Loading work.aluunit(structural)#1
# Loading work.and_32bit(structural)#1
# Loading work.or_32bit(structural)#1
# Loading work.xor_32bit(structural)#1
# Loading work.nbit_alu(rtl)#1
# Loading work.mux4x32t1(dataflow)#1
# Loading work.mux4t1(structural)#1
# Loading work.exmemregister(structural)#1
# Loading work.goblinbarrel(behavioral)#1
# Loading work.mux4t1_32(structural)#1
# Loading work.memslicer(behavioral)#1
# Loading work.pipelineregister_logic(structural)#1
# Loading work.zeroextender_1to32(behavioral)#1
# ** Note: (vsim-8900) Creating design debug database vsim.dbg.
# do modelsim_framework.do
# ** Warning: NUMERIC_STD.TO_INTEGER: metavalue detected, returning 0
#    Time: 0 ns  Iteration: 0  Instance: /tb/MyRiscv/ALU_inst/muxResult
# ** Warning: NUMERIC_STD."=": metavalue detected, returning FALSE
#    Time: 0 ns  Iteration: 0  Instance: /tb/MyRiscv/ALU_inst
# ** Warning: NUMERIC_STD.TO_INTEGER: metavalue detected, returning 0
#    Time: 0 ns  Iteration: 0  Instance: /tb/MyRiscv/Register_inst/rs2_mux
# ** Warning: NUMERIC_STD.TO_INTEGER: metavalue detected, returning 0
#    Time: 0 ns  Iteration: 0  Instance: /tb/MyRiscv/Register_inst/rs1_mux
# ** Warning: NUMERIC_STD.TO_INTEGER: metavalue detected, returning 0
#    Time: 0 ns  Iteration: 0  Instance: /tb/MyRiscv/DMem
# ** Warning: NUMERIC_STD.TO_INTEGER: metavalue detected, returning 0
#    Time: 0 ns  Iteration: 0  Instance: /tb/MyRiscv/IMem
# ** Warning: NUMERIC_STD.TO_INTEGER: metavalue detected, returning 0
#    Time: 0 ns  Iteration: 1  Instance: /tb/MyRiscv/Register_inst/rs1_mux
# ** Warning: NUMERIC_STD.TO_INTEGER: metavalue detected, returning 0
#    Time: 0 ns  Iteration: 1  Instance: /tb/MyRiscv/Register_inst/rs2_mux
# ** Warning: NUMERIC_STD.TO_INTEGER: metavalue detected, returning 0
#    Time: 0 ns  Iteration: 3  Instance: /tb/MyRiscv/ALU_inst/muxResult
# ** Warning: NUMERIC_STD.TO_INTEGER: metavalue detected, returning 0
#    Time: 5 ns  Iteration: 4  Instance: /tb/MyRiscv/ALU_inst/muxResult
# ** Warning: NUMERIC_STD.TO_INTEGER: metavalue detected, returning 0
#    Time: 510 ns  Iteration: 3  Instance: /tb/MyRiscv/Register_inst/rs2_mux
# ** Warning: NUMERIC_STD.TO_INTEGER: metavalue detected, returning 0
#    Time: 510 ns  Iteration: 3  Instance: /tb/MyRiscv/Register_inst/rs1_mux
# ** Warning: NUMERIC_STD.TO_INTEGER: metavalue detected, returning 0
#    Time: 21210 ns  Iteration: 3  Instance: /tb/MyRiscv/Register_inst/rs2_mux
# ** Warning: NUMERIC_STD.TO_INTEGER: metavalue detected, returning 0
#    Time: 21210 ns  Iteration: 3  Instance: /tb/MyRiscv/Register_inst/rs1_mux
# ** Warning: NUMERIC_STD.TO_INTEGER: metavalue detected, returning 0
#    Time: 41910 ns  Iteration: 3  Instance: /tb/MyRiscv/Register_inst/rs2_mux
# ** Warning: NUMERIC_STD.TO_INTEGER: metavalue detected, returning 0
#    Time: 41910 ns  Iteration: 3  Instance: /tb/MyRiscv/Register_inst/rs1_mux
# ** Warning: NUMERIC_STD.TO_INTEGER: metavalue detected, returning 0
#    Time: 62610 ns  Iteration: 3  Instance: /tb/MyRiscv/Register_inst/rs2_mux
# ** Warning: NUMERIC_STD.TO_INTEGER: metavalue detected, returning 0
#    Time: 62610 ns  Iteration: 3  Instance: /tb/MyRiscv/Register_inst/rs1_mux
# ** Warning: NUMERIC_STD.TO_INTEGER: metavalue detected, returning 0
#    Time: 83310 ns  Iteration: 3  Instance: /tb/MyRiscv/Register_inst/rs2_mux
# ** Warning: NUMERIC_STD.TO_INTEGER: metavalue detected, returning 0
#    Time: 83310 ns  Iteration: 3  Instance: /tb/MyRiscv/Register_inst/rs1_mux
# ** Warning: NUMERIC_STD.TO_INTEGER: metavalue detected, returning 0
#    Time: 104010 ns  Iteration: 3  Instance: /tb/MyRiscv/Register_inst/rs2_mux
# ** Warning: NUMERIC_STD.TO_INTEGER: metavalue detected, returning 0
#    Time: 104010 ns  Iteration: 3  Instance: /tb/MyRiscv/Register_inst/rs1_mux
# ** Warning: NUMERIC_STD.TO_INTEGER: metavalue detected, returning 0
#    Time: 124710 ns  Iteration: 3  Instance: /tb/MyRiscv/Register_inst/rs2_mux
# ** Warning: NUMERIC_STD.TO_INTEGER: metavalue detected, returning 0
#    Time: 124710 ns  Iteration: 3  Instance: /tb/MyRiscv/Register_inst/rs1_mux
# ** Warning: NUMERIC_STD.TO_INTEGER: metavalue detected, returning 0
#    Time: 145410 ns  Iteration: 3  Instance: /tb/MyRiscv/Register_inst/rs2_mux
# ** Warning: NUMERIC_STD.TO_INTEGER: metavalue detected, returning 0
#    Time: 145410 ns  Iteration: 3  Instance: /tb/MyRiscv/Register_inst/rs1_mux
# ** Warning: NUMERIC_STD.TO_INTEGER: metavalue detected, returning 0
#    Time: 166110 ns  Iteration: 3  Instance: /tb/MyRiscv/Register_inst/rs2_mux
# ** Warning: NUMERIC_STD.TO_INTEGER: metavalue detected, returning 0
#    Time: 166110 ns  Iteration: 3  Instance: /tb/MyRiscv/Register_inst/rs1_mux
# ** Warning: NUMERIC_STD.TO_INTEGER: metavalue detected, returning 0
#    Time: 186810 ns  Iteration: 3  Instance: /tb/MyRiscv/Register_inst/rs2_mux
# ** Warning: NUMERIC_STD.TO_INTEGER: metavalue detected, returning 0
#    Time: 186810 ns  Iteration: 3  Instance: /tb/MyRiscv/Register_inst/rs1_mux
# ** Warning: NUMERIC_STD.TO_INTEGER: metavalue detected, returning 0
#    Time: 207510 ns  Iteration: 3  Instance: /tb/MyRiscv/Register_inst/rs2_mux
# ** Warning: NUMERIC_STD.TO_INTEGER: metavalue detected, returning 0
#    Time: 207510 ns  Iteration: 3  Instance: /tb/MyRiscv/Register_inst/rs1_mux
# ** Warning: NUMERIC_STD.TO_INTEGER: metavalue detected, returning 0
#    Time: 228210 ns  Iteration: 3  Instance: /tb/MyRiscv/Register_inst/rs2_mux
# ** Warning: NUMERIC_STD.TO_INTEGER: metavalue detected, returning 0
#    Time: 228210 ns  Iteration: 3  Instance: /tb/MyRiscv/Register_inst/rs1_mux
# ** Warning: NUMERIC_STD.TO_INTEGER: metavalue detected, returning 0
#    Time: 248910 ns  Iteration: 3  Instance: /tb/MyRiscv/Register_inst/rs2_mux
# ** Warning: NUMERIC_STD.TO_INTEGER: metavalue detected, returning 0
#    Time: 248910 ns  Iteration: 3  Instance: /tb/MyRiscv/Register_inst/rs1_mux
# ** Warning: NUMERIC_STD.TO_INTEGER: metavalue detected, returning 0
#    Time: 269610 ns  Iteration: 3  Instance: /tb/MyRiscv/Register_inst/rs2_mux
# ** Warning: NUMERIC_STD.TO_INTEGER: metavalue detected, returning 0
#    Time: 269610 ns  Iteration: 3  Instance: /tb/MyRiscv/Register_inst/rs1_mux
# ** Warning: NUMERIC_STD.TO_INTEGER: metavalue detected, returning 0
#    Time: 290310 ns  Iteration: 3  Instance: /tb/MyRiscv/Register_inst/rs2_mux
# ** Warning: NUMERIC_STD.TO_INTEGER: metavalue detected, returning 0
#    Time: 290310 ns  Iteration: 3  Instance: /tb/MyRiscv/Register_inst/rs1_mux
# ** Warning: NUMERIC_STD.TO_INTEGER: metavalue detected, returning 0
#    Time: 311010 ns  Iteration: 3  Instance: /tb/MyRiscv/Register_inst/rs2_mux
# ** Warning: NUMERIC_STD.TO_INTEGER: metavalue detected, returning 0
#    Time: 311010 ns  Iteration: 3  Instance: /tb/MyRiscv/Register_inst/rs1_mux
# ** Warning: NUMERIC_STD.TO_INTEGER: metavalue detected, returning 0
#    Time: 331710 ns  Iteration: 3  Instance: /tb/MyRiscv/Register_inst/rs2_mux
# ** Warning: NUMERIC_STD.TO_INTEGER: metavalue detected, returning 0
#    Time: 331710 ns  Iteration: 3  Instance: /tb/MyRiscv/Register_inst/rs1_mux
# ** Warning: NUMERIC_STD.TO_INTEGER: metavalue detected, returning 0
#    Time: 352410 ns  Iteration: 3  Instance: /tb/MyRiscv/Register_inst/rs2_mux
# ** Warning: NUMERIC_STD.TO_INTEGER: metavalue detected, returning 0
#    Time: 352410 ns  Iteration: 3  Instance: /tb/MyRiscv/Register_inst/rs1_mux
# ** Warning: NUMERIC_STD.TO_INTEGER: metavalue detected, returning 0
#    Time: 373110 ns  Iteration: 3  Instance: /tb/MyRiscv/Register_inst/rs2_mux
# ** Warning: NUMERIC_STD.TO_INTEGER: metavalue detected, returning 0
#    Time: 373110 ns  Iteration: 3  Instance: /tb/MyRiscv/Register_inst/rs1_mux
# ** Warning: NUMERIC_STD.TO_INTEGER: metavalue detected, returning 0
#    Time: 393810 ns  Iteration: 3  Instance: /tb/MyRiscv/Register_inst/rs2_mux
# ** Warning: NUMERIC_STD.TO_INTEGER: metavalue detected, returning 0
#    Time: 393810 ns  Iteration: 3  Instance: /tb/MyRiscv/Register_inst/rs1_mux
# ** Warning: NUMERIC_STD.TO_INTEGER: metavalue detected, returning 0
#    Time: 414510 ns  Iteration: 3  Instance: /tb/MyRiscv/Register_inst/rs2_mux
# ** Warning: NUMERIC_STD.TO_INTEGER: metavalue detected, returning 0
#    Time: 414510 ns  Iteration: 3  Instance: /tb/MyRiscv/Register_inst/rs1_mux
# ** Warning: NUMERIC_STD.TO_INTEGER: metavalue detected, returning 0
#    Time: 435210 ns  Iteration: 3  Instance: /tb/MyRiscv/Register_inst/rs2_mux
# ** Warning: NUMERIC_STD.TO_INTEGER: metavalue detected, returning 0
#    Time: 435210 ns  Iteration: 3  Instance: /tb/MyRiscv/Register_inst/rs1_mux
# ** Warning: NUMERIC_STD.TO_INTEGER: metavalue detected, returning 0
#    Time: 455910 ns  Iteration: 3  Instance: /tb/MyRiscv/Register_inst/rs2_mux
# ** Warning: NUMERIC_STD.TO_INTEGER: metavalue detected, returning 0
#    Time: 455910 ns  Iteration: 3  Instance: /tb/MyRiscv/Register_inst/rs1_mux
# ** Warning: NUMERIC_STD.TO_INTEGER: metavalue detected, returning 0
#    Time: 476610 ns  Iteration: 3  Instance: /tb/MyRiscv/Register_inst/rs2_mux
# ** Warning: NUMERIC_STD.TO_INTEGER: metavalue detected, returning 0
#    Time: 476610 ns  Iteration: 3  Instance: /tb/MyRiscv/Register_inst/rs1_mux
# ** Warning: NUMERIC_STD.TO_INTEGER: metavalue detected, returning 0
#    Time: 497310 ns  Iteration: 3  Instance: /tb/MyRiscv/Register_inst/rs2_mux
# ** Warning: NUMERIC_STD.TO_INTEGER: metavalue detected, returning 0
#    Time: 497310 ns  Iteration: 3  Instance: /tb/MyRiscv/Register_inst/rs1_mux
# ** Warning: NUMERIC_STD.TO_INTEGER: metavalue detected, returning 0
#    Time: 518010 ns  Iteration: 3  Instance: /tb/MyRiscv/Register_inst/rs2_mux
# ** Warning: NUMERIC_STD.TO_INTEGER: metavalue detected, returning 0
#    Time: 518010 ns  Iteration: 3  Instance: /tb/MyRiscv/Register_inst/rs1_mux
# ** Warning: NUMERIC_STD.TO_INTEGER: metavalue detected, returning 0
#    Time: 538710 ns  Iteration: 3  Instance: /tb/MyRiscv/Register_inst/rs2_mux
# ** Warning: NUMERIC_STD.TO_INTEGER: metavalue detected, returning 0
#    Time: 538710 ns  Iteration: 3  Instance: /tb/MyRiscv/Register_inst/rs1_mux
# ** Warning: NUMERIC_STD.TO_INTEGER: metavalue detected, returning 0
#    Time: 559410 ns  Iteration: 3  Instance: /tb/MyRiscv/Register_inst/rs2_mux
# ** Warning: NUMERIC_STD.TO_INTEGER: metavalue detected, returning 0
#    Time: 559410 ns  Iteration: 3  Instance: /tb/MyRiscv/Register_inst/rs1_mux
# ** Warning: NUMERIC_STD.TO_INTEGER: metavalue detected, returning 0
#    Time: 580110 ns  Iteration: 3  Instance: /tb/MyRiscv/Register_inst/rs2_mux
# ** Warning: NUMERIC_STD.TO_INTEGER: metavalue detected, returning 0
#    Time: 580110 ns  Iteration: 3  Instance: /tb/MyRiscv/Register_inst/rs1_mux
# ** Warning: NUMERIC_STD.TO_INTEGER: metavalue detected, returning 0
#    Time: 600810 ns  Iteration: 3  Instance: /tb/MyRiscv/Register_inst/rs2_mux
# ** Warning: NUMERIC_STD.TO_INTEGER: metavalue detected, returning 0
#    Time: 600810 ns  Iteration: 3  Instance: /tb/MyRiscv/Register_inst/rs1_mux
# ** Warning: NUMERIC_STD.TO_INTEGER: metavalue detected, returning 0
#    Time: 621510 ns  Iteration: 3  Instance: /tb/MyRiscv/Register_inst/rs2_mux
# ** Warning: NUMERIC_STD.TO_INTEGER: metavalue detected, returning 0
#    Time: 621510 ns  Iteration: 3  Instance: /tb/MyRiscv/Register_inst/rs1_mux
# ** Warning: NUMERIC_STD.TO_INTEGER: metavalue detected, returning 0
#    Time: 642210 ns  Iteration: 3  Instance: /tb/MyRiscv/Register_inst/rs2_mux
# ** Warning: NUMERIC_STD.TO_INTEGER: metavalue detected, returning 0
#    Time: 642210 ns  Iteration: 3  Instance: /tb/MyRiscv/Register_inst/rs1_mux
# ** Warning: NUMERIC_STD.TO_INTEGER: metavalue detected, returning 0
#    Time: 662910 ns  Iteration: 3  Instance: /tb/MyRiscv/Register_inst/rs2_mux
# ** Warning: NUMERIC_STD.TO_INTEGER: metavalue detected, returning 0
#    Time: 662910 ns  Iteration: 3  Instance: /tb/MyRiscv/Register_inst/rs1_mux
# ** Warning: NUMERIC_STD.TO_INTEGER: metavalue detected, returning 0
#    Time: 683610 ns  Iteration: 3  Instance: /tb/MyRiscv/Register_inst/rs2_mux
# ** Warning: NUMERIC_STD.TO_INTEGER: metavalue detected, returning 0
#    Time: 683610 ns  Iteration: 3  Instance: /tb/MyRiscv/Register_inst/rs1_mux
# ** Warning: NUMERIC_STD.TO_INTEGER: metavalue detected, returning 0
#    Time: 704310 ns  Iteration: 3  Instance: /tb/MyRiscv/Register_inst/rs2_mux
# ** Warning: NUMERIC_STD.TO_INTEGER: metavalue detected, returning 0
#    Time: 704310 ns  Iteration: 3  Instance: /tb/MyRiscv/Register_inst/rs1_mux
# ** Warning: NUMERIC_STD.TO_INTEGER: metavalue detected, returning 0
#    Time: 725010 ns  Iteration: 3  Instance: /tb/MyRiscv/Register_inst/rs2_mux
# ** Warning: NUMERIC_STD.TO_INTEGER: metavalue detected, returning 0
#    Time: 725010 ns  Iteration: 3  Instance: /tb/MyRiscv/Register_inst/rs1_mux
# ** Warning: NUMERIC_STD.TO_INTEGER: metavalue detected, returning 0
#    Time: 745710 ns  Iteration: 3  Instance: /tb/MyRiscv/Register_inst/rs2_mux
# ** Warning: NUMERIC_STD.TO_INTEGER: metavalue detected, returning 0
#    Time: 745710 ns  Iteration: 3  Instance: /tb/MyRiscv/Register_inst/rs1_mux
# ** Warning: NUMERIC_STD.TO_INTEGER: metavalue detected, returning 0
#    Time: 766410 ns  Iteration: 3  Instance: /tb/MyRiscv/Register_inst/rs2_mux
# ** Warning: NUMERIC_STD.TO_INTEGER: metavalue detected, returning 0
#    Time: 766410 ns  Iteration: 3  Instance: /tb/MyRiscv/Register_inst/rs1_mux
# ** Warning: NUMERIC_STD.TO_INTEGER: metavalue detected, returning 0
#    Time: 787110 ns  Iteration: 3  Instance: /tb/MyRiscv/Register_inst/rs2_mux
# ** Warning: NUMERIC_STD.TO_INTEGER: metavalue detected, returning 0
#    Time: 787110 ns  Iteration: 3  Instance: /tb/MyRiscv/Register_inst/rs1_mux
# ** Warning: NUMERIC_STD.TO_INTEGER: metavalue detected, returning 0
#    Time: 807810 ns  Iteration: 3  Instance: /tb/MyRiscv/Register_inst/rs2_mux
# ** Warning: NUMERIC_STD.TO_INTEGER: metavalue detected, returning 0
#    Time: 807810 ns  Iteration: 3  Instance: /tb/MyRiscv/Register_inst/rs1_mux
# ** Warning: NUMERIC_STD.TO_INTEGER: metavalue detected, returning 0
#    Time: 828510 ns  Iteration: 3  Instance: /tb/MyRiscv/Register_inst/rs2_mux
# ** Warning: NUMERIC_STD.TO_INTEGER: metavalue detected, returning 0
#    Time: 828510 ns  Iteration: 3  Instance: /tb/MyRiscv/Register_inst/rs1_mux
# ** Warning: NUMERIC_STD.TO_INTEGER: metavalue detected, returning 0
#    Time: 849210 ns  Iteration: 3  Instance: /tb/MyRiscv/Register_inst/rs2_mux
# ** Warning: NUMERIC_STD.TO_INTEGER: metavalue detected, returning 0
#    Time: 849210 ns  Iteration: 3  Instance: /tb/MyRiscv/Register_inst/rs1_mux
# ** Warning: NUMERIC_STD.TO_INTEGER: metavalue detected, returning 0
#    Time: 869910 ns  Iteration: 3  Instance: /tb/MyRiscv/Register_inst/rs2_mux
# ** Warning: NUMERIC_STD.TO_INTEGER: metavalue detected, returning 0
#    Time: 869910 ns  Iteration: 3  Instance: /tb/MyRiscv/Register_inst/rs1_mux
# ** Warning: NUMERIC_STD.TO_INTEGER: metavalue detected, returning 0
#    Time: 890610 ns  Iteration: 3  Instance: /tb/MyRiscv/Register_inst/rs2_mux
# ** Warning: NUMERIC_STD.TO_INTEGER: metavalue detected, returning 0
#    Time: 890610 ns  Iteration: 3  Instance: /tb/MyRiscv/Register_inst/rs1_mux
# ** Warning: NUMERIC_STD.TO_INTEGER: metavalue detected, returning 0
#    Time: 911310 ns  Iteration: 3  Instance: /tb/MyRiscv/Register_inst/rs2_mux
# ** Warning: NUMERIC_STD.TO_INTEGER: metavalue detected, returning 0
#    Time: 911310 ns  Iteration: 3  Instance: /tb/MyRiscv/Register_inst/rs1_mux
# ** Warning: NUMERIC_STD.TO_INTEGER: metavalue detected, returning 0
#    Time: 932010 ns  Iteration: 3  Instance: /tb/MyRiscv/Register_inst/rs2_mux
# ** Warning: NUMERIC_STD.TO_INTEGER: metavalue detected, returning 0
#    Time: 932010 ns  Iteration: 3  Instance: /tb/MyRiscv/Register_inst/rs1_mux
# ** Warning: NUMERIC_STD.TO_INTEGER: metavalue detected, returning 0
#    Time: 952710 ns  Iteration: 3  Instance: /tb/MyRiscv/Register_inst/rs2_mux
# ** Warning: NUMERIC_STD.TO_INTEGER: metavalue detected, returning 0
#    Time: 952710 ns  Iteration: 3  Instance: /tb/MyRiscv/Register_inst/rs1_mux
# ** Warning: NUMERIC_STD.TO_INTEGER: metavalue detected, returning 0
#    Time: 973410 ns  Iteration: 3  Instance: /tb/MyRiscv/Register_inst/rs2_mux
# ** Warning: NUMERIC_STD.TO_INTEGER: metavalue detected, returning 0
#    Time: 973410 ns  Iteration: 3  Instance: /tb/MyRiscv/Register_inst/rs1_mux
# ** Warning: NUMERIC_STD.TO_INTEGER: metavalue detected, returning 0
#    Time: 994110 ns  Iteration: 3  Instance: /tb/MyRiscv/Register_inst/rs2_mux
# ** Warning: NUMERIC_STD.TO_INTEGER: metavalue detected, returning 0
#    Time: 994110 ns  Iteration: 3  Instance: /tb/MyRiscv/Register_inst/rs1_mux
# ** Warning: NUMERIC_STD.TO_INTEGER: metavalue detected, returning 0
#    Time: 1014810 ns  Iteration: 3  Instance: /tb/MyRiscv/Register_inst/rs2_mux
# ** Warning: NUMERIC_STD.TO_INTEGER: metavalue detected, returning 0
#    Time: 1014810 ns  Iteration: 3  Instance: /tb/MyRiscv/Register_inst/rs1_mux
# ** Warning: NUMERIC_STD.TO_INTEGER: metavalue detected, returning 0
#    Time: 1035510 ns  Iteration: 3  Instance: /tb/MyRiscv/Register_inst/rs2_mux
# ** Warning: NUMERIC_STD.TO_INTEGER: metavalue detected, returning 0
#    Time: 1035510 ns  Iteration: 3  Instance: /tb/MyRiscv/Register_inst/rs1_mux
# ** Warning: NUMERIC_STD.TO_INTEGER: metavalue detected, returning 0
#    Time: 1056210 ns  Iteration: 3  Instance: /tb/MyRiscv/Register_inst/rs2_mux
# ** Warning: NUMERIC_STD.TO_INTEGER: metavalue detected, returning 0
#    Time: 1056210 ns  Iteration: 3  Instance: /tb/MyRiscv/Register_inst/rs1_mux
# ** Warning: NUMERIC_STD.TO_INTEGER: metavalue detected, returning 0
#    Time: 1076910 ns  Iteration: 3  Instance: /tb/MyRiscv/Register_inst/rs2_mux
# ** Warning: NUMERIC_STD.TO_INTEGER: metavalue detected, returning 0
#    Time: 1076910 ns  Iteration: 3  Instance: /tb/MyRiscv/Register_inst/rs1_mux
# ** Warning: NUMERIC_STD.TO_INTEGER: metavalue detected, returning 0
#    Time: 1097610 ns  Iteration: 3  Instance: /tb/MyRiscv/Register_inst/rs2_mux
# ** Warning: NUMERIC_STD.TO_INTEGER: metavalue detected, returning 0
#    Time: 1097610 ns  Iteration: 3  Instance: /tb/MyRiscv/Register_inst/rs1_mux
# ** Warning: NUMERIC_STD.TO_INTEGER: metavalue detected, returning 0
#    Time: 1118310 ns  Iteration: 3  Instance: /tb/MyRiscv/Register_inst/rs2_mux
# ** Warning: NUMERIC_STD.TO_INTEGER: metavalue detected, returning 0
#    Time: 1118310 ns  Iteration: 3  Instance: /tb/MyRiscv/Register_inst/rs1_mux
# ** Warning: NUMERIC_STD.TO_INTEGER: metavalue detected, returning 0
#    Time: 1139010 ns  Iteration: 3  Instance: /tb/MyRiscv/Register_inst/rs2_mux
# ** Warning: NUMERIC_STD.TO_INTEGER: metavalue detected, returning 0
#    Time: 1139010 ns  Iteration: 3  Instance: /tb/MyRiscv/Register_inst/rs1_mux
# ** Warning: NUMERIC_STD.TO_INTEGER: metavalue detected, returning 0
#    Time: 1159710 ns  Iteration: 3  Instance: /tb/MyRiscv/Register_inst/rs2_mux
# ** Warning: NUMERIC_STD.TO_INTEGER: metavalue detected, returning 0
#    Time: 1159710 ns  Iteration: 3  Instance: /tb/MyRiscv/Register_inst/rs1_mux
# ** Warning: NUMERIC_STD.TO_INTEGER: metavalue detected, returning 0
#    Time: 1180410 ns  Iteration: 3  Instance: /tb/MyRiscv/Register_inst/rs2_mux
# ** Warning: NUMERIC_STD.TO_INTEGER: metavalue detected, returning 0
#    Time: 1180410 ns  Iteration: 3  Instance: /tb/MyRiscv/Register_inst/rs1_mux
# ** Warning: NUMERIC_STD.TO_INTEGER: metavalue detected, returning 0
#    Time: 1201110 ns  Iteration: 3  Instance: /tb/MyRiscv/Register_inst/rs2_mux
# ** Warning: NUMERIC_STD.TO_INTEGER: metavalue detected, returning 0
#    Time: 1201110 ns  Iteration: 3  Instance: /tb/MyRiscv/Register_inst/rs1_mux
# ** Warning: NUMERIC_STD.TO_INTEGER: metavalue detected, returning 0
#    Time: 1221810 ns  Iteration: 3  Instance: /tb/MyRiscv/Register_inst/rs2_mux
# ** Warning: NUMERIC_STD.TO_INTEGER: metavalue detected, returning 0
#    Time: 1221810 ns  Iteration: 3  Instance: /tb/MyRiscv/Register_inst/rs1_mux
# ** Warning: NUMERIC_STD.TO_INTEGER: metavalue detected, returning 0
#    Time: 1242510 ns  Iteration: 3  Instance: /tb/MyRiscv/Register_inst/rs2_mux
# ** Warning: NUMERIC_STD.TO_INTEGER: metavalue detected, returning 0
#    Time: 1242510 ns  Iteration: 3  Instance: /tb/MyRiscv/Register_inst/rs1_mux
# ** Warning: NUMERIC_STD.TO_INTEGER: metavalue detected, returning 0
#    Time: 1263210 ns  Iteration: 3  Instance: /tb/MyRiscv/Register_inst/rs2_mux
# ** Warning: NUMERIC_STD.TO_INTEGER: metavalue detected, returning 0
#    Time: 1263210 ns  Iteration: 3  Instance: /tb/MyRiscv/Register_inst/rs1_mux
# ** Warning: NUMERIC_STD.TO_INTEGER: metavalue detected, returning 0
#    Time: 1283910 ns  Iteration: 3  Instance: /tb/MyRiscv/Register_inst/rs2_mux
# ** Warning: NUMERIC_STD.TO_INTEGER: metavalue detected, returning 0
#    Time: 1283910 ns  Iteration: 3  Instance: /tb/MyRiscv/Register_inst/rs1_mux
# ** Warning: NUMERIC_STD.TO_INTEGER: metavalue detected, returning 0
#    Time: 1304610 ns  Iteration: 3  Instance: /tb/MyRiscv/Register_inst/rs2_mux
# ** Warning: NUMERIC_STD.TO_INTEGER: metavalue detected, returning 0
#    Time: 1304610 ns  Iteration: 3  Instance: /tb/MyRiscv/Register_inst/rs1_mux
# ** Warning: NUMERIC_STD.TO_INTEGER: metavalue detected, returning 0
#    Time: 1325310 ns  Iteration: 3  Instance: /tb/MyRiscv/Register_inst/rs2_mux
# ** Warning: NUMERIC_STD.TO_INTEGER: metavalue detected, returning 0
#    Time: 1325310 ns  Iteration: 3  Instance: /tb/MyRiscv/Register_inst/rs1_mux
# ** Warning: NUMERIC_STD.TO_INTEGER: metavalue detected, returning 0
#    Time: 1346010 ns  Iteration: 3  Instance: /tb/MyRiscv/Register_inst/rs2_mux
# ** Warning: NUMERIC_STD.TO_INTEGER: metavalue detected, returning 0
#    Time: 1346010 ns  Iteration: 3  Instance: /tb/MyRiscv/Register_inst/rs1_mux
# ** Warning: NUMERIC_STD.TO_INTEGER: metavalue detected, returning 0
#    Time: 1366710 ns  Iteration: 3  Instance: /tb/MyRiscv/Register_inst/rs2_mux
# ** Warning: NUMERIC_STD.TO_INTEGER: metavalue detected, returning 0
#    Time: 1366710 ns  Iteration: 3  Instance: /tb/MyRiscv/Register_inst/rs1_mux
# ** Warning: NUMERIC_STD.TO_INTEGER: metavalue detected, returning 0
#    Time: 1387410 ns  Iteration: 3  Instance: /tb/MyRiscv/Register_inst/rs2_mux
# ** Warning: NUMERIC_STD.TO_INTEGER: metavalue detected, returning 0
#    Time: 1387410 ns  Iteration: 3  Instance: /tb/MyRiscv/Register_inst/rs1_mux
# ** Warning: NUMERIC_STD.TO_INTEGER: metavalue detected, returning 0
#    Time: 1408110 ns  Iteration: 3  Instance: /tb/MyRiscv/Register_inst/rs2_mux
# ** Warning: NUMERIC_STD.TO_INTEGER: metavalue detected, returning 0
#    Time: 1408110 ns  Iteration: 3  Instance: /tb/MyRiscv/Register_inst/rs1_mux
# ** Warning: NUMERIC_STD.TO_INTEGER: metavalue detected, returning 0
#    Time: 1428810 ns  Iteration: 3  Instance: /tb/MyRiscv/Register_inst/rs2_mux
# ** Warning: NUMERIC_STD.TO_INTEGER: metavalue detected, returning 0
#    Time: 1428810 ns  Iteration: 3  Instance: /tb/MyRiscv/Register_inst/rs1_mux
# ** Warning: NUMERIC_STD.TO_INTEGER: metavalue detected, returning 0
#    Time: 1449510 ns  Iteration: 3  Instance: /tb/MyRiscv/Register_inst/rs2_mux
# ** Warning: NUMERIC_STD.TO_INTEGER: metavalue detected, returning 0
#    Time: 1449510 ns  Iteration: 3  Instance: /tb/MyRiscv/Register_inst/rs1_mux
# ** Warning: NUMERIC_STD.TO_INTEGER: metavalue detected, returning 0
#    Time: 1470210 ns  Iteration: 3  Instance: /tb/MyRiscv/Register_inst/rs2_mux
# ** Warning: NUMERIC_STD.TO_INTEGER: metavalue detected, returning 0
#    Time: 1470210 ns  Iteration: 3  Instance: /tb/MyRiscv/Register_inst/rs1_mux
# ** Warning: NUMERIC_STD.TO_INTEGER: metavalue detected, returning 0
#    Time: 1490910 ns  Iteration: 3  Instance: /tb/MyRiscv/Register_inst/rs2_mux
# ** Warning: NUMERIC_STD.TO_INTEGER: metavalue detected, returning 0
#    Time: 1490910 ns  Iteration: 3  Instance: /tb/MyRiscv/Register_inst/rs1_mux
# ** Warning: NUMERIC_STD.TO_INTEGER: metavalue detected, returning 0
#    Time: 1511610 ns  Iteration: 3  Instance: /tb/MyRiscv/Register_inst/rs2_mux
# ** Warning: NUMERIC_STD.TO_INTEGER: metavalue detected, returning 0
#    Time: 1511610 ns  Iteration: 3  Instance: /tb/MyRiscv/Register_inst/rs1_mux
# ** Warning: NUMERIC_STD.TO_INTEGER: metavalue detected, returning 0
#    Time: 1532310 ns  Iteration: 3  Instance: /tb/MyRiscv/Register_inst/rs2_mux
# ** Warning: NUMERIC_STD.TO_INTEGER: metavalue detected, returning 0
#    Time: 1532310 ns  Iteration: 3  Instance: /tb/MyRiscv/Register_inst/rs1_mux
# ** Warning: NUMERIC_STD.TO_INTEGER: metavalue detected, returning 0
#    Time: 1553010 ns  Iteration: 3  Instance: /tb/MyRiscv/Register_inst/rs2_mux
# ** Warning: NUMERIC_STD.TO_INTEGER: metavalue detected, returning 0
#    Time: 1553010 ns  Iteration: 3  Instance: /tb/MyRiscv/Register_inst/rs1_mux
# ** Warning: NUMERIC_STD.TO_INTEGER: metavalue detected, returning 0
#    Time: 1573710 ns  Iteration: 3  Instance: /tb/MyRiscv/Register_inst/rs2_mux
# ** Warning: NUMERIC_STD.TO_INTEGER: metavalue detected, returning 0
#    Time: 1573710 ns  Iteration: 3  Instance: /tb/MyRiscv/Register_inst/rs1_mux
# ** Warning: NUMERIC_STD.TO_INTEGER: metavalue detected, returning 0
#    Time: 1594410 ns  Iteration: 3  Instance: /tb/MyRiscv/Register_inst/rs2_mux
# ** Warning: NUMERIC_STD.TO_INTEGER: metavalue detected, returning 0
#    Time: 1594410 ns  Iteration: 3  Instance: /tb/MyRiscv/Register_inst/rs1_mux
# ** Warning: NUMERIC_STD.TO_INTEGER: metavalue detected, returning 0
#    Time: 1615110 ns  Iteration: 3  Instance: /tb/MyRiscv/Register_inst/rs2_mux
# ** Warning: NUMERIC_STD.TO_INTEGER: metavalue detected, returning 0
#    Time: 1615110 ns  Iteration: 3  Instance: /tb/MyRiscv/Register_inst/rs1_mux
# ** Warning: NUMERIC_STD.TO_INTEGER: metavalue detected, returning 0
#    Time: 1635810 ns  Iteration: 3  Instance: /tb/MyRiscv/Register_inst/rs2_mux
# ** Warning: NUMERIC_STD.TO_INTEGER: metavalue detected, returning 0
#    Time: 1635810 ns  Iteration: 3  Instance: /tb/MyRiscv/Register_inst/rs1_mux
# ** Warning: NUMERIC_STD.TO_INTEGER: metavalue detected, returning 0
#    Time: 1656510 ns  Iteration: 3  Instance: /tb/MyRiscv/Register_inst/rs2_mux
# ** Warning: NUMERIC_STD.TO_INTEGER: metavalue detected, returning 0
#    Time: 1656510 ns  Iteration: 3  Instance: /tb/MyRiscv/Register_inst/rs1_mux
# ** Warning: NUMERIC_STD.TO_INTEGER: metavalue detected, returning 0
#    Time: 1677210 ns  Iteration: 3  Instance: /tb/MyRiscv/Register_inst/rs2_mux
# ** Warning: NUMERIC_STD.TO_INTEGER: metavalue detected, returning 0
#    Time: 1677210 ns  Iteration: 3  Instance: /tb/MyRiscv/Register_inst/rs1_mux
# ** Warning: NUMERIC_STD.TO_INTEGER: metavalue detected, returning 0
#    Time: 1697910 ns  Iteration: 3  Instance: /tb/MyRiscv/Register_inst/rs2_mux
# ** Warning: NUMERIC_STD.TO_INTEGER: metavalue detected, returning 0
#    Time: 1697910 ns  Iteration: 3  Instance: /tb/MyRiscv/Register_inst/rs1_mux
# ** Warning: NUMERIC_STD.TO_INTEGER: metavalue detected, returning 0
#    Time: 1718610 ns  Iteration: 3  Instance: /tb/MyRiscv/Register_inst/rs2_mux
# ** Warning: NUMERIC_STD.TO_INTEGER: metavalue detected, returning 0
#    Time: 1718610 ns  Iteration: 3  Instance: /tb/MyRiscv/Register_inst/rs1_mux
# ** Warning: NUMERIC_STD.TO_INTEGER: metavalue detected, returning 0
#    Time: 1739310 ns  Iteration: 3  Instance: /tb/MyRiscv/Register_inst/rs2_mux
# ** Warning: NUMERIC_STD.TO_INTEGER: metavalue detected, returning 0
#    Time: 1739310 ns  Iteration: 3  Instance: /tb/MyRiscv/Register_inst/rs1_mux
# ** Warning: NUMERIC_STD.TO_INTEGER: metavalue detected, returning 0
#    Time: 1760010 ns  Iteration: 3  Instance: /tb/MyRiscv/Register_inst/rs2_mux
# ** Warning: NUMERIC_STD.TO_INTEGER: metavalue detected, returning 0
#    Time: 1760010 ns  Iteration: 3  Instance: /tb/MyRiscv/Register_inst/rs1_mux
# ** Warning: NUMERIC_STD.TO_INTEGER: metavalue detected, returning 0
#    Time: 1780710 ns  Iteration: 3  Instance: /tb/MyRiscv/Register_inst/rs2_mux
# ** Warning: NUMERIC_STD.TO_INTEGER: metavalue detected, returning 0
#    Time: 1780710 ns  Iteration: 3  Instance: /tb/MyRiscv/Register_inst/rs1_mux
# ** Warning: NUMERIC_STD.TO_INTEGER: metavalue detected, returning 0
#    Time: 1801410 ns  Iteration: 3  Instance: /tb/MyRiscv/Register_inst/rs2_mux
# ** Warning: NUMERIC_STD.TO_INTEGER: metavalue detected, returning 0
#    Time: 1801410 ns  Iteration: 3  Instance: /tb/MyRiscv/Register_inst/rs1_mux
# ** Warning: NUMERIC_STD.TO_INTEGER: metavalue detected, returning 0
#    Time: 1822110 ns  Iteration: 3  Instance: /tb/MyRiscv/Register_inst/rs2_mux
# ** Warning: NUMERIC_STD.TO_INTEGER: metavalue detected, returning 0
#    Time: 1822110 ns  Iteration: 3  Instance: /tb/MyRiscv/Register_inst/rs1_mux
# ** Warning: NUMERIC_STD.TO_INTEGER: metavalue detected, returning 0
#    Time: 1842810 ns  Iteration: 3  Instance: /tb/MyRiscv/Register_inst/rs2_mux
# ** Warning: NUMERIC_STD.TO_INTEGER: metavalue detected, returning 0
#    Time: 1842810 ns  Iteration: 3  Instance: /tb/MyRiscv/Register_inst/rs1_mux
# ** Warning: NUMERIC_STD.TO_INTEGER: metavalue detected, returning 0
#    Time: 1863510 ns  Iteration: 3  Instance: /tb/MyRiscv/Register_inst/rs2_mux
# ** Warning: NUMERIC_STD.TO_INTEGER: metavalue detected, returning 0
#    Time: 1863510 ns  Iteration: 3  Instance: /tb/MyRiscv/Register_inst/rs1_mux
# ** Warning: NUMERIC_STD.TO_INTEGER: metavalue detected, returning 0
#    Time: 1884210 ns  Iteration: 3  Instance: /tb/MyRiscv/Register_inst/rs2_mux
# ** Warning: NUMERIC_STD.TO_INTEGER: metavalue detected, returning 0
#    Time: 1884210 ns  Iteration: 3  Instance: /tb/MyRiscv/Register_inst/rs1_mux
# ** Warning: NUMERIC_STD.TO_INTEGER: metavalue detected, returning 0
#    Time: 1904910 ns  Iteration: 3  Instance: /tb/MyRiscv/Register_inst/rs2_mux
# ** Warning: NUMERIC_STD.TO_INTEGER: metavalue detected, returning 0
#    Time: 1904910 ns  Iteration: 3  Instance: /tb/MyRiscv/Register_inst/rs1_mux
# ** Warning: NUMERIC_STD.TO_INTEGER: metavalue detected, returning 0
#    Time: 1925610 ns  Iteration: 3  Instance: /tb/MyRiscv/Register_inst/rs2_mux
# ** Warning: NUMERIC_STD.TO_INTEGER: metavalue detected, returning 0
#    Time: 1925610 ns  Iteration: 3  Instance: /tb/MyRiscv/Register_inst/rs1_mux
# ** Warning: NUMERIC_STD.TO_INTEGER: metavalue detected, returning 0
#    Time: 1946310 ns  Iteration: 3  Instance: /tb/MyRiscv/Register_inst/rs2_mux
# ** Warning: NUMERIC_STD.TO_INTEGER: metavalue detected, returning 0
#    Time: 1946310 ns  Iteration: 3  Instance: /tb/MyRiscv/Register_inst/rs1_mux
# ** Warning: NUMERIC_STD.TO_INTEGER: metavalue detected, returning 0
#    Time: 1967010 ns  Iteration: 3  Instance: /tb/MyRiscv/Register_inst/rs2_mux
# ** Warning: NUMERIC_STD.TO_INTEGER: metavalue detected, returning 0
#    Time: 1967010 ns  Iteration: 3  Instance: /tb/MyRiscv/Register_inst/rs1_mux
# ** Warning: NUMERIC_STD.TO_INTEGER: metavalue detected, returning 0
#    Time: 1987710 ns  Iteration: 3  Instance: /tb/MyRiscv/Register_inst/rs2_mux
# ** Warning: NUMERIC_STD.TO_INTEGER: metavalue detected, returning 0
#    Time: 1987710 ns  Iteration: 3  Instance: /tb/MyRiscv/Register_inst/rs1_mux
# ** Warning: NUMERIC_STD.TO_INTEGER: metavalue detected, returning 0
#    Time: 2008410 ns  Iteration: 3  Instance: /tb/MyRiscv/Register_inst/rs2_mux
# ** Warning: NUMERIC_STD.TO_INTEGER: metavalue detected, returning 0
#    Time: 2008410 ns  Iteration: 3  Instance: /tb/MyRiscv/Register_inst/rs1_mux
# ** Warning: NUMERIC_STD.TO_INTEGER: metavalue detected, returning 0
#    Time: 2029110 ns  Iteration: 3  Instance: /tb/MyRiscv/Register_inst/rs2_mux
# ** Warning: NUMERIC_STD.TO_INTEGER: metavalue detected, returning 0
#    Time: 2029110 ns  Iteration: 3  Instance: /tb/MyRiscv/Register_inst/rs1_mux
# ** Warning: NUMERIC_STD.TO_INTEGER: metavalue detected, returning 0
#    Time: 2049810 ns  Iteration: 3  Instance: /tb/MyRiscv/Register_inst/rs2_mux
# ** Warning: NUMERIC_STD.TO_INTEGER: metavalue detected, returning 0
#    Time: 2049810 ns  Iteration: 3  Instance: /tb/MyRiscv/Register_inst/rs1_mux
# ** Warning: NUMERIC_STD.TO_INTEGER: metavalue detected, returning 0
#    Time: 2070510 ns  Iteration: 3  Instance: /tb/MyRiscv/Register_inst/rs2_mux
# ** Warning: NUMERIC_STD.TO_INTEGER: metavalue detected, returning 0
#    Time: 2070510 ns  Iteration: 3  Instance: /tb/MyRiscv/Register_inst/rs1_mux
# ** Warning: NUMERIC_STD.TO_INTEGER: metavalue detected, returning 0
#    Time: 2091210 ns  Iteration: 3  Instance: /tb/MyRiscv/Register_inst/rs2_mux
# ** Warning: NUMERIC_STD.TO_INTEGER: metavalue detected, returning 0
#    Time: 2091210 ns  Iteration: 3  Instance: /tb/MyRiscv/Register_inst/rs1_mux
# ** Warning: NUMERIC_STD.TO_INTEGER: metavalue detected, returning 0
#    Time: 2111910 ns  Iteration: 3  Instance: /tb/MyRiscv/Register_inst/rs2_mux
# ** Warning: NUMERIC_STD.TO_INTEGER: metavalue detected, returning 0
#    Time: 2111910 ns  Iteration: 3  Instance: /tb/MyRiscv/Register_inst/rs1_mux
# ** Warning: NUMERIC_STD.TO_INTEGER: metavalue detected, returning 0
#    Time: 2132610 ns  Iteration: 3  Instance: /tb/MyRiscv/Register_inst/rs2_mux
# ** Warning: NUMERIC_STD.TO_INTEGER: metavalue detected, returning 0
#    Time: 2132610 ns  Iteration: 3  Instance: /tb/MyRiscv/Register_inst/rs1_mux
# ** Warning: NUMERIC_STD.TO_INTEGER: metavalue detected, returning 0
#    Time: 2153310 ns  Iteration: 3  Instance: /tb/MyRiscv/Register_inst/rs2_mux
# ** Warning: NUMERIC_STD.TO_INTEGER: metavalue detected, returning 0
#    Time: 2153310 ns  Iteration: 3  Instance: /tb/MyRiscv/Register_inst/rs1_mux
# ** Warning: NUMERIC_STD.TO_INTEGER: metavalue detected, returning 0
#    Time: 2174010 ns  Iteration: 3  Instance: /tb/MyRiscv/Register_inst/rs2_mux
# ** Warning: NUMERIC_STD.TO_INTEGER: metavalue detected, returning 0
#    Time: 2174010 ns  Iteration: 3  Instance: /tb/MyRiscv/Register_inst/rs1_mux
# ** Warning: NUMERIC_STD.TO_INTEGER: metavalue detected, returning 0
#    Time: 2194710 ns  Iteration: 3  Instance: /tb/MyRiscv/Register_inst/rs2_mux
# ** Warning: NUMERIC_STD.TO_INTEGER: metavalue detected, returning 0
#    Time: 2194710 ns  Iteration: 3  Instance: /tb/MyRiscv/Register_inst/rs1_mux
# ** Warning: NUMERIC_STD.TO_INTEGER: metavalue detected, returning 0
#    Time: 2215410 ns  Iteration: 3  Instance: /tb/MyRiscv/Register_inst/rs2_mux
# ** Warning: NUMERIC_STD.TO_INTEGER: metavalue detected, returning 0
#    Time: 2215410 ns  Iteration: 3  Instance: /tb/MyRiscv/Register_inst/rs1_mux
# ** Warning: NUMERIC_STD.TO_INTEGER: metavalue detected, returning 0
#    Time: 2236110 ns  Iteration: 3  Instance: /tb/MyRiscv/Register_inst/rs2_mux
# ** Warning: NUMERIC_STD.TO_INTEGER: metavalue detected, returning 0
#    Time: 2236110 ns  Iteration: 3  Instance: /tb/MyRiscv/Register_inst/rs1_mux
# ** Warning: NUMERIC_STD.TO_INTEGER: metavalue detected, returning 0
#    Time: 2256810 ns  Iteration: 3  Instance: /tb/MyRiscv/Register_inst/rs2_mux
# ** Warning: NUMERIC_STD.TO_INTEGER: metavalue detected, returning 0
#    Time: 2256810 ns  Iteration: 3  Instance: /tb/MyRiscv/Register_inst/rs1_mux
# ** Warning: NUMERIC_STD.TO_INTEGER: metavalue detected, returning 0
#    Time: 2277510 ns  Iteration: 3  Instance: /tb/MyRiscv/Register_inst/rs2_mux
# ** Warning: NUMERIC_STD.TO_INTEGER: metavalue detected, returning 0
#    Time: 2277510 ns  Iteration: 3  Instance: /tb/MyRiscv/Register_inst/rs1_mux
# ** Warning: NUMERIC_STD.TO_INTEGER: metavalue detected, returning 0
#    Time: 2298210 ns  Iteration: 3  Instance: /tb/MyRiscv/Register_inst/rs2_mux
# ** Warning: NUMERIC_STD.TO_INTEGER: metavalue detected, returning 0
#    Time: 2298210 ns  Iteration: 3  Instance: /tb/MyRiscv/Register_inst/rs1_mux
# ** Warning: NUMERIC_STD.TO_INTEGER: metavalue detected, returning 0
#    Time: 2318910 ns  Iteration: 3  Instance: /tb/MyRiscv/Register_inst/rs2_mux
# ** Warning: NUMERIC_STD.TO_INTEGER: metavalue detected, returning 0
#    Time: 2318910 ns  Iteration: 3  Instance: /tb/MyRiscv/Register_inst/rs1_mux
# ** Warning: NUMERIC_STD.TO_INTEGER: metavalue detected, returning 0
#    Time: 2339610 ns  Iteration: 3  Instance: /tb/MyRiscv/Register_inst/rs2_mux
# ** Warning: NUMERIC_STD.TO_INTEGER: metavalue detected, returning 0
#    Time: 2339610 ns  Iteration: 3  Instance: /tb/MyRiscv/Register_inst/rs1_mux
# ** Warning: NUMERIC_STD.TO_INTEGER: metavalue detected, returning 0
#    Time: 2360310 ns  Iteration: 3  Instance: /tb/MyRiscv/Register_inst/rs2_mux
# ** Warning: NUMERIC_STD.TO_INTEGER: metavalue detected, returning 0
#    Time: 2360310 ns  Iteration: 3  Instance: /tb/MyRiscv/Register_inst/rs1_mux
# ** Warning: NUMERIC_STD.TO_INTEGER: metavalue detected, returning 0
#    Time: 2381010 ns  Iteration: 3  Instance: /tb/MyRiscv/Register_inst/rs2_mux
# ** Warning: NUMERIC_STD.TO_INTEGER: metavalue detected, returning 0
#    Time: 2381010 ns  Iteration: 3  Instance: /tb/MyRiscv/Register_inst/rs1_mux
# ** Warning: NUMERIC_STD.TO_INTEGER: metavalue detected, returning 0
#    Time: 2401710 ns  Iteration: 3  Instance: /tb/MyRiscv/Register_inst/rs2_mux
# ** Warning: NUMERIC_STD.TO_INTEGER: metavalue detected, returning 0
#    Time: 2401710 ns  Iteration: 3  Instance: /tb/MyRiscv/Register_inst/rs1_mux
# ** Warning: NUMERIC_STD.TO_INTEGER: metavalue detected, returning 0
#    Time: 2422410 ns  Iteration: 3  Instance: /tb/MyRiscv/Register_inst/rs2_mux
# ** Warning: NUMERIC_STD.TO_INTEGER: metavalue detected, returning 0
#    Time: 2422410 ns  Iteration: 3  Instance: /tb/MyRiscv/Register_inst/rs1_mux
# ** Warning: NUMERIC_STD.TO_INTEGER: metavalue detected, returning 0
#    Time: 2443110 ns  Iteration: 3  Instance: /tb/MyRiscv/Register_inst/rs2_mux
# ** Warning: NUMERIC_STD.TO_INTEGER: metavalue detected, returning 0
#    Time: 2443110 ns  Iteration: 3  Instance: /tb/MyRiscv/Register_inst/rs1_mux
# ** Warning: NUMERIC_STD.TO_INTEGER: metavalue detected, returning 0
#    Time: 2463810 ns  Iteration: 3  Instance: /tb/MyRiscv/Register_inst/rs2_mux
# ** Warning: NUMERIC_STD.TO_INTEGER: metavalue detected, returning 0
#    Time: 2463810 ns  Iteration: 3  Instance: /tb/MyRiscv/Register_inst/rs1_mux
# ** Warning: NUMERIC_STD.TO_INTEGER: metavalue detected, returning 0
#    Time: 2484510 ns  Iteration: 3  Instance: /tb/MyRiscv/Register_inst/rs2_mux
# ** Warning: NUMERIC_STD.TO_INTEGER: metavalue detected, returning 0
#    Time: 2484510 ns  Iteration: 3  Instance: /tb/MyRiscv/Register_inst/rs1_mux
# ** Warning: NUMERIC_STD.TO_INTEGER: metavalue detected, returning 0
#    Time: 2505210 ns  Iteration: 3  Instance: /tb/MyRiscv/Register_inst/rs2_mux
# ** Warning: NUMERIC_STD.TO_INTEGER: metavalue detected, returning 0
#    Time: 2505210 ns  Iteration: 3  Instance: /tb/MyRiscv/Register_inst/rs1_mux
# ** Warning: NUMERIC_STD.TO_INTEGER: metavalue detected, returning 0
#    Time: 2525910 ns  Iteration: 3  Instance: /tb/MyRiscv/Register_inst/rs2_mux
# ** Warning: NUMERIC_STD.TO_INTEGER: metavalue detected, returning 0
#    Time: 2525910 ns  Iteration: 3  Instance: /tb/MyRiscv/Register_inst/rs1_mux
# ** Warning: NUMERIC_STD.TO_INTEGER: metavalue detected, returning 0
#    Time: 2546610 ns  Iteration: 3  Instance: /tb/MyRiscv/Register_inst/rs2_mux
# ** Warning: NUMERIC_STD.TO_INTEGER: metavalue detected, returning 0
#    Time: 2546610 ns  Iteration: 3  Instance: /tb/MyRiscv/Register_inst/rs1_mux
# ** Warning: NUMERIC_STD.TO_INTEGER: metavalue detected, returning 0
#    Time: 2567310 ns  Iteration: 3  Instance: /tb/MyRiscv/Register_inst/rs2_mux
# ** Warning: NUMERIC_STD.TO_INTEGER: metavalue detected, returning 0
#    Time: 2567310 ns  Iteration: 3  Instance: /tb/MyRiscv/Register_inst/rs1_mux
# ** Warning: NUMERIC_STD.TO_INTEGER: metavalue detected, returning 0
#    Time: 2588010 ns  Iteration: 3  Instance: /tb/MyRiscv/Register_inst/rs2_mux
# ** Warning: NUMERIC_STD.TO_INTEGER: metavalue detected, returning 0
#    Time: 2588010 ns  Iteration: 3  Instance: /tb/MyRiscv/Register_inst/rs1_mux
# ** Warning: NUMERIC_STD.TO_INTEGER: metavalue detected, returning 0
#    Time: 2608710 ns  Iteration: 3  Instance: /tb/MyRiscv/Register_inst/rs2_mux
# ** Warning: NUMERIC_STD.TO_INTEGER: metavalue detected, returning 0
#    Time: 2608710 ns  Iteration: 3  Instance: /tb/MyRiscv/Register_inst/rs1_mux
# ** Warning: NUMERIC_STD.TO_INTEGER: metavalue detected, returning 0
#    Time: 2629410 ns  Iteration: 3  Instance: /tb/MyRiscv/Register_inst/rs2_mux
# ** Warning: NUMERIC_STD.TO_INTEGER: metavalue detected, returning 0
#    Time: 2629410 ns  Iteration: 3  Instance: /tb/MyRiscv/Register_inst/rs1_mux
# ** Warning: NUMERIC_STD.TO_INTEGER: metavalue detected, returning 0
#    Time: 2650110 ns  Iteration: 3  Instance: /tb/MyRiscv/Register_inst/rs2_mux
# ** Warning: NUMERIC_STD.TO_INTEGER: metavalue detected, returning 0
#    Time: 2650110 ns  Iteration: 3  Instance: /tb/MyRiscv/Register_inst/rs1_mux
# ** Warning: NUMERIC_STD.TO_INTEGER: metavalue detected, returning 0
#    Time: 2670810 ns  Iteration: 3  Instance: /tb/MyRiscv/Register_inst/rs2_mux
# ** Warning: NUMERIC_STD.TO_INTEGER: metavalue detected, returning 0
#    Time: 2670810 ns  Iteration: 3  Instance: /tb/MyRiscv/Register_inst/rs1_mux
# ** Warning: NUMERIC_STD.TO_INTEGER: metavalue detected, returning 0
#    Time: 2691510 ns  Iteration: 3  Instance: /tb/MyRiscv/Register_inst/rs2_mux
# ** Warning: NUMERIC_STD.TO_INTEGER: metavalue detected, returning 0
#    Time: 2691510 ns  Iteration: 3  Instance: /tb/MyRiscv/Register_inst/rs1_mux
# ** Warning: NUMERIC_STD.TO_INTEGER: metavalue detected, returning 0
#    Time: 2712210 ns  Iteration: 3  Instance: /tb/MyRiscv/Register_inst/rs2_mux
# ** Warning: NUMERIC_STD.TO_INTEGER: metavalue detected, returning 0
#    Time: 2712210 ns  Iteration: 3  Instance: /tb/MyRiscv/Register_inst/rs1_mux
# ** Warning: NUMERIC_STD.TO_INTEGER: metavalue detected, returning 0
#    Time: 2732910 ns  Iteration: 3  Instance: /tb/MyRiscv/Register_inst/rs2_mux
# ** Warning: NUMERIC_STD.TO_INTEGER: metavalue detected, returning 0
#    Time: 2732910 ns  Iteration: 3  Instance: /tb/MyRiscv/Register_inst/rs1_mux
# ** Warning: NUMERIC_STD.TO_INTEGER: metavalue detected, returning 0
#    Time: 2753610 ns  Iteration: 3  Instance: /tb/MyRiscv/Register_inst/rs2_mux
# ** Warning: NUMERIC_STD.TO_INTEGER: metavalue detected, returning 0
#    Time: 2753610 ns  Iteration: 3  Instance: /tb/MyRiscv/Register_inst/rs1_mux
# ** Warning: NUMERIC_STD.TO_INTEGER: metavalue detected, returning 0
#    Time: 2774310 ns  Iteration: 3  Instance: /tb/MyRiscv/Register_inst/rs2_mux
# ** Warning: NUMERIC_STD.TO_INTEGER: metavalue detected, returning 0
#    Time: 2774310 ns  Iteration: 3  Instance: /tb/MyRiscv/Register_inst/rs1_mux
# ** Warning: NUMERIC_STD.TO_INTEGER: metavalue detected, returning 0
#    Time: 2795010 ns  Iteration: 3  Instance: /tb/MyRiscv/Register_inst/rs2_mux
# ** Warning: NUMERIC_STD.TO_INTEGER: metavalue detected, returning 0
#    Time: 2795010 ns  Iteration: 3  Instance: /tb/MyRiscv/Register_inst/rs1_mux
# ** Warning: NUMERIC_STD.TO_INTEGER: metavalue detected, returning 0
#    Time: 2815710 ns  Iteration: 3  Instance: /tb/MyRiscv/Register_inst/rs2_mux
# ** Warning: NUMERIC_STD.TO_INTEGER: metavalue detected, returning 0
#    Time: 2815710 ns  Iteration: 3  Instance: /tb/MyRiscv/Register_inst/rs1_mux
# ** Warning: NUMERIC_STD.TO_INTEGER: metavalue detected, returning 0
#    Time: 2836410 ns  Iteration: 3  Instance: /tb/MyRiscv/Register_inst/rs2_mux
# ** Warning: NUMERIC_STD.TO_INTEGER: metavalue detected, returning 0
#    Time: 2836410 ns  Iteration: 3  Instance: /tb/MyRiscv/Register_inst/rs1_mux
# ** Warning: NUMERIC_STD.TO_INTEGER: metavalue detected, returning 0
#    Time: 2857110 ns  Iteration: 3  Instance: /tb/MyRiscv/Register_inst/rs2_mux
# ** Warning: NUMERIC_STD.TO_INTEGER: metavalue detected, returning 0
#    Time: 2857110 ns  Iteration: 3  Instance: /tb/MyRiscv/Register_inst/rs1_mux
# ** Warning: NUMERIC_STD.TO_INTEGER: metavalue detected, returning 0
#    Time: 2877810 ns  Iteration: 3  Instance: /tb/MyRiscv/Register_inst/rs2_mux
# ** Warning: NUMERIC_STD.TO_INTEGER: metavalue detected, returning 0
#    Time: 2877810 ns  Iteration: 3  Instance: /tb/MyRiscv/Register_inst/rs1_mux
# ** Warning: NUMERIC_STD.TO_INTEGER: metavalue detected, returning 0
#    Time: 2898510 ns  Iteration: 3  Instance: /tb/MyRiscv/Register_inst/rs2_mux
# ** Warning: NUMERIC_STD.TO_INTEGER: metavalue detected, returning 0
#    Time: 2898510 ns  Iteration: 3  Instance: /tb/MyRiscv/Register_inst/rs1_mux
# ** Warning: NUMERIC_STD.TO_INTEGER: metavalue detected, returning 0
#    Time: 2919210 ns  Iteration: 3  Instance: /tb/MyRiscv/Register_inst/rs2_mux
# ** Warning: NUMERIC_STD.TO_INTEGER: metavalue detected, returning 0
#    Time: 2919210 ns  Iteration: 3  Instance: /tb/MyRiscv/Register_inst/rs1_mux
# ** Warning: NUMERIC_STD.TO_INTEGER: metavalue detected, returning 0
#    Time: 2939910 ns  Iteration: 3  Instance: /tb/MyRiscv/Register_inst/rs2_mux
# ** Warning: NUMERIC_STD.TO_INTEGER: metavalue detected, returning 0
#    Time: 2939910 ns  Iteration: 3  Instance: /tb/MyRiscv/Register_inst/rs1_mux
# ** Warning: NUMERIC_STD.TO_INTEGER: metavalue detected, returning 0
#    Time: 2960610 ns  Iteration: 3  Instance: /tb/MyRiscv/Register_inst/rs2_mux
# ** Warning: NUMERIC_STD.TO_INTEGER: metavalue detected, returning 0
#    Time: 2960610 ns  Iteration: 3  Instance: /tb/MyRiscv/Register_inst/rs1_mux
# ** Warning: NUMERIC_STD.TO_INTEGER: metavalue detected, returning 0
#    Time: 2981310 ns  Iteration: 3  Instance: /tb/MyRiscv/Register_inst/rs2_mux
# ** Warning: NUMERIC_STD.TO_INTEGER: metavalue detected, returning 0
#    Time: 2981310 ns  Iteration: 3  Instance: /tb/MyRiscv/Register_inst/rs1_mux
# ** Warning: NUMERIC_STD.TO_INTEGER: metavalue detected, returning 0
#    Time: 3002010 ns  Iteration: 3  Instance: /tb/MyRiscv/Register_inst/rs2_mux
# ** Warning: NUMERIC_STD.TO_INTEGER: metavalue detected, returning 0
#    Time: 3002010 ns  Iteration: 3  Instance: /tb/MyRiscv/Register_inst/rs1_mux
# ** Warning: NUMERIC_STD.TO_INTEGER: metavalue detected, returning 0
#    Time: 3022710 ns  Iteration: 3  Instance: /tb/MyRiscv/Register_inst/rs2_mux
# ** Warning: NUMERIC_STD.TO_INTEGER: metavalue detected, returning 0
#    Time: 3022710 ns  Iteration: 3  Instance: /tb/MyRiscv/Register_inst/rs1_mux
# ** Warning: NUMERIC_STD.TO_INTEGER: metavalue detected, returning 0
#    Time: 3043410 ns  Iteration: 3  Instance: /tb/MyRiscv/Register_inst/rs2_mux
# ** Warning: NUMERIC_STD.TO_INTEGER: metavalue detected, returning 0
#    Time: 3043410 ns  Iteration: 3  Instance: /tb/MyRiscv/Register_inst/rs1_mux
# ** Warning: NUMERIC_STD.TO_INTEGER: metavalue detected, returning 0
#    Time: 3064110 ns  Iteration: 3  Instance: /tb/MyRiscv/Register_inst/rs2_mux
# ** Warning: NUMERIC_STD.TO_INTEGER: metavalue detected, returning 0
#    Time: 3064110 ns  Iteration: 3  Instance: /tb/MyRiscv/Register_inst/rs1_mux
# ** Warning: NUMERIC_STD.TO_INTEGER: metavalue detected, returning 0
#    Time: 3084810 ns  Iteration: 3  Instance: /tb/MyRiscv/Register_inst/rs2_mux
# ** Warning: NUMERIC_STD.TO_INTEGER: metavalue detected, returning 0
#    Time: 3084810 ns  Iteration: 3  Instance: /tb/MyRiscv/Register_inst/rs1_mux
# ** Warning: NUMERIC_STD.TO_INTEGER: metavalue detected, returning 0
#    Time: 3105510 ns  Iteration: 3  Instance: /tb/MyRiscv/Register_inst/rs2_mux
# ** Warning: NUMERIC_STD.TO_INTEGER: metavalue detected, returning 0
#    Time: 3105510 ns  Iteration: 3  Instance: /tb/MyRiscv/Register_inst/rs1_mux
# ** Warning: NUMERIC_STD.TO_INTEGER: metavalue detected, returning 0
#    Time: 3126210 ns  Iteration: 3  Instance: /tb/MyRiscv/Register_inst/rs2_mux
# ** Warning: NUMERIC_STD.TO_INTEGER: metavalue detected, returning 0
#    Time: 3126210 ns  Iteration: 3  Instance: /tb/MyRiscv/Register_inst/rs1_mux
# ** Warning: NUMERIC_STD.TO_INTEGER: metavalue detected, returning 0
#    Time: 3146910 ns  Iteration: 3  Instance: /tb/MyRiscv/Register_inst/rs2_mux
# ** Warning: NUMERIC_STD.TO_INTEGER: metavalue detected, returning 0
#    Time: 3146910 ns  Iteration: 3  Instance: /tb/MyRiscv/Register_inst/rs1_mux
# ** Warning: NUMERIC_STD.TO_INTEGER: metavalue detected, returning 0
#    Time: 3167610 ns  Iteration: 3  Instance: /tb/MyRiscv/Register_inst/rs2_mux
# ** Warning: NUMERIC_STD.TO_INTEGER: metavalue detected, returning 0
#    Time: 3167610 ns  Iteration: 3  Instance: /tb/MyRiscv/Register_inst/rs1_mux
# ** Warning: NUMERIC_STD.TO_INTEGER: metavalue detected, returning 0
#    Time: 3188310 ns  Iteration: 3  Instance: /tb/MyRiscv/Register_inst/rs2_mux
# ** Warning: NUMERIC_STD.TO_INTEGER: metavalue detected, returning 0
#    Time: 3188310 ns  Iteration: 3  Instance: /tb/MyRiscv/Register_inst/rs1_mux
# ** Warning: NUMERIC_STD.TO_INTEGER: metavalue detected, returning 0
#    Time: 3209010 ns  Iteration: 3  Instance: /tb/MyRiscv/Register_inst/rs2_mux
# ** Warning: NUMERIC_STD.TO_INTEGER: metavalue detected, returning 0
#    Time: 3209010 ns  Iteration: 3  Instance: /tb/MyRiscv/Register_inst/rs1_mux
# ** Warning: NUMERIC_STD.TO_INTEGER: metavalue detected, returning 0
#    Time: 3229710 ns  Iteration: 3  Instance: /tb/MyRiscv/Register_inst/rs2_mux
# ** Warning: NUMERIC_STD.TO_INTEGER: metavalue detected, returning 0
#    Time: 3229710 ns  Iteration: 3  Instance: /tb/MyRiscv/Register_inst/rs1_mux
# ** Warning: NUMERIC_STD.TO_INTEGER: metavalue detected, returning 0
#    Time: 3250410 ns  Iteration: 3  Instance: /tb/MyRiscv/Register_inst/rs2_mux
# ** Warning: NUMERIC_STD.TO_INTEGER: metavalue detected, returning 0
#    Time: 3250410 ns  Iteration: 3  Instance: /tb/MyRiscv/Register_inst/rs1_mux
# ** Warning: NUMERIC_STD.TO_INTEGER: metavalue detected, returning 0
#    Time: 3271110 ns  Iteration: 3  Instance: /tb/MyRiscv/Register_inst/rs2_mux
# ** Warning: NUMERIC_STD.TO_INTEGER: metavalue detected, returning 0
#    Time: 3271110 ns  Iteration: 3  Instance: /tb/MyRiscv/Register_inst/rs1_mux
# ** Warning: NUMERIC_STD.TO_INTEGER: metavalue detected, returning 0
#    Time: 3291810 ns  Iteration: 3  Instance: /tb/MyRiscv/Register_inst/rs2_mux
# ** Warning: NUMERIC_STD.TO_INTEGER: metavalue detected, returning 0
#    Time: 3291810 ns  Iteration: 3  Instance: /tb/MyRiscv/Register_inst/rs1_mux
# ** Warning: NUMERIC_STD.TO_INTEGER: metavalue detected, returning 0
#    Time: 3312510 ns  Iteration: 3  Instance: /tb/MyRiscv/Register_inst/rs2_mux
# ** Warning: NUMERIC_STD.TO_INTEGER: metavalue detected, returning 0
#    Time: 3312510 ns  Iteration: 3  Instance: /tb/MyRiscv/Register_inst/rs1_mux
# ** Warning: NUMERIC_STD.TO_INTEGER: metavalue detected, returning 0
#    Time: 3333210 ns  Iteration: 3  Instance: /tb/MyRiscv/Register_inst/rs2_mux
# ** Warning: NUMERIC_STD.TO_INTEGER: metavalue detected, returning 0
#    Time: 3333210 ns  Iteration: 3  Instance: /tb/MyRiscv/Register_inst/rs1_mux
# ** Warning: NUMERIC_STD.TO_INTEGER: metavalue detected, returning 0
#    Time: 3353910 ns  Iteration: 3  Instance: /tb/MyRiscv/Register_inst/rs2_mux
# ** Warning: NUMERIC_STD.TO_INTEGER: metavalue detected, returning 0
#    Time: 3353910 ns  Iteration: 3  Instance: /tb/MyRiscv/Register_inst/rs1_mux
# ** Warning: NUMERIC_STD.TO_INTEGER: metavalue detected, returning 0
#    Time: 3374610 ns  Iteration: 3  Instance: /tb/MyRiscv/Register_inst/rs2_mux
# ** Warning: NUMERIC_STD.TO_INTEGER: metavalue detected, returning 0
#    Time: 3374610 ns  Iteration: 3  Instance: /tb/MyRiscv/Register_inst/rs1_mux
# ** Warning: NUMERIC_STD.TO_INTEGER: metavalue detected, returning 0
#    Time: 3395310 ns  Iteration: 3  Instance: /tb/MyRiscv/Register_inst/rs2_mux
# ** Warning: NUMERIC_STD.TO_INTEGER: metavalue detected, returning 0
#    Time: 3395310 ns  Iteration: 3  Instance: /tb/MyRiscv/Register_inst/rs1_mux
# ** Warning: NUMERIC_STD.TO_INTEGER: metavalue detected, returning 0
#    Time: 3416010 ns  Iteration: 3  Instance: /tb/MyRiscv/Register_inst/rs2_mux
# ** Warning: NUMERIC_STD.TO_INTEGER: metavalue detected, returning 0
#    Time: 3416010 ns  Iteration: 3  Instance: /tb/MyRiscv/Register_inst/rs1_mux
# ** Warning: NUMERIC_STD.TO_INTEGER: metavalue detected, returning 0
#    Time: 3436710 ns  Iteration: 3  Instance: /tb/MyRiscv/Register_inst/rs2_mux
# ** Warning: NUMERIC_STD.TO_INTEGER: metavalue detected, returning 0
#    Time: 3436710 ns  Iteration: 3  Instance: /tb/MyRiscv/Register_inst/rs1_mux
# ** Warning: NUMERIC_STD.TO_INTEGER: metavalue detected, returning 0
#    Time: 3457410 ns  Iteration: 3  Instance: /tb/MyRiscv/Register_inst/rs2_mux
# ** Warning: NUMERIC_STD.TO_INTEGER: metavalue detected, returning 0
#    Time: 3457410 ns  Iteration: 3  Instance: /tb/MyRiscv/Register_inst/rs1_mux
# ** Warning: NUMERIC_STD.TO_INTEGER: metavalue detected, returning 0
#    Time: 3478110 ns  Iteration: 3  Instance: /tb/MyRiscv/Register_inst/rs2_mux
# ** Warning: NUMERIC_STD.TO_INTEGER: metavalue detected, returning 0
#    Time: 3478110 ns  Iteration: 3  Instance: /tb/MyRiscv/Register_inst/rs1_mux
# ** Warning: NUMERIC_STD.TO_INTEGER: metavalue detected, returning 0
#    Time: 3498810 ns  Iteration: 3  Instance: /tb/MyRiscv/Register_inst/rs2_mux
# ** Warning: NUMERIC_STD.TO_INTEGER: metavalue detected, returning 0
#    Time: 3498810 ns  Iteration: 3  Instance: /tb/MyRiscv/Register_inst/rs1_mux
# ** Warning: NUMERIC_STD.TO_INTEGER: metavalue detected, returning 0
#    Time: 3519510 ns  Iteration: 3  Instance: /tb/MyRiscv/Register_inst/rs2_mux
# ** Warning: NUMERIC_STD.TO_INTEGER: metavalue detected, returning 0
#    Time: 3519510 ns  Iteration: 3  Instance: /tb/MyRiscv/Register_inst/rs1_mux
# ** Warning: NUMERIC_STD.TO_INTEGER: metavalue detected, returning 0
#    Time: 3540210 ns  Iteration: 3  Instance: /tb/MyRiscv/Register_inst/rs2_mux
# ** Warning: NUMERIC_STD.TO_INTEGER: metavalue detected, returning 0
#    Time: 3540210 ns  Iteration: 3  Instance: /tb/MyRiscv/Register_inst/rs1_mux
# ** Warning: NUMERIC_STD.TO_INTEGER: metavalue detected, returning 0
#    Time: 3560910 ns  Iteration: 3  Instance: /tb/MyRiscv/Register_inst/rs2_mux
# ** Warning: NUMERIC_STD.TO_INTEGER: metavalue detected, returning 0
#    Time: 3560910 ns  Iteration: 3  Instance: /tb/MyRiscv/Register_inst/rs1_mux
# ** Warning: NUMERIC_STD.TO_INTEGER: metavalue detected, returning 0
#    Time: 3581610 ns  Iteration: 3  Instance: /tb/MyRiscv/Register_inst/rs2_mux
# ** Warning: NUMERIC_STD.TO_INTEGER: metavalue detected, returning 0
#    Time: 3581610 ns  Iteration: 3  Instance: /tb/MyRiscv/Register_inst/rs1_mux
# ** Warning: NUMERIC_STD.TO_INTEGER: metavalue detected, returning 0
#    Time: 3602310 ns  Iteration: 3  Instance: /tb/MyRiscv/Register_inst/rs2_mux
# ** Warning: NUMERIC_STD.TO_INTEGER: metavalue detected, returning 0
#    Time: 3602310 ns  Iteration: 3  Instance: /tb/MyRiscv/Register_inst/rs1_mux
# ** Warning: NUMERIC_STD.TO_INTEGER: metavalue detected, returning 0
#    Time: 3623010 ns  Iteration: 3  Instance: /tb/MyRiscv/Register_inst/rs2_mux
# ** Warning: NUMERIC_STD.TO_INTEGER: metavalue detected, returning 0
#    Time: 3623010 ns  Iteration: 3  Instance: /tb/MyRiscv/Register_inst/rs1_mux
# ** Warning: NUMERIC_STD.TO_INTEGER: metavalue detected, returning 0
#    Time: 3643710 ns  Iteration: 3  Instance: /tb/MyRiscv/Register_inst/rs2_mux
# ** Warning: NUMERIC_STD.TO_INTEGER: metavalue detected, returning 0
#    Time: 3643710 ns  Iteration: 3  Instance: /tb/MyRiscv/Register_inst/rs1_mux
# ** Warning: NUMERIC_STD.TO_INTEGER: metavalue detected, returning 0
#    Time: 3664410 ns  Iteration: 3  Instance: /tb/MyRiscv/Register_inst/rs2_mux
# ** Warning: NUMERIC_STD.TO_INTEGER: metavalue detected, returning 0
#    Time: 3664410 ns  Iteration: 3  Instance: /tb/MyRiscv/Register_inst/rs1_mux
# ** Warning: NUMERIC_STD.TO_INTEGER: metavalue detected, returning 0
#    Time: 3685110 ns  Iteration: 3  Instance: /tb/MyRiscv/Register_inst/rs2_mux
# ** Warning: NUMERIC_STD.TO_INTEGER: metavalue detected, returning 0
#    Time: 3685110 ns  Iteration: 3  Instance: /tb/MyRiscv/Register_inst/rs1_mux
# ** Warning: NUMERIC_STD.TO_INTEGER: metavalue detected, returning 0
#    Time: 3705810 ns  Iteration: 3  Instance: /tb/MyRiscv/Register_inst/rs2_mux
# ** Warning: NUMERIC_STD.TO_INTEGER: metavalue detected, returning 0
#    Time: 3705810 ns  Iteration: 3  Instance: /tb/MyRiscv/Register_inst/rs1_mux
# ** Warning: NUMERIC_STD.TO_INTEGER: metavalue detected, returning 0
#    Time: 3726510 ns  Iteration: 3  Instance: /tb/MyRiscv/Register_inst/rs2_mux
# ** Warning: NUMERIC_STD.TO_INTEGER: metavalue detected, returning 0
#    Time: 3726510 ns  Iteration: 3  Instance: /tb/MyRiscv/Register_inst/rs1_mux
# ** Warning: NUMERIC_STD.TO_INTEGER: metavalue detected, returning 0
#    Time: 3747210 ns  Iteration: 3  Instance: /tb/MyRiscv/Register_inst/rs2_mux
# ** Warning: NUMERIC_STD.TO_INTEGER: metavalue detected, returning 0
#    Time: 3747210 ns  Iteration: 3  Instance: /tb/MyRiscv/Register_inst/rs1_mux
# ** Warning: NUMERIC_STD.TO_INTEGER: metavalue detected, returning 0
#    Time: 3767910 ns  Iteration: 3  Instance: /tb/MyRiscv/Register_inst/rs2_mux
# ** Warning: NUMERIC_STD.TO_INTEGER: metavalue detected, returning 0
#    Time: 3767910 ns  Iteration: 3  Instance: /tb/MyRiscv/Register_inst/rs1_mux
# ** Warning: NUMERIC_STD.TO_INTEGER: metavalue detected, returning 0
#    Time: 3788610 ns  Iteration: 3  Instance: /tb/MyRiscv/Register_inst/rs2_mux
# ** Warning: NUMERIC_STD.TO_INTEGER: metavalue detected, returning 0
#    Time: 3788610 ns  Iteration: 3  Instance: /tb/MyRiscv/Register_inst/rs1_mux
# ** Warning: NUMERIC_STD.TO_INTEGER: metavalue detected, returning 0
#    Time: 3809310 ns  Iteration: 3  Instance: /tb/MyRiscv/Register_inst/rs2_mux
# ** Warning: NUMERIC_STD.TO_INTEGER: metavalue detected, returning 0
#    Time: 3809310 ns  Iteration: 3  Instance: /tb/MyRiscv/Register_inst/rs1_mux
# ** Warning: NUMERIC_STD.TO_INTEGER: metavalue detected, returning 0
#    Time: 3830010 ns  Iteration: 3  Instance: /tb/MyRiscv/Register_inst/rs2_mux
# ** Warning: NUMERIC_STD.TO_INTEGER: metavalue detected, returning 0
#    Time: 3830010 ns  Iteration: 3  Instance: /tb/MyRiscv/Register_inst/rs1_mux
# ** Warning: NUMERIC_STD.TO_INTEGER: metavalue detected, returning 0
#    Time: 3850710 ns  Iteration: 3  Instance: /tb/MyRiscv/Register_inst/rs2_mux
# ** Warning: NUMERIC_STD.TO_INTEGER: metavalue detected, returning 0
#    Time: 3850710 ns  Iteration: 3  Instance: /tb/MyRiscv/Register_inst/rs1_mux
# ** Warning: NUMERIC_STD.TO_INTEGER: metavalue detected, returning 0
#    Time: 3871410 ns  Iteration: 3  Instance: /tb/MyRiscv/Register_inst/rs2_mux
# ** Warning: NUMERIC_STD.TO_INTEGER: metavalue detected, returning 0
#    Time: 3871410 ns  Iteration: 3  Instance: /tb/MyRiscv/Register_inst/rs1_mux
# ** Warning: NUMERIC_STD.TO_INTEGER: metavalue detected, returning 0
#    Time: 3892110 ns  Iteration: 3  Instance: /tb/MyRiscv/Register_inst/rs2_mux
# ** Warning: NUMERIC_STD.TO_INTEGER: metavalue detected, returning 0
#    Time: 3892110 ns  Iteration: 3  Instance: /tb/MyRiscv/Register_inst/rs1_mux
# ** Warning: NUMERIC_STD.TO_INTEGER: metavalue detected, returning 0
#    Time: 3912810 ns  Iteration: 3  Instance: /tb/MyRiscv/Register_inst/rs2_mux
# ** Warning: NUMERIC_STD.TO_INTEGER: metavalue detected, returning 0
#    Time: 3912810 ns  Iteration: 3  Instance: /tb/MyRiscv/Register_inst/rs1_mux
# ** Warning: NUMERIC_STD.TO_INTEGER: metavalue detected, returning 0
#    Time: 3933510 ns  Iteration: 3  Instance: /tb/MyRiscv/Register_inst/rs2_mux
# ** Warning: NUMERIC_STD.TO_INTEGER: metavalue detected, returning 0
#    Time: 3933510 ns  Iteration: 3  Instance: /tb/MyRiscv/Register_inst/rs1_mux
# ** Warning: NUMERIC_STD.TO_INTEGER: metavalue detected, returning 0
#    Time: 3954210 ns  Iteration: 3  Instance: /tb/MyRiscv/Register_inst/rs2_mux
# ** Warning: NUMERIC_STD.TO_INTEGER: metavalue detected, returning 0
#    Time: 3954210 ns  Iteration: 3  Instance: /tb/MyRiscv/Register_inst/rs1_mux
# ** Warning: NUMERIC_STD.TO_INTEGER: metavalue detected, returning 0
#    Time: 3974910 ns  Iteration: 3  Instance: /tb/MyRiscv/Register_inst/rs2_mux
# ** Warning: NUMERIC_STD.TO_INTEGER: metavalue detected, returning 0
#    Time: 3974910 ns  Iteration: 3  Instance: /tb/MyRiscv/Register_inst/rs1_mux
# ** Warning: NUMERIC_STD.TO_INTEGER: metavalue detected, returning 0
#    Time: 3995610 ns  Iteration: 3  Instance: /tb/MyRiscv/Register_inst/rs2_mux
# ** Warning: NUMERIC_STD.TO_INTEGER: metavalue detected, returning 0
#    Time: 3995610 ns  Iteration: 3  Instance: /tb/MyRiscv/Register_inst/rs1_mux
# ** Warning: NUMERIC_STD.TO_INTEGER: metavalue detected, returning 0
#    Time: 4016310 ns  Iteration: 3  Instance: /tb/MyRiscv/Register_inst/rs2_mux
# ** Warning: NUMERIC_STD.TO_INTEGER: metavalue detected, returning 0
#    Time: 4016310 ns  Iteration: 3  Instance: /tb/MyRiscv/Register_inst/rs1_mux
# ** Warning: NUMERIC_STD.TO_INTEGER: metavalue detected, returning 0
#    Time: 4037010 ns  Iteration: 3  Instance: /tb/MyRiscv/Register_inst/rs2_mux
# ** Warning: NUMERIC_STD.TO_INTEGER: metavalue detected, returning 0
#    Time: 4037010 ns  Iteration: 3  Instance: /tb/MyRiscv/Register_inst/rs1_mux
# ** Warning: NUMERIC_STD.TO_INTEGER: metavalue detected, returning 0
#    Time: 4057710 ns  Iteration: 3  Instance: /tb/MyRiscv/Register_inst/rs2_mux
# ** Warning: NUMERIC_STD.TO_INTEGER: metavalue detected, returning 0
#    Time: 4057710 ns  Iteration: 3  Instance: /tb/MyRiscv/Register_inst/rs1_mux
# ** Warning: NUMERIC_STD.TO_INTEGER: metavalue detected, returning 0
#    Time: 4078410 ns  Iteration: 3  Instance: /tb/MyRiscv/Register_inst/rs2_mux
# ** Warning: NUMERIC_STD.TO_INTEGER: metavalue detected, returning 0
#    Time: 4078410 ns  Iteration: 3  Instance: /tb/MyRiscv/Register_inst/rs1_mux
# ** Warning: NUMERIC_STD.TO_INTEGER: metavalue detected, returning 0
#    Time: 4099110 ns  Iteration: 3  Instance: /tb/MyRiscv/Register_inst/rs2_mux
# ** Warning: NUMERIC_STD.TO_INTEGER: metavalue detected, returning 0
#    Time: 4099110 ns  Iteration: 3  Instance: /tb/MyRiscv/Register_inst/rs1_mux
# ** Warning: NUMERIC_STD.TO_INTEGER: metavalue detected, returning 0
#    Time: 4119810 ns  Iteration: 3  Instance: /tb/MyRiscv/Register_inst/rs2_mux
# ** Warning: NUMERIC_STD.TO_INTEGER: metavalue detected, returning 0
#    Time: 4119810 ns  Iteration: 3  Instance: /tb/MyRiscv/Register_inst/rs1_mux
# ** Warning: NUMERIC_STD.TO_INTEGER: metavalue detected, returning 0
#    Time: 4140510 ns  Iteration: 3  Instance: /tb/MyRiscv/Register_inst/rs2_mux
# ** Warning: NUMERIC_STD.TO_INTEGER: metavalue detected, returning 0
#    Time: 4140510 ns  Iteration: 3  Instance: /tb/MyRiscv/Register_inst/rs1_mux
# ** Warning: NUMERIC_STD.TO_INTEGER: metavalue detected, returning 0
#    Time: 4161210 ns  Iteration: 3  Instance: /tb/MyRiscv/Register_inst/rs2_mux
# ** Warning: NUMERIC_STD.TO_INTEGER: metavalue detected, returning 0
#    Time: 4161210 ns  Iteration: 3  Instance: /tb/MyRiscv/Register_inst/rs1_mux
# ** Warning: NUMERIC_STD.TO_INTEGER: metavalue detected, returning 0
#    Time: 4181910 ns  Iteration: 3  Instance: /tb/MyRiscv/Register_inst/rs2_mux
# ** Warning: NUMERIC_STD.TO_INTEGER: metavalue detected, returning 0
#    Time: 4181910 ns  Iteration: 3  Instance: /tb/MyRiscv/Register_inst/rs1_mux
# ** Warning: NUMERIC_STD.TO_INTEGER: metavalue detected, returning 0
#    Time: 4202610 ns  Iteration: 3  Instance: /tb/MyRiscv/Register_inst/rs2_mux
# ** Warning: NUMERIC_STD.TO_INTEGER: metavalue detected, returning 0
#    Time: 4202610 ns  Iteration: 3  Instance: /tb/MyRiscv/Register_inst/rs1_mux
# ** Warning: NUMERIC_STD.TO_INTEGER: metavalue detected, returning 0
#    Time: 4223310 ns  Iteration: 3  Instance: /tb/MyRiscv/Register_inst/rs2_mux
# ** Warning: NUMERIC_STD.TO_INTEGER: metavalue detected, returning 0
#    Time: 4223310 ns  Iteration: 3  Instance: /tb/MyRiscv/Register_inst/rs1_mux
# ** Warning: NUMERIC_STD.TO_INTEGER: metavalue detected, returning 0
#    Time: 4244010 ns  Iteration: 3  Instance: /tb/MyRiscv/Register_inst/rs2_mux
# ** Warning: NUMERIC_STD.TO_INTEGER: metavalue detected, returning 0
#    Time: 4244010 ns  Iteration: 3  Instance: /tb/MyRiscv/Register_inst/rs1_mux
# ** Warning: NUMERIC_STD.TO_INTEGER: metavalue detected, returning 0
#    Time: 4264710 ns  Iteration: 3  Instance: /tb/MyRiscv/Register_inst/rs2_mux
# ** Warning: NUMERIC_STD.TO_INTEGER: metavalue detected, returning 0
#    Time: 4264710 ns  Iteration: 3  Instance: /tb/MyRiscv/Register_inst/rs1_mux
# ** Warning: NUMERIC_STD.TO_INTEGER: metavalue detected, returning 0
#    Time: 4285410 ns  Iteration: 3  Instance: /tb/MyRiscv/Register_inst/rs2_mux
# ** Warning: NUMERIC_STD.TO_INTEGER: metavalue detected, returning 0
#    Time: 4285410 ns  Iteration: 3  Instance: /tb/MyRiscv/Register_inst/rs1_mux
# ** Warning: NUMERIC_STD.TO_INTEGER: metavalue detected, returning 0
#    Time: 4306110 ns  Iteration: 3  Instance: /tb/MyRiscv/Register_inst/rs2_mux
# ** Warning: NUMERIC_STD.TO_INTEGER: metavalue detected, returning 0
#    Time: 4306110 ns  Iteration: 3  Instance: /tb/MyRiscv/Register_inst/rs1_mux
# ** Warning: NUMERIC_STD.TO_INTEGER: metavalue detected, returning 0
#    Time: 4326810 ns  Iteration: 3  Instance: /tb/MyRiscv/Register_inst/rs2_mux
# ** Warning: NUMERIC_STD.TO_INTEGER: metavalue detected, returning 0
#    Time: 4326810 ns  Iteration: 3  Instance: /tb/MyRiscv/Register_inst/rs1_mux
# ** Warning: NUMERIC_STD.TO_INTEGER: metavalue detected, returning 0
#    Time: 4347510 ns  Iteration: 3  Instance: /tb/MyRiscv/Register_inst/rs2_mux
# ** Warning: NUMERIC_STD.TO_INTEGER: metavalue detected, returning 0
#    Time: 4347510 ns  Iteration: 3  Instance: /tb/MyRiscv/Register_inst/rs1_mux
# ** Warning: NUMERIC_STD.TO_INTEGER: metavalue detected, returning 0
#    Time: 4368210 ns  Iteration: 3  Instance: /tb/MyRiscv/Register_inst/rs2_mux
# ** Warning: NUMERIC_STD.TO_INTEGER: metavalue detected, returning 0
#    Time: 4368210 ns  Iteration: 3  Instance: /tb/MyRiscv/Register_inst/rs1_mux
# ** Warning: NUMERIC_STD.TO_INTEGER: metavalue detected, returning 0
#    Time: 4388910 ns  Iteration: 3  Instance: /tb/MyRiscv/Register_inst/rs2_mux
# ** Warning: NUMERIC_STD.TO_INTEGER: metavalue detected, returning 0
#    Time: 4388910 ns  Iteration: 3  Instance: /tb/MyRiscv/Register_inst/rs1_mux
# ** Warning: NUMERIC_STD.TO_INTEGER: metavalue detected, returning 0
#    Time: 4409610 ns  Iteration: 3  Instance: /tb/MyRiscv/Register_inst/rs2_mux
# ** Warning: NUMERIC_STD.TO_INTEGER: metavalue detected, returning 0
#    Time: 4409610 ns  Iteration: 3  Instance: /tb/MyRiscv/Register_inst/rs1_mux
# ** Warning: NUMERIC_STD.TO_INTEGER: metavalue detected, returning 0
#    Time: 4430310 ns  Iteration: 3  Instance: /tb/MyRiscv/Register_inst/rs2_mux
# ** Warning: NUMERIC_STD.TO_INTEGER: metavalue detected, returning 0
#    Time: 4430310 ns  Iteration: 3  Instance: /tb/MyRiscv/Register_inst/rs1_mux
# ** Warning: NUMERIC_STD.TO_INTEGER: metavalue detected, returning 0
#    Time: 4451010 ns  Iteration: 3  Instance: /tb/MyRiscv/Register_inst/rs2_mux
# ** Warning: NUMERIC_STD.TO_INTEGER: metavalue detected, returning 0
#    Time: 4451010 ns  Iteration: 3  Instance: /tb/MyRiscv/Register_inst/rs1_mux
# ** Warning: NUMERIC_STD.TO_INTEGER: metavalue detected, returning 0
#    Time: 4471710 ns  Iteration: 3  Instance: /tb/MyRiscv/Register_inst/rs2_mux
# ** Warning: NUMERIC_STD.TO_INTEGER: metavalue detected, returning 0
#    Time: 4471710 ns  Iteration: 3  Instance: /tb/MyRiscv/Register_inst/rs1_mux
# ** Warning: NUMERIC_STD.TO_INTEGER: metavalue detected, returning 0
#    Time: 4492410 ns  Iteration: 3  Instance: /tb/MyRiscv/Register_inst/rs2_mux
# ** Warning: NUMERIC_STD.TO_INTEGER: metavalue detected, returning 0
#    Time: 4492410 ns  Iteration: 3  Instance: /tb/MyRiscv/Register_inst/rs1_mux
# ** Warning: NUMERIC_STD.TO_INTEGER: metavalue detected, returning 0
#    Time: 4513110 ns  Iteration: 3  Instance: /tb/MyRiscv/Register_inst/rs2_mux
# ** Warning: NUMERIC_STD.TO_INTEGER: metavalue detected, returning 0
#    Time: 4513110 ns  Iteration: 3  Instance: /tb/MyRiscv/Register_inst/rs1_mux
# ** Warning: NUMERIC_STD.TO_INTEGER: metavalue detected, returning 0
#    Time: 4533810 ns  Iteration: 3  Instance: /tb/MyRiscv/Register_inst/rs2_mux
# ** Warning: NUMERIC_STD.TO_INTEGER: metavalue detected, returning 0
#    Time: 4533810 ns  Iteration: 3  Instance: /tb/MyRiscv/Register_inst/rs1_mux
# ** Warning: NUMERIC_STD.TO_INTEGER: metavalue detected, returning 0
#    Time: 4554510 ns  Iteration: 3  Instance: /tb/MyRiscv/Register_inst/rs2_mux
# ** Warning: NUMERIC_STD.TO_INTEGER: metavalue detected, returning 0
#    Time: 4554510 ns  Iteration: 3  Instance: /tb/MyRiscv/Register_inst/rs1_mux
# ** Warning: NUMERIC_STD.TO_INTEGER: metavalue detected, returning 0
#    Time: 4575210 ns  Iteration: 3  Instance: /tb/MyRiscv/Register_inst/rs2_mux
# ** Warning: NUMERIC_STD.TO_INTEGER: metavalue detected, returning 0
#    Time: 4575210 ns  Iteration: 3  Instance: /tb/MyRiscv/Register_inst/rs1_mux
# ** Warning: NUMERIC_STD.TO_INTEGER: metavalue detected, returning 0
#    Time: 4595910 ns  Iteration: 3  Instance: /tb/MyRiscv/Register_inst/rs2_mux
# ** Warning: NUMERIC_STD.TO_INTEGER: metavalue detected, returning 0
#    Time: 4595910 ns  Iteration: 3  Instance: /tb/MyRiscv/Register_inst/rs1_mux
# ** Warning: NUMERIC_STD.TO_INTEGER: metavalue detected, returning 0
#    Time: 4616610 ns  Iteration: 3  Instance: /tb/MyRiscv/Register_inst/rs2_mux
# ** Warning: NUMERIC_STD.TO_INTEGER: metavalue detected, returning 0
#    Time: 4616610 ns  Iteration: 3  Instance: /tb/MyRiscv/Register_inst/rs1_mux
# ** Warning: NUMERIC_STD.TO_INTEGER: metavalue detected, returning 0
#    Time: 4637310 ns  Iteration: 3  Instance: /tb/MyRiscv/Register_inst/rs2_mux
# ** Warning: NUMERIC_STD.TO_INTEGER: metavalue detected, returning 0
#    Time: 4637310 ns  Iteration: 3  Instance: /tb/MyRiscv/Register_inst/rs1_mux
# ** Warning: NUMERIC_STD.TO_INTEGER: metavalue detected, returning 0
#    Time: 4658010 ns  Iteration: 3  Instance: /tb/MyRiscv/Register_inst/rs2_mux
# ** Warning: NUMERIC_STD.TO_INTEGER: metavalue detected, returning 0
#    Time: 4658010 ns  Iteration: 3  Instance: /tb/MyRiscv/Register_inst/rs1_mux
# ** Warning: NUMERIC_STD.TO_INTEGER: metavalue detected, returning 0
#    Time: 4678710 ns  Iteration: 3  Instance: /tb/MyRiscv/Register_inst/rs2_mux
# ** Warning: NUMERIC_STD.TO_INTEGER: metavalue detected, returning 0
#    Time: 4678710 ns  Iteration: 3  Instance: /tb/MyRiscv/Register_inst/rs1_mux
# ** Warning: NUMERIC_STD.TO_INTEGER: metavalue detected, returning 0
#    Time: 4699410 ns  Iteration: 3  Instance: /tb/MyRiscv/Register_inst/rs2_mux
# ** Warning: NUMERIC_STD.TO_INTEGER: metavalue detected, returning 0
#    Time: 4699410 ns  Iteration: 3  Instance: /tb/MyRiscv/Register_inst/rs1_mux
# ** Warning: NUMERIC_STD.TO_INTEGER: metavalue detected, returning 0
#    Time: 4720110 ns  Iteration: 3  Instance: /tb/MyRiscv/Register_inst/rs2_mux
# ** Warning: NUMERIC_STD.TO_INTEGER: metavalue detected, returning 0
#    Time: 4720110 ns  Iteration: 3  Instance: /tb/MyRiscv/Register_inst/rs1_mux
# ** Warning: NUMERIC_STD.TO_INTEGER: metavalue detected, returning 0
#    Time: 4740810 ns  Iteration: 3  Instance: /tb/MyRiscv/Register_inst/rs2_mux
# ** Warning: NUMERIC_STD.TO_INTEGER: metavalue detected, returning 0
#    Time: 4740810 ns  Iteration: 3  Instance: /tb/MyRiscv/Register_inst/rs1_mux
# ** Warning: NUMERIC_STD.TO_INTEGER: metavalue detected, returning 0
#    Time: 4761510 ns  Iteration: 3  Instance: /tb/MyRiscv/Register_inst/rs2_mux
# ** Warning: NUMERIC_STD.TO_INTEGER: metavalue detected, returning 0
#    Time: 4761510 ns  Iteration: 3  Instance: /tb/MyRiscv/Register_inst/rs1_mux
# ** Warning: NUMERIC_STD.TO_INTEGER: metavalue detected, returning 0
#    Time: 4782210 ns  Iteration: 3  Instance: /tb/MyRiscv/Register_inst/rs2_mux
# ** Warning: NUMERIC_STD.TO_INTEGER: metavalue detected, returning 0
#    Time: 4782210 ns  Iteration: 3  Instance: /tb/MyRiscv/Register_inst/rs1_mux
# ** Warning: NUMERIC_STD.TO_INTEGER: metavalue detected, returning 0
#    Time: 4802910 ns  Iteration: 3  Instance: /tb/MyRiscv/Register_inst/rs2_mux
# ** Warning: NUMERIC_STD.TO_INTEGER: metavalue detected, returning 0
#    Time: 4802910 ns  Iteration: 3  Instance: /tb/MyRiscv/Register_inst/rs1_mux
# ** Warning: NUMERIC_STD.TO_INTEGER: metavalue detected, returning 0
#    Time: 4823610 ns  Iteration: 3  Instance: /tb/MyRiscv/Register_inst/rs2_mux
# ** Warning: NUMERIC_STD.TO_INTEGER: metavalue detected, returning 0
#    Time: 4823610 ns  Iteration: 3  Instance: /tb/MyRiscv/Register_inst/rs1_mux
# ** Warning: NUMERIC_STD.TO_INTEGER: metavalue detected, returning 0
#    Time: 4844310 ns  Iteration: 3  Instance: /tb/MyRiscv/Register_inst/rs2_mux
# ** Warning: NUMERIC_STD.TO_INTEGER: metavalue detected, returning 0
#    Time: 4844310 ns  Iteration: 3  Instance: /tb/MyRiscv/Register_inst/rs1_mux
# ** Warning: NUMERIC_STD.TO_INTEGER: metavalue detected, returning 0
#    Time: 4865010 ns  Iteration: 3  Instance: /tb/MyRiscv/Register_inst/rs2_mux
# ** Warning: NUMERIC_STD.TO_INTEGER: metavalue detected, returning 0
#    Time: 4865010 ns  Iteration: 3  Instance: /tb/MyRiscv/Register_inst/rs1_mux
# ** Warning: NUMERIC_STD.TO_INTEGER: metavalue detected, returning 0
#    Time: 4885710 ns  Iteration: 3  Instance: /tb/MyRiscv/Register_inst/rs2_mux
# ** Warning: NUMERIC_STD.TO_INTEGER: metavalue detected, returning 0
#    Time: 4885710 ns  Iteration: 3  Instance: /tb/MyRiscv/Register_inst/rs1_mux
# ** Warning: NUMERIC_STD.TO_INTEGER: metavalue detected, returning 0
#    Time: 4906410 ns  Iteration: 3  Instance: /tb/MyRiscv/Register_inst/rs2_mux
# ** Warning: NUMERIC_STD.TO_INTEGER: metavalue detected, returning 0
#    Time: 4906410 ns  Iteration: 3  Instance: /tb/MyRiscv/Register_inst/rs1_mux
# ** Warning: NUMERIC_STD.TO_INTEGER: metavalue detected, returning 0
#    Time: 4927110 ns  Iteration: 3  Instance: /tb/MyRiscv/Register_inst/rs2_mux
# ** Warning: NUMERIC_STD.TO_INTEGER: metavalue detected, returning 0
#    Time: 4927110 ns  Iteration: 3  Instance: /tb/MyRiscv/Register_inst/rs1_mux
# ** Warning: NUMERIC_STD.TO_INTEGER: metavalue detected, returning 0
#    Time: 4947810 ns  Iteration: 3  Instance: /tb/MyRiscv/Register_inst/rs2_mux
# ** Warning: NUMERIC_STD.TO_INTEGER: metavalue detected, returning 0
#    Time: 4947810 ns  Iteration: 3  Instance: /tb/MyRiscv/Register_inst/rs1_mux
# ** Warning: NUMERIC_STD.TO_INTEGER: metavalue detected, returning 0
#    Time: 4968510 ns  Iteration: 3  Instance: /tb/MyRiscv/Register_inst/rs2_mux
# ** Warning: NUMERIC_STD.TO_INTEGER: metavalue detected, returning 0
#    Time: 4968510 ns  Iteration: 3  Instance: /tb/MyRiscv/Register_inst/rs1_mux
# ** Warning: NUMERIC_STD.TO_INTEGER: metavalue detected, returning 0
#    Time: 4989210 ns  Iteration: 3  Instance: /tb/MyRiscv/Register_inst/rs2_mux
# ** Warning: NUMERIC_STD.TO_INTEGER: metavalue detected, returning 0
#    Time: 4989210 ns  Iteration: 3  Instance: /tb/MyRiscv/Register_inst/rs1_mux
# ** Warning: NUMERIC_STD.TO_INTEGER: metavalue detected, returning 0
#    Time: 5009910 ns  Iteration: 3  Instance: /tb/MyRiscv/Register_inst/rs2_mux
# ** Warning: NUMERIC_STD.TO_INTEGER: metavalue detected, returning 0
#    Time: 5009910 ns  Iteration: 3  Instance: /tb/MyRiscv/Register_inst/rs1_mux
# ** Warning: NUMERIC_STD.TO_INTEGER: metavalue detected, returning 0
#    Time: 5030610 ns  Iteration: 3  Instance: /tb/MyRiscv/Register_inst/rs2_mux
# ** Warning: NUMERIC_STD.TO_INTEGER: metavalue detected, returning 0
#    Time: 5030610 ns  Iteration: 3  Instance: /tb/MyRiscv/Register_inst/rs1_mux
# ** Warning: NUMERIC_STD.TO_INTEGER: metavalue detected, returning 0
#    Time: 5051310 ns  Iteration: 3  Instance: /tb/MyRiscv/Register_inst/rs2_mux
# ** Warning: NUMERIC_STD.TO_INTEGER: metavalue detected, returning 0
#    Time: 5051310 ns  Iteration: 3  Instance: /tb/MyRiscv/Register_inst/rs1_mux
# ** Warning: NUMERIC_STD.TO_INTEGER: metavalue detected, returning 0
#    Time: 5072010 ns  Iteration: 3  Instance: /tb/MyRiscv/Register_inst/rs2_mux
# ** Warning: NUMERIC_STD.TO_INTEGER: metavalue detected, returning 0
#    Time: 5072010 ns  Iteration: 3  Instance: /tb/MyRiscv/Register_inst/rs1_mux
# ** Warning: NUMERIC_STD.TO_INTEGER: metavalue detected, returning 0
#    Time: 5092710 ns  Iteration: 3  Instance: /tb/MyRiscv/Register_inst/rs2_mux
# ** Warning: NUMERIC_STD.TO_INTEGER: metavalue detected, returning 0
#    Time: 5092710 ns  Iteration: 3  Instance: /tb/MyRiscv/Register_inst/rs1_mux
# ** Warning: NUMERIC_STD.TO_INTEGER: metavalue detected, returning 0
#    Time: 5113410 ns  Iteration: 3  Instance: /tb/MyRiscv/Register_inst/rs2_mux
# ** Warning: NUMERIC_STD.TO_INTEGER: metavalue detected, returning 0
#    Time: 5113410 ns  Iteration: 3  Instance: /tb/MyRiscv/Register_inst/rs1_mux
# ** Warning: NUMERIC_STD.TO_INTEGER: metavalue detected, returning 0
#    Time: 5134110 ns  Iteration: 3  Instance: /tb/MyRiscv/Register_inst/rs2_mux
# ** Warning: NUMERIC_STD.TO_INTEGER: metavalue detected, returning 0
#    Time: 5134110 ns  Iteration: 3  Instance: /tb/MyRiscv/Register_inst/rs1_mux
# ** Warning: NUMERIC_STD.TO_INTEGER: metavalue detected, returning 0
#    Time: 5154810 ns  Iteration: 3  Instance: /tb/MyRiscv/Register_inst/rs2_mux
# ** Warning: NUMERIC_STD.TO_INTEGER: metavalue detected, returning 0
#    Time: 5154810 ns  Iteration: 3  Instance: /tb/MyRiscv/Register_inst/rs1_mux
# ** Warning: NUMERIC_STD.TO_INTEGER: metavalue detected, returning 0
#    Time: 5175510 ns  Iteration: 3  Instance: /tb/MyRiscv/Register_inst/rs2_mux
# ** Warning: NUMERIC_STD.TO_INTEGER: metavalue detected, returning 0
#    Time: 5175510 ns  Iteration: 3  Instance: /tb/MyRiscv/Register_inst/rs1_mux
# ** Warning: NUMERIC_STD.TO_INTEGER: metavalue detected, returning 0
#    Time: 5196210 ns  Iteration: 3  Instance: /tb/MyRiscv/Register_inst/rs2_mux
# ** Warning: NUMERIC_STD.TO_INTEGER: metavalue detected, returning 0
#    Time: 5196210 ns  Iteration: 3  Instance: /tb/MyRiscv/Register_inst/rs1_mux
# ** Warning: NUMERIC_STD.TO_INTEGER: metavalue detected, returning 0
#    Time: 5216910 ns  Iteration: 3  Instance: /tb/MyRiscv/Register_inst/rs2_mux
# ** Warning: NUMERIC_STD.TO_INTEGER: metavalue detected, returning 0
#    Time: 5216910 ns  Iteration: 3  Instance: /tb/MyRiscv/Register_inst/rs1_mux
# ** Warning: NUMERIC_STD.TO_INTEGER: metavalue detected, returning 0
#    Time: 5237610 ns  Iteration: 3  Instance: /tb/MyRiscv/Register_inst/rs2_mux
# ** Warning: NUMERIC_STD.TO_INTEGER: metavalue detected, returning 0
#    Time: 5237610 ns  Iteration: 3  Instance: /tb/MyRiscv/Register_inst/rs1_mux
# ** Warning: NUMERIC_STD.TO_INTEGER: metavalue detected, returning 0
#    Time: 5258310 ns  Iteration: 3  Instance: /tb/MyRiscv/Register_inst/rs2_mux
# ** Warning: NUMERIC_STD.TO_INTEGER: metavalue detected, returning 0
#    Time: 5258310 ns  Iteration: 3  Instance: /tb/MyRiscv/Register_inst/rs1_mux
# ** Warning: NUMERIC_STD.TO_INTEGER: metavalue detected, returning 0
#    Time: 5279010 ns  Iteration: 3  Instance: /tb/MyRiscv/Register_inst/rs2_mux
# ** Warning: NUMERIC_STD.TO_INTEGER: metavalue detected, returning 0
#    Time: 5279010 ns  Iteration: 3  Instance: /tb/MyRiscv/Register_inst/rs1_mux
# ** Warning: NUMERIC_STD.TO_INTEGER: metavalue detected, returning 0
#    Time: 5299710 ns  Iteration: 3  Instance: /tb/MyRiscv/Register_inst/rs2_mux
# ** Warning: NUMERIC_STD.TO_INTEGER: metavalue detected, returning 0
#    Time: 5299710 ns  Iteration: 3  Instance: /tb/MyRiscv/Register_inst/rs1_mux
# ** Warning: NUMERIC_STD.TO_INTEGER: metavalue detected, returning 0
#    Time: 5320410 ns  Iteration: 3  Instance: /tb/MyRiscv/Register_inst/rs2_mux
# ** Warning: NUMERIC_STD.TO_INTEGER: metavalue detected, returning 0
#    Time: 5320410 ns  Iteration: 3  Instance: /tb/MyRiscv/Register_inst/rs1_mux
# ** Warning: NUMERIC_STD.TO_INTEGER: metavalue detected, returning 0
#    Time: 5341110 ns  Iteration: 3  Instance: /tb/MyRiscv/Register_inst/rs2_mux
# ** Warning: NUMERIC_STD.TO_INTEGER: metavalue detected, returning 0
#    Time: 5341110 ns  Iteration: 3  Instance: /tb/MyRiscv/Register_inst/rs1_mux
# ** Warning: NUMERIC_STD.TO_INTEGER: metavalue detected, returning 0
#    Time: 5361810 ns  Iteration: 3  Instance: /tb/MyRiscv/Register_inst/rs2_mux
# ** Warning: NUMERIC_STD.TO_INTEGER: metavalue detected, returning 0
#    Time: 5361810 ns  Iteration: 3  Instance: /tb/MyRiscv/Register_inst/rs1_mux
# ** Warning: NUMERIC_STD.TO_INTEGER: metavalue detected, returning 0
#    Time: 5382510 ns  Iteration: 3  Instance: /tb/MyRiscv/Register_inst/rs2_mux
# ** Warning: NUMERIC_STD.TO_INTEGER: metavalue detected, returning 0
#    Time: 5382510 ns  Iteration: 3  Instance: /tb/MyRiscv/Register_inst/rs1_mux
# ** Warning: NUMERIC_STD.TO_INTEGER: metavalue detected, returning 0
#    Time: 5403210 ns  Iteration: 3  Instance: /tb/MyRiscv/Register_inst/rs2_mux
# ** Warning: NUMERIC_STD.TO_INTEGER: metavalue detected, returning 0
#    Time: 5403210 ns  Iteration: 3  Instance: /tb/MyRiscv/Register_inst/rs1_mux
# ** Warning: NUMERIC_STD.TO_INTEGER: metavalue detected, returning 0
#    Time: 5423910 ns  Iteration: 3  Instance: /tb/MyRiscv/Register_inst/rs2_mux
# ** Warning: NUMERIC_STD.TO_INTEGER: metavalue detected, returning 0
#    Time: 5423910 ns  Iteration: 3  Instance: /tb/MyRiscv/Register_inst/rs1_mux
# ** Warning: NUMERIC_STD.TO_INTEGER: metavalue detected, returning 0
#    Time: 5444610 ns  Iteration: 3  Instance: /tb/MyRiscv/Register_inst/rs2_mux
# ** Warning: NUMERIC_STD.TO_INTEGER: metavalue detected, returning 0
#    Time: 5444610 ns  Iteration: 3  Instance: /tb/MyRiscv/Register_inst/rs1_mux
# ** Warning: NUMERIC_STD.TO_INTEGER: metavalue detected, returning 0
#    Time: 5465310 ns  Iteration: 3  Instance: /tb/MyRiscv/Register_inst/rs2_mux
# ** Warning: NUMERIC_STD.TO_INTEGER: metavalue detected, returning 0
#    Time: 5465310 ns  Iteration: 3  Instance: /tb/MyRiscv/Register_inst/rs1_mux
# ** Warning: NUMERIC_STD.TO_INTEGER: metavalue detected, returning 0
#    Time: 5486010 ns  Iteration: 3  Instance: /tb/MyRiscv/Register_inst/rs2_mux
# ** Warning: NUMERIC_STD.TO_INTEGER: metavalue detected, returning 0
#    Time: 5486010 ns  Iteration: 3  Instance: /tb/MyRiscv/Register_inst/rs1_mux
# ** Warning: NUMERIC_STD.TO_INTEGER: metavalue detected, returning 0
#    Time: 5506710 ns  Iteration: 3  Instance: /tb/MyRiscv/Register_inst/rs2_mux
# ** Warning: NUMERIC_STD.TO_INTEGER: metavalue detected, returning 0
#    Time: 5506710 ns  Iteration: 3  Instance: /tb/MyRiscv/Register_inst/rs1_mux
# ** Warning: NUMERIC_STD.TO_INTEGER: metavalue detected, returning 0
#    Time: 5527410 ns  Iteration: 3  Instance: /tb/MyRiscv/Register_inst/rs2_mux
# ** Warning: NUMERIC_STD.TO_INTEGER: metavalue detected, returning 0
#    Time: 5527410 ns  Iteration: 3  Instance: /tb/MyRiscv/Register_inst/rs1_mux
# ** Warning: NUMERIC_STD.TO_INTEGER: metavalue detected, returning 0
#    Time: 5548110 ns  Iteration: 3  Instance: /tb/MyRiscv/Register_inst/rs2_mux
# ** Warning: NUMERIC_STD.TO_INTEGER: metavalue detected, returning 0
#    Time: 5548110 ns  Iteration: 3  Instance: /tb/MyRiscv/Register_inst/rs1_mux
# ** Warning: NUMERIC_STD.TO_INTEGER: metavalue detected, returning 0
#    Time: 5568810 ns  Iteration: 3  Instance: /tb/MyRiscv/Register_inst/rs2_mux
# ** Warning: NUMERIC_STD.TO_INTEGER: metavalue detected, returning 0
#    Time: 5568810 ns  Iteration: 3  Instance: /tb/MyRiscv/Register_inst/rs1_mux
# ** Warning: NUMERIC_STD.TO_INTEGER: metavalue detected, returning 0
#    Time: 5589510 ns  Iteration: 3  Instance: /tb/MyRiscv/Register_inst/rs2_mux
# ** Warning: NUMERIC_STD.TO_INTEGER: metavalue detected, returning 0
#    Time: 5589510 ns  Iteration: 3  Instance: /tb/MyRiscv/Register_inst/rs1_mux
# ** Warning: NUMERIC_STD.TO_INTEGER: metavalue detected, returning 0
#    Time: 5610210 ns  Iteration: 3  Instance: /tb/MyRiscv/Register_inst/rs2_mux
# ** Warning: NUMERIC_STD.TO_INTEGER: metavalue detected, returning 0
#    Time: 5610210 ns  Iteration: 3  Instance: /tb/MyRiscv/Register_inst/rs1_mux
# ** Warning: NUMERIC_STD.TO_INTEGER: metavalue detected, returning 0
#    Time: 5630910 ns  Iteration: 3  Instance: /tb/MyRiscv/Register_inst/rs2_mux
# ** Warning: NUMERIC_STD.TO_INTEGER: metavalue detected, returning 0
#    Time: 5630910 ns  Iteration: 3  Instance: /tb/MyRiscv/Register_inst/rs1_mux
# ** Warning: NUMERIC_STD.TO_INTEGER: metavalue detected, returning 0
#    Time: 5651610 ns  Iteration: 3  Instance: /tb/MyRiscv/Register_inst/rs2_mux
# ** Warning: NUMERIC_STD.TO_INTEGER: metavalue detected, returning 0
#    Time: 5651610 ns  Iteration: 3  Instance: /tb/MyRiscv/Register_inst/rs1_mux
# ** Warning: NUMERIC_STD.TO_INTEGER: metavalue detected, returning 0
#    Time: 5672310 ns  Iteration: 3  Instance: /tb/MyRiscv/Register_inst/rs2_mux
# ** Warning: NUMERIC_STD.TO_INTEGER: metavalue detected, returning 0
#    Time: 5672310 ns  Iteration: 3  Instance: /tb/MyRiscv/Register_inst/rs1_mux
# ** Warning: NUMERIC_STD.TO_INTEGER: metavalue detected, returning 0
#    Time: 5693010 ns  Iteration: 3  Instance: /tb/MyRiscv/Register_inst/rs2_mux
# ** Warning: NUMERIC_STD.TO_INTEGER: metavalue detected, returning 0
#    Time: 5693010 ns  Iteration: 3  Instance: /tb/MyRiscv/Register_inst/rs1_mux
# ** Warning: NUMERIC_STD.TO_INTEGER: metavalue detected, returning 0
#    Time: 5713710 ns  Iteration: 3  Instance: /tb/MyRiscv/Register_inst/rs2_mux
# ** Warning: NUMERIC_STD.TO_INTEGER: metavalue detected, returning 0
#    Time: 5713710 ns  Iteration: 3  Instance: /tb/MyRiscv/Register_inst/rs1_mux
# ** Warning: NUMERIC_STD.TO_INTEGER: metavalue detected, returning 0
#    Time: 5734410 ns  Iteration: 3  Instance: /tb/MyRiscv/Register_inst/rs2_mux
# ** Warning: NUMERIC_STD.TO_INTEGER: metavalue detected, returning 0
#    Time: 5734410 ns  Iteration: 3  Instance: /tb/MyRiscv/Register_inst/rs1_mux
# ** Warning: NUMERIC_STD.TO_INTEGER: metavalue detected, returning 0
#    Time: 5755110 ns  Iteration: 3  Instance: /tb/MyRiscv/Register_inst/rs2_mux
# ** Warning: NUMERIC_STD.TO_INTEGER: metavalue detected, returning 0
#    Time: 5755110 ns  Iteration: 3  Instance: /tb/MyRiscv/Register_inst/rs1_mux
# ** Warning: NUMERIC_STD.TO_INTEGER: metavalue detected, returning 0
#    Time: 5775810 ns  Iteration: 3  Instance: /tb/MyRiscv/Register_inst/rs2_mux
# ** Warning: NUMERIC_STD.TO_INTEGER: metavalue detected, returning 0
#    Time: 5775810 ns  Iteration: 3  Instance: /tb/MyRiscv/Register_inst/rs1_mux
# ** Warning: NUMERIC_STD.TO_INTEGER: metavalue detected, returning 0
#    Time: 5796510 ns  Iteration: 3  Instance: /tb/MyRiscv/Register_inst/rs2_mux
# ** Warning: NUMERIC_STD.TO_INTEGER: metavalue detected, returning 0
#    Time: 5796510 ns  Iteration: 3  Instance: /tb/MyRiscv/Register_inst/rs1_mux
# ** Warning: NUMERIC_STD.TO_INTEGER: metavalue detected, returning 0
#    Time: 5817210 ns  Iteration: 3  Instance: /tb/MyRiscv/Register_inst/rs2_mux
# ** Warning: NUMERIC_STD.TO_INTEGER: metavalue detected, returning 0
#    Time: 5817210 ns  Iteration: 3  Instance: /tb/MyRiscv/Register_inst/rs1_mux
# ** Warning: NUMERIC_STD.TO_INTEGER: metavalue detected, returning 0
#    Time: 5837910 ns  Iteration: 3  Instance: /tb/MyRiscv/Register_inst/rs2_mux
# ** Warning: NUMERIC_STD.TO_INTEGER: metavalue detected, returning 0
#    Time: 5837910 ns  Iteration: 3  Instance: /tb/MyRiscv/Register_inst/rs1_mux
# ** Warning: NUMERIC_STD.TO_INTEGER: metavalue detected, returning 0
#    Time: 5858610 ns  Iteration: 3  Instance: /tb/MyRiscv/Register_inst/rs2_mux
# ** Warning: NUMERIC_STD.TO_INTEGER: metavalue detected, returning 0
#    Time: 5858610 ns  Iteration: 3  Instance: /tb/MyRiscv/Register_inst/rs1_mux
# ** Warning: NUMERIC_STD.TO_INTEGER: metavalue detected, returning 0
#    Time: 5879310 ns  Iteration: 3  Instance: /tb/MyRiscv/Register_inst/rs2_mux
# ** Warning: NUMERIC_STD.TO_INTEGER: metavalue detected, returning 0
#    Time: 5879310 ns  Iteration: 3  Instance: /tb/MyRiscv/Register_inst/rs1_mux
# ** Warning: NUMERIC_STD.TO_INTEGER: metavalue detected, returning 0
#    Time: 5900010 ns  Iteration: 3  Instance: /tb/MyRiscv/Register_inst/rs2_mux
# ** Warning: NUMERIC_STD.TO_INTEGER: metavalue detected, returning 0
#    Time: 5900010 ns  Iteration: 3  Instance: /tb/MyRiscv/Register_inst/rs1_mux
# ** Warning: NUMERIC_STD.TO_INTEGER: metavalue detected, returning 0
#    Time: 5920710 ns  Iteration: 3  Instance: /tb/MyRiscv/Register_inst/rs2_mux
# ** Warning: NUMERIC_STD.TO_INTEGER: metavalue detected, returning 0
#    Time: 5920710 ns  Iteration: 3  Instance: /tb/MyRiscv/Register_inst/rs1_mux
# ** Warning: NUMERIC_STD.TO_INTEGER: metavalue detected, returning 0
#    Time: 5941410 ns  Iteration: 3  Instance: /tb/MyRiscv/Register_inst/rs2_mux
# ** Warning: NUMERIC_STD.TO_INTEGER: metavalue detected, returning 0
#    Time: 5941410 ns  Iteration: 3  Instance: /tb/MyRiscv/Register_inst/rs1_mux
# ** Warning: NUMERIC_STD.TO_INTEGER: metavalue detected, returning 0
#    Time: 5962110 ns  Iteration: 3  Instance: /tb/MyRiscv/Register_inst/rs2_mux
# ** Warning: NUMERIC_STD.TO_INTEGER: metavalue detected, returning 0
#    Time: 5962110 ns  Iteration: 3  Instance: /tb/MyRiscv/Register_inst/rs1_mux
# ** Warning: NUMERIC_STD.TO_INTEGER: metavalue detected, returning 0
#    Time: 5982810 ns  Iteration: 3  Instance: /tb/MyRiscv/Register_inst/rs2_mux
# ** Warning: NUMERIC_STD.TO_INTEGER: metavalue detected, returning 0
#    Time: 5982810 ns  Iteration: 3  Instance: /tb/MyRiscv/Register_inst/rs1_mux
# ** Warning: NUMERIC_STD.TO_INTEGER: metavalue detected, returning 0
#    Time: 6003510 ns  Iteration: 3  Instance: /tb/MyRiscv/Register_inst/rs2_mux
# ** Warning: NUMERIC_STD.TO_INTEGER: metavalue detected, returning 0
#    Time: 6003510 ns  Iteration: 3  Instance: /tb/MyRiscv/Register_inst/rs1_mux
# ** Warning: NUMERIC_STD.TO_INTEGER: metavalue detected, returning 0
#    Time: 6024210 ns  Iteration: 3  Instance: /tb/MyRiscv/Register_inst/rs2_mux
# ** Warning: NUMERIC_STD.TO_INTEGER: metavalue detected, returning 0
#    Time: 6024210 ns  Iteration: 3  Instance: /tb/MyRiscv/Register_inst/rs1_mux
# ** Warning: NUMERIC_STD.TO_INTEGER: metavalue detected, returning 0
#    Time: 6044910 ns  Iteration: 3  Instance: /tb/MyRiscv/Register_inst/rs2_mux
# ** Warning: NUMERIC_STD.TO_INTEGER: metavalue detected, returning 0
#    Time: 6044910 ns  Iteration: 3  Instance: /tb/MyRiscv/Register_inst/rs1_mux
# ** Warning: NUMERIC_STD.TO_INTEGER: metavalue detected, returning 0
#    Time: 6065610 ns  Iteration: 3  Instance: /tb/MyRiscv/Register_inst/rs2_mux
# ** Warning: NUMERIC_STD.TO_INTEGER: metavalue detected, returning 0
#    Time: 6065610 ns  Iteration: 3  Instance: /tb/MyRiscv/Register_inst/rs1_mux
# ** Warning: NUMERIC_STD.TO_INTEGER: metavalue detected, returning 0
#    Time: 6086310 ns  Iteration: 3  Instance: /tb/MyRiscv/Register_inst/rs2_mux
# ** Warning: NUMERIC_STD.TO_INTEGER: metavalue detected, returning 0
#    Time: 6086310 ns  Iteration: 3  Instance: /tb/MyRiscv/Register_inst/rs1_mux
# ** Warning: NUMERIC_STD.TO_INTEGER: metavalue detected, returning 0
#    Time: 6107010 ns  Iteration: 3  Instance: /tb/MyRiscv/Register_inst/rs2_mux
# ** Warning: NUMERIC_STD.TO_INTEGER: metavalue detected, returning 0
#    Time: 6107010 ns  Iteration: 3  Instance: /tb/MyRiscv/Register_inst/rs1_mux
# ** Warning: NUMERIC_STD.TO_INTEGER: metavalue detected, returning 0
#    Time: 6127710 ns  Iteration: 3  Instance: /tb/MyRiscv/Register_inst/rs2_mux
# ** Warning: NUMERIC_STD.TO_INTEGER: metavalue detected, returning 0
#    Time: 6127710 ns  Iteration: 3  Instance: /tb/MyRiscv/Register_inst/rs1_mux
# ** Warning: NUMERIC_STD.TO_INTEGER: metavalue detected, returning 0
#    Time: 6148410 ns  Iteration: 3  Instance: /tb/MyRiscv/Register_inst/rs2_mux
# ** Warning: NUMERIC_STD.TO_INTEGER: metavalue detected, returning 0
#    Time: 6148410 ns  Iteration: 3  Instance: /tb/MyRiscv/Register_inst/rs1_mux
# ** Warning: NUMERIC_STD.TO_INTEGER: metavalue detected, returning 0
#    Time: 6169110 ns  Iteration: 3  Instance: /tb/MyRiscv/Register_inst/rs2_mux
# ** Warning: NUMERIC_STD.TO_INTEGER: metavalue detected, returning 0
#    Time: 6169110 ns  Iteration: 3  Instance: /tb/MyRiscv/Register_inst/rs1_mux
# ** Warning: NUMERIC_STD.TO_INTEGER: metavalue detected, returning 0
#    Time: 6189810 ns  Iteration: 3  Instance: /tb/MyRiscv/Register_inst/rs2_mux
# ** Warning: NUMERIC_STD.TO_INTEGER: metavalue detected, returning 0
#    Time: 6189810 ns  Iteration: 3  Instance: /tb/MyRiscv/Register_inst/rs1_mux
# ** Warning: NUMERIC_STD.TO_INTEGER: metavalue detected, returning 0
#    Time: 6210510 ns  Iteration: 3  Instance: /tb/MyRiscv/Register_inst/rs2_mux
# ** Warning: NUMERIC_STD.TO_INTEGER: metavalue detected, returning 0
#    Time: 6210510 ns  Iteration: 3  Instance: /tb/MyRiscv/Register_inst/rs1_mux
# ** Warning: NUMERIC_STD.TO_INTEGER: metavalue detected, returning 0
#    Time: 6231210 ns  Iteration: 3  Instance: /tb/MyRiscv/Register_inst/rs2_mux
# ** Warning: NUMERIC_STD.TO_INTEGER: metavalue detected, returning 0
#    Time: 6231210 ns  Iteration: 3  Instance: /tb/MyRiscv/Register_inst/rs1_mux
# ** Warning: NUMERIC_STD.TO_INTEGER: metavalue detected, returning 0
#    Time: 6251910 ns  Iteration: 3  Instance: /tb/MyRiscv/Register_inst/rs2_mux
# ** Warning: NUMERIC_STD.TO_INTEGER: metavalue detected, returning 0
#    Time: 6251910 ns  Iteration: 3  Instance: /tb/MyRiscv/Register_inst/rs1_mux
# ** Warning: NUMERIC_STD.TO_INTEGER: metavalue detected, returning 0
#    Time: 6272610 ns  Iteration: 3  Instance: /tb/MyRiscv/Register_inst/rs2_mux
# ** Warning: NUMERIC_STD.TO_INTEGER: metavalue detected, returning 0
#    Time: 6272610 ns  Iteration: 3  Instance: /tb/MyRiscv/Register_inst/rs1_mux
# ** Warning: NUMERIC_STD.TO_INTEGER: metavalue detected, returning 0
#    Time: 6293310 ns  Iteration: 3  Instance: /tb/MyRiscv/Register_inst/rs2_mux
# ** Warning: NUMERIC_STD.TO_INTEGER: metavalue detected, returning 0
#    Time: 6293310 ns  Iteration: 3  Instance: /tb/MyRiscv/Register_inst/rs1_mux
# ** Warning: NUMERIC_STD.TO_INTEGER: metavalue detected, returning 0
#    Time: 6314010 ns  Iteration: 3  Instance: /tb/MyRiscv/Register_inst/rs2_mux
# ** Warning: NUMERIC_STD.TO_INTEGER: metavalue detected, returning 0
#    Time: 6314010 ns  Iteration: 3  Instance: /tb/MyRiscv/Register_inst/rs1_mux
# ** Warning: NUMERIC_STD.TO_INTEGER: metavalue detected, returning 0
#    Time: 6334710 ns  Iteration: 3  Instance: /tb/MyRiscv/Register_inst/rs2_mux
# ** Warning: NUMERIC_STD.TO_INTEGER: metavalue detected, returning 0
#    Time: 6334710 ns  Iteration: 3  Instance: /tb/MyRiscv/Register_inst/rs1_mux
# ** Warning: NUMERIC_STD.TO_INTEGER: metavalue detected, returning 0
#    Time: 6355410 ns  Iteration: 3  Instance: /tb/MyRiscv/Register_inst/rs2_mux
# ** Warning: NUMERIC_STD.TO_INTEGER: metavalue detected, returning 0
#    Time: 6355410 ns  Iteration: 3  Instance: /tb/MyRiscv/Register_inst/rs1_mux
# ** Warning: NUMERIC_STD.TO_INTEGER: metavalue detected, returning 0
#    Time: 6376110 ns  Iteration: 3  Instance: /tb/MyRiscv/Register_inst/rs2_mux
# ** Warning: NUMERIC_STD.TO_INTEGER: metavalue detected, returning 0
#    Time: 6376110 ns  Iteration: 3  Instance: /tb/MyRiscv/Register_inst/rs1_mux
# ** Warning: NUMERIC_STD.TO_INTEGER: metavalue detected, returning 0
#    Time: 6396810 ns  Iteration: 3  Instance: /tb/MyRiscv/Register_inst/rs2_mux
# ** Warning: NUMERIC_STD.TO_INTEGER: metavalue detected, returning 0
#    Time: 6396810 ns  Iteration: 3  Instance: /tb/MyRiscv/Register_inst/rs1_mux
# ** Warning: NUMERIC_STD.TO_INTEGER: metavalue detected, returning 0
#    Time: 6417510 ns  Iteration: 3  Instance: /tb/MyRiscv/Register_inst/rs2_mux
# ** Warning: NUMERIC_STD.TO_INTEGER: metavalue detected, returning 0
#    Time: 6417510 ns  Iteration: 3  Instance: /tb/MyRiscv/Register_inst/rs1_mux
# ** Warning: NUMERIC_STD.TO_INTEGER: metavalue detected, returning 0
#    Time: 6438210 ns  Iteration: 3  Instance: /tb/MyRiscv/Register_inst/rs2_mux
# ** Warning: NUMERIC_STD.TO_INTEGER: metavalue detected, returning 0
#    Time: 6438210 ns  Iteration: 3  Instance: /tb/MyRiscv/Register_inst/rs1_mux
# ** Warning: NUMERIC_STD.TO_INTEGER: metavalue detected, returning 0
#    Time: 6458910 ns  Iteration: 3  Instance: /tb/MyRiscv/Register_inst/rs2_mux
# ** Warning: NUMERIC_STD.TO_INTEGER: metavalue detected, returning 0
#    Time: 6458910 ns  Iteration: 3  Instance: /tb/MyRiscv/Register_inst/rs1_mux
# ** Warning: NUMERIC_STD.TO_INTEGER: metavalue detected, returning 0
#    Time: 6479610 ns  Iteration: 3  Instance: /tb/MyRiscv/Register_inst/rs2_mux
# ** Warning: NUMERIC_STD.TO_INTEGER: metavalue detected, returning 0
#    Time: 6479610 ns  Iteration: 3  Instance: /tb/MyRiscv/Register_inst/rs1_mux
# ** Warning: NUMERIC_STD.TO_INTEGER: metavalue detected, returning 0
#    Time: 6500310 ns  Iteration: 3  Instance: /tb/MyRiscv/Register_inst/rs2_mux
# ** Warning: NUMERIC_STD.TO_INTEGER: metavalue detected, returning 0
#    Time: 6500310 ns  Iteration: 3  Instance: /tb/MyRiscv/Register_inst/rs1_mux
# ** Warning: NUMERIC_STD.TO_INTEGER: metavalue detected, returning 0
#    Time: 6521010 ns  Iteration: 3  Instance: /tb/MyRiscv/Register_inst/rs2_mux
# ** Warning: NUMERIC_STD.TO_INTEGER: metavalue detected, returning 0
#    Time: 6521010 ns  Iteration: 3  Instance: /tb/MyRiscv/Register_inst/rs1_mux
# ** Warning: NUMERIC_STD.TO_INTEGER: metavalue detected, returning 0
#    Time: 6541710 ns  Iteration: 3  Instance: /tb/MyRiscv/Register_inst/rs2_mux
# ** Warning: NUMERIC_STD.TO_INTEGER: metavalue detected, returning 0
#    Time: 6541710 ns  Iteration: 3  Instance: /tb/MyRiscv/Register_inst/rs1_mux
# ** Warning: NUMERIC_STD.TO_INTEGER: metavalue detected, returning 0
#    Time: 6562410 ns  Iteration: 3  Instance: /tb/MyRiscv/Register_inst/rs2_mux
# ** Warning: NUMERIC_STD.TO_INTEGER: metavalue detected, returning 0
#    Time: 6562410 ns  Iteration: 3  Instance: /tb/MyRiscv/Register_inst/rs1_mux
# ** Warning: NUMERIC_STD.TO_INTEGER: metavalue detected, returning 0
#    Time: 6583110 ns  Iteration: 3  Instance: /tb/MyRiscv/Register_inst/rs2_mux
# ** Warning: NUMERIC_STD.TO_INTEGER: metavalue detected, returning 0
#    Time: 6583110 ns  Iteration: 3  Instance: /tb/MyRiscv/Register_inst/rs1_mux
# ** Warning: NUMERIC_STD.TO_INTEGER: metavalue detected, returning 0
#    Time: 6603810 ns  Iteration: 3  Instance: /tb/MyRiscv/Register_inst/rs2_mux
# ** Warning: NUMERIC_STD.TO_INTEGER: metavalue detected, returning 0
#    Time: 6603810 ns  Iteration: 3  Instance: /tb/MyRiscv/Register_inst/rs1_mux
# ** Warning: NUMERIC_STD.TO_INTEGER: metavalue detected, returning 0
#    Time: 6624510 ns  Iteration: 3  Instance: /tb/MyRiscv/Register_inst/rs2_mux
# ** Warning: NUMERIC_STD.TO_INTEGER: metavalue detected, returning 0
#    Time: 6624510 ns  Iteration: 3  Instance: /tb/MyRiscv/Register_inst/rs1_mux
# ** Warning: NUMERIC_STD.TO_INTEGER: metavalue detected, returning 0
#    Time: 6645210 ns  Iteration: 3  Instance: /tb/MyRiscv/Register_inst/rs2_mux
# ** Warning: NUMERIC_STD.TO_INTEGER: metavalue detected, returning 0
#    Time: 6645210 ns  Iteration: 3  Instance: /tb/MyRiscv/Register_inst/rs1_mux
# ** Warning: NUMERIC_STD.TO_INTEGER: metavalue detected, returning 0
#    Time: 6665910 ns  Iteration: 3  Instance: /tb/MyRiscv/Register_inst/rs2_mux
# ** Warning: NUMERIC_STD.TO_INTEGER: metavalue detected, returning 0
#    Time: 6665910 ns  Iteration: 3  Instance: /tb/MyRiscv/Register_inst/rs1_mux
# ** Warning: NUMERIC_STD.TO_INTEGER: metavalue detected, returning 0
#    Time: 6686610 ns  Iteration: 3  Instance: /tb/MyRiscv/Register_inst/rs2_mux
# ** Warning: NUMERIC_STD.TO_INTEGER: metavalue detected, returning 0
#    Time: 6686610 ns  Iteration: 3  Instance: /tb/MyRiscv/Register_inst/rs1_mux
# ** Warning: NUMERIC_STD.TO_INTEGER: metavalue detected, returning 0
#    Time: 6707310 ns  Iteration: 3  Instance: /tb/MyRiscv/Register_inst/rs2_mux
# ** Warning: NUMERIC_STD.TO_INTEGER: metavalue detected, returning 0
#    Time: 6707310 ns  Iteration: 3  Instance: /tb/MyRiscv/Register_inst/rs1_mux
# ** Warning: NUMERIC_STD.TO_INTEGER: metavalue detected, returning 0
#    Time: 6728010 ns  Iteration: 3  Instance: /tb/MyRiscv/Register_inst/rs2_mux
# ** Warning: NUMERIC_STD.TO_INTEGER: metavalue detected, returning 0
#    Time: 6728010 ns  Iteration: 3  Instance: /tb/MyRiscv/Register_inst/rs1_mux
# ** Warning: NUMERIC_STD.TO_INTEGER: metavalue detected, returning 0
#    Time: 6748710 ns  Iteration: 3  Instance: /tb/MyRiscv/Register_inst/rs2_mux
# ** Warning: NUMERIC_STD.TO_INTEGER: metavalue detected, returning 0
#    Time: 6748710 ns  Iteration: 3  Instance: /tb/MyRiscv/Register_inst/rs1_mux
# ** Warning: NUMERIC_STD.TO_INTEGER: metavalue detected, returning 0
#    Time: 6769410 ns  Iteration: 3  Instance: /tb/MyRiscv/Register_inst/rs2_mux
# ** Warning: NUMERIC_STD.TO_INTEGER: metavalue detected, returning 0
#    Time: 6769410 ns  Iteration: 3  Instance: /tb/MyRiscv/Register_inst/rs1_mux
# ** Warning: NUMERIC_STD.TO_INTEGER: metavalue detected, returning 0
#    Time: 6790110 ns  Iteration: 3  Instance: /tb/MyRiscv/Register_inst/rs2_mux
# ** Warning: NUMERIC_STD.TO_INTEGER: metavalue detected, returning 0
#    Time: 6790110 ns  Iteration: 3  Instance: /tb/MyRiscv/Register_inst/rs1_mux
# ** Warning: NUMERIC_STD.TO_INTEGER: metavalue detected, returning 0
#    Time: 6810810 ns  Iteration: 3  Instance: /tb/MyRiscv/Register_inst/rs2_mux
# ** Warning: NUMERIC_STD.TO_INTEGER: metavalue detected, returning 0
#    Time: 6810810 ns  Iteration: 3  Instance: /tb/MyRiscv/Register_inst/rs1_mux
# ** Warning: NUMERIC_STD.TO_INTEGER: metavalue detected, returning 0
#    Time: 6831510 ns  Iteration: 3  Instance: /tb/MyRiscv/Register_inst/rs2_mux
# ** Warning: NUMERIC_STD.TO_INTEGER: metavalue detected, returning 0
#    Time: 6831510 ns  Iteration: 3  Instance: /tb/MyRiscv/Register_inst/rs1_mux
# ** Warning: NUMERIC_STD.TO_INTEGER: metavalue detected, returning 0
#    Time: 6852210 ns  Iteration: 3  Instance: /tb/MyRiscv/Register_inst/rs2_mux
# ** Warning: NUMERIC_STD.TO_INTEGER: metavalue detected, returning 0
#    Time: 6852210 ns  Iteration: 3  Instance: /tb/MyRiscv/Register_inst/rs1_mux
# ** Warning: NUMERIC_STD.TO_INTEGER: metavalue detected, returning 0
#    Time: 6872910 ns  Iteration: 3  Instance: /tb/MyRiscv/Register_inst/rs2_mux
# ** Warning: NUMERIC_STD.TO_INTEGER: metavalue detected, returning 0
#    Time: 6872910 ns  Iteration: 3  Instance: /tb/MyRiscv/Register_inst/rs1_mux
# ** Warning: NUMERIC_STD.TO_INTEGER: metavalue detected, returning 0
#    Time: 6893610 ns  Iteration: 3  Instance: /tb/MyRiscv/Register_inst/rs2_mux
# ** Warning: NUMERIC_STD.TO_INTEGER: metavalue detected, returning 0
#    Time: 6893610 ns  Iteration: 3  Instance: /tb/MyRiscv/Register_inst/rs1_mux
# ** Warning: NUMERIC_STD.TO_INTEGER: metavalue detected, returning 0
#    Time: 6914310 ns  Iteration: 3  Instance: /tb/MyRiscv/Register_inst/rs2_mux
# ** Warning: NUMERIC_STD.TO_INTEGER: metavalue detected, returning 0
#    Time: 6914310 ns  Iteration: 3  Instance: /tb/MyRiscv/Register_inst/rs1_mux
# ** Warning: NUMERIC_STD.TO_INTEGER: metavalue detected, returning 0
#    Time: 6935010 ns  Iteration: 3  Instance: /tb/MyRiscv/Register_inst/rs2_mux
# ** Warning: NUMERIC_STD.TO_INTEGER: metavalue detected, returning 0
#    Time: 6935010 ns  Iteration: 3  Instance: /tb/MyRiscv/Register_inst/rs1_mux
# ** Warning: NUMERIC_STD.TO_INTEGER: metavalue detected, returning 0
#    Time: 6955710 ns  Iteration: 3  Instance: /tb/MyRiscv/Register_inst/rs2_mux
# ** Warning: NUMERIC_STD.TO_INTEGER: metavalue detected, returning 0
#    Time: 6955710 ns  Iteration: 3  Instance: /tb/MyRiscv/Register_inst/rs1_mux
# ** Warning: NUMERIC_STD.TO_INTEGER: metavalue detected, returning 0
#    Time: 6976410 ns  Iteration: 3  Instance: /tb/MyRiscv/Register_inst/rs2_mux
# ** Warning: NUMERIC_STD.TO_INTEGER: metavalue detected, returning 0
#    Time: 6976410 ns  Iteration: 3  Instance: /tb/MyRiscv/Register_inst/rs1_mux
# ** Warning: NUMERIC_STD.TO_INTEGER: metavalue detected, returning 0
#    Time: 6997110 ns  Iteration: 3  Instance: /tb/MyRiscv/Register_inst/rs2_mux
# ** Warning: NUMERIC_STD.TO_INTEGER: metavalue detected, returning 0
#    Time: 6997110 ns  Iteration: 3  Instance: /tb/MyRiscv/Register_inst/rs1_mux
# ** Warning: NUMERIC_STD.TO_INTEGER: metavalue detected, returning 0
#    Time: 7017810 ns  Iteration: 3  Instance: /tb/MyRiscv/Register_inst/rs2_mux
# ** Warning: NUMERIC_STD.TO_INTEGER: metavalue detected, returning 0
#    Time: 7017810 ns  Iteration: 3  Instance: /tb/MyRiscv/Register_inst/rs1_mux
# ** Warning: NUMERIC_STD.TO_INTEGER: metavalue detected, returning 0
#    Time: 7038510 ns  Iteration: 3  Instance: /tb/MyRiscv/Register_inst/rs2_mux
# ** Warning: NUMERIC_STD.TO_INTEGER: metavalue detected, returning 0
#    Time: 7038510 ns  Iteration: 3  Instance: /tb/MyRiscv/Register_inst/rs1_mux
# ** Warning: NUMERIC_STD.TO_INTEGER: metavalue detected, returning 0
#    Time: 7059210 ns  Iteration: 3  Instance: /tb/MyRiscv/Register_inst/rs2_mux
# ** Warning: NUMERIC_STD.TO_INTEGER: metavalue detected, returning 0
#    Time: 7059210 ns  Iteration: 3  Instance: /tb/MyRiscv/Register_inst/rs1_mux
# ** Warning: NUMERIC_STD.TO_INTEGER: metavalue detected, returning 0
#    Time: 7079910 ns  Iteration: 3  Instance: /tb/MyRiscv/Register_inst/rs2_mux
# ** Warning: NUMERIC_STD.TO_INTEGER: metavalue detected, returning 0
#    Time: 7079910 ns  Iteration: 3  Instance: /tb/MyRiscv/Register_inst/rs1_mux
# ** Warning: NUMERIC_STD.TO_INTEGER: metavalue detected, returning 0
#    Time: 7100610 ns  Iteration: 3  Instance: /tb/MyRiscv/Register_inst/rs2_mux
# ** Warning: NUMERIC_STD.TO_INTEGER: metavalue detected, returning 0
#    Time: 7100610 ns  Iteration: 3  Instance: /tb/MyRiscv/Register_inst/rs1_mux
# ** Warning: NUMERIC_STD.TO_INTEGER: metavalue detected, returning 0
#    Time: 7121310 ns  Iteration: 3  Instance: /tb/MyRiscv/Register_inst/rs2_mux
# ** Warning: NUMERIC_STD.TO_INTEGER: metavalue detected, returning 0
#    Time: 7121310 ns  Iteration: 3  Instance: /tb/MyRiscv/Register_inst/rs1_mux
# ** Warning: NUMERIC_STD.TO_INTEGER: metavalue detected, returning 0
#    Time: 7142010 ns  Iteration: 3  Instance: /tb/MyRiscv/Register_inst/rs2_mux
# ** Warning: NUMERIC_STD.TO_INTEGER: metavalue detected, returning 0
#    Time: 7142010 ns  Iteration: 3  Instance: /tb/MyRiscv/Register_inst/rs1_mux
# ** Warning: NUMERIC_STD.TO_INTEGER: metavalue detected, returning 0
#    Time: 7162710 ns  Iteration: 3  Instance: /tb/MyRiscv/Register_inst/rs2_mux
# ** Warning: NUMERIC_STD.TO_INTEGER: metavalue detected, returning 0
#    Time: 7162710 ns  Iteration: 3  Instance: /tb/MyRiscv/Register_inst/rs1_mux
# ** Warning: NUMERIC_STD.TO_INTEGER: metavalue detected, returning 0
#    Time: 7183410 ns  Iteration: 3  Instance: /tb/MyRiscv/Register_inst/rs2_mux
# ** Warning: NUMERIC_STD.TO_INTEGER: metavalue detected, returning 0
#    Time: 7183410 ns  Iteration: 3  Instance: /tb/MyRiscv/Register_inst/rs1_mux
# ** Warning: NUMERIC_STD.TO_INTEGER: metavalue detected, returning 0
#    Time: 7204110 ns  Iteration: 3  Instance: /tb/MyRiscv/Register_inst/rs2_mux
# ** Warning: NUMERIC_STD.TO_INTEGER: metavalue detected, returning 0
#    Time: 7204110 ns  Iteration: 3  Instance: /tb/MyRiscv/Register_inst/rs1_mux
# ** Warning: NUMERIC_STD.TO_INTEGER: metavalue detected, returning 0
#    Time: 7224810 ns  Iteration: 3  Instance: /tb/MyRiscv/Register_inst/rs2_mux
# ** Warning: NUMERIC_STD.TO_INTEGER: metavalue detected, returning 0
#    Time: 7224810 ns  Iteration: 3  Instance: /tb/MyRiscv/Register_inst/rs1_mux
# ** Warning: NUMERIC_STD.TO_INTEGER: metavalue detected, returning 0
#    Time: 7245510 ns  Iteration: 3  Instance: /tb/MyRiscv/Register_inst/rs2_mux
# ** Warning: NUMERIC_STD.TO_INTEGER: metavalue detected, returning 0
#    Time: 7245510 ns  Iteration: 3  Instance: /tb/MyRiscv/Register_inst/rs1_mux
# ** Warning: NUMERIC_STD.TO_INTEGER: metavalue detected, returning 0
#    Time: 7266210 ns  Iteration: 3  Instance: /tb/MyRiscv/Register_inst/rs2_mux
# ** Warning: NUMERIC_STD.TO_INTEGER: metavalue detected, returning 0
#    Time: 7266210 ns  Iteration: 3  Instance: /tb/MyRiscv/Register_inst/rs1_mux
# ** Warning: NUMERIC_STD.TO_INTEGER: metavalue detected, returning 0
#    Time: 7286910 ns  Iteration: 3  Instance: /tb/MyRiscv/Register_inst/rs2_mux
# ** Warning: NUMERIC_STD.TO_INTEGER: metavalue detected, returning 0
#    Time: 7286910 ns  Iteration: 3  Instance: /tb/MyRiscv/Register_inst/rs1_mux
# ** Warning: NUMERIC_STD.TO_INTEGER: metavalue detected, returning 0
#    Time: 7307610 ns  Iteration: 3  Instance: /tb/MyRiscv/Register_inst/rs2_mux
# ** Warning: NUMERIC_STD.TO_INTEGER: metavalue detected, returning 0
#    Time: 7307610 ns  Iteration: 3  Instance: /tb/MyRiscv/Register_inst/rs1_mux
# ** Warning: NUMERIC_STD.TO_INTEGER: metavalue detected, returning 0
#    Time: 7328310 ns  Iteration: 3  Instance: /tb/MyRiscv/Register_inst/rs2_mux
# ** Warning: NUMERIC_STD.TO_INTEGER: metavalue detected, returning 0
#    Time: 7328310 ns  Iteration: 3  Instance: /tb/MyRiscv/Register_inst/rs1_mux
# ** Warning: NUMERIC_STD.TO_INTEGER: metavalue detected, returning 0
#    Time: 7349010 ns  Iteration: 3  Instance: /tb/MyRiscv/Register_inst/rs2_mux
# ** Warning: NUMERIC_STD.TO_INTEGER: metavalue detected, returning 0
#    Time: 7349010 ns  Iteration: 3  Instance: /tb/MyRiscv/Register_inst/rs1_mux
# ** Warning: NUMERIC_STD.TO_INTEGER: metavalue detected, returning 0
#    Time: 7369710 ns  Iteration: 3  Instance: /tb/MyRiscv/Register_inst/rs2_mux
# ** Warning: NUMERIC_STD.TO_INTEGER: metavalue detected, returning 0
#    Time: 7369710 ns  Iteration: 3  Instance: /tb/MyRiscv/Register_inst/rs1_mux
# ** Warning: NUMERIC_STD.TO_INTEGER: metavalue detected, returning 0
#    Time: 7390410 ns  Iteration: 3  Instance: /tb/MyRiscv/Register_inst/rs2_mux
# ** Warning: NUMERIC_STD.TO_INTEGER: metavalue detected, returning 0
#    Time: 7390410 ns  Iteration: 3  Instance: /tb/MyRiscv/Register_inst/rs1_mux
# ** Warning: NUMERIC_STD.TO_INTEGER: metavalue detected, returning 0
#    Time: 7411110 ns  Iteration: 3  Instance: /tb/MyRiscv/Register_inst/rs2_mux
# ** Warning: NUMERIC_STD.TO_INTEGER: metavalue detected, returning 0
#    Time: 7411110 ns  Iteration: 3  Instance: /tb/MyRiscv/Register_inst/rs1_mux
# ** Warning: NUMERIC_STD.TO_INTEGER: metavalue detected, returning 0
#    Time: 7431810 ns  Iteration: 3  Instance: /tb/MyRiscv/Register_inst/rs2_mux
# ** Warning: NUMERIC_STD.TO_INTEGER: metavalue detected, returning 0
#    Time: 7431810 ns  Iteration: 3  Instance: /tb/MyRiscv/Register_inst/rs1_mux
# ** Warning: NUMERIC_STD.TO_INTEGER: metavalue detected, returning 0
#    Time: 7452510 ns  Iteration: 3  Instance: /tb/MyRiscv/Register_inst/rs2_mux
# ** Warning: NUMERIC_STD.TO_INTEGER: metavalue detected, returning 0
#    Time: 7452510 ns  Iteration: 3  Instance: /tb/MyRiscv/Register_inst/rs1_mux
# ** Warning: NUMERIC_STD.TO_INTEGER: metavalue detected, returning 0
#    Time: 7473210 ns  Iteration: 3  Instance: /tb/MyRiscv/Register_inst/rs2_mux
# ** Warning: NUMERIC_STD.TO_INTEGER: metavalue detected, returning 0
#    Time: 7473210 ns  Iteration: 3  Instance: /tb/MyRiscv/Register_inst/rs1_mux
# ** Warning: NUMERIC_STD.TO_INTEGER: metavalue detected, returning 0
#    Time: 7493910 ns  Iteration: 3  Instance: /tb/MyRiscv/Register_inst/rs2_mux
# ** Warning: NUMERIC_STD.TO_INTEGER: metavalue detected, returning 0
#    Time: 7493910 ns  Iteration: 3  Instance: /tb/MyRiscv/Register_inst/rs1_mux
# ** Warning: NUMERIC_STD.TO_INTEGER: metavalue detected, returning 0
#    Time: 7514610 ns  Iteration: 3  Instance: /tb/MyRiscv/Register_inst/rs2_mux
# ** Warning: NUMERIC_STD.TO_INTEGER: metavalue detected, returning 0
#    Time: 7514610 ns  Iteration: 3  Instance: /tb/MyRiscv/Register_inst/rs1_mux
# ** Warning: NUMERIC_STD.TO_INTEGER: metavalue detected, returning 0
#    Time: 7535310 ns  Iteration: 3  Instance: /tb/MyRiscv/Register_inst/rs2_mux
# ** Warning: NUMERIC_STD.TO_INTEGER: metavalue detected, returning 0
#    Time: 7535310 ns  Iteration: 3  Instance: /tb/MyRiscv/Register_inst/rs1_mux
# ** Warning: NUMERIC_STD.TO_INTEGER: metavalue detected, returning 0
#    Time: 7556010 ns  Iteration: 3  Instance: /tb/MyRiscv/Register_inst/rs2_mux
# ** Warning: NUMERIC_STD.TO_INTEGER: metavalue detected, returning 0
#    Time: 7556010 ns  Iteration: 3  Instance: /tb/MyRiscv/Register_inst/rs1_mux
# ** Warning: NUMERIC_STD.TO_INTEGER: metavalue detected, returning 0
#    Time: 7576710 ns  Iteration: 3  Instance: /tb/MyRiscv/Register_inst/rs2_mux
# ** Warning: NUMERIC_STD.TO_INTEGER: metavalue detected, returning 0
#    Time: 7576710 ns  Iteration: 3  Instance: /tb/MyRiscv/Register_inst/rs1_mux
# ** Warning: NUMERIC_STD.TO_INTEGER: metavalue detected, returning 0
#    Time: 7597410 ns  Iteration: 3  Instance: /tb/MyRiscv/Register_inst/rs2_mux
# ** Warning: NUMERIC_STD.TO_INTEGER: metavalue detected, returning 0
#    Time: 7597410 ns  Iteration: 3  Instance: /tb/MyRiscv/Register_inst/rs1_mux
# ** Warning: NUMERIC_STD.TO_INTEGER: metavalue detected, returning 0
#    Time: 7618110 ns  Iteration: 3  Instance: /tb/MyRiscv/Register_inst/rs2_mux
# ** Warning: NUMERIC_STD.TO_INTEGER: metavalue detected, returning 0
#    Time: 7618110 ns  Iteration: 3  Instance: /tb/MyRiscv/Register_inst/rs1_mux
# ** Warning: NUMERIC_STD.TO_INTEGER: metavalue detected, returning 0
#    Time: 7638810 ns  Iteration: 3  Instance: /tb/MyRiscv/Register_inst/rs2_mux
# ** Warning: NUMERIC_STD.TO_INTEGER: metavalue detected, returning 0
#    Time: 7638810 ns  Iteration: 3  Instance: /tb/MyRiscv/Register_inst/rs1_mux
# ** Warning: NUMERIC_STD.TO_INTEGER: metavalue detected, returning 0
#    Time: 7659510 ns  Iteration: 3  Instance: /tb/MyRiscv/Register_inst/rs2_mux
# ** Warning: NUMERIC_STD.TO_INTEGER: metavalue detected, returning 0
#    Time: 7659510 ns  Iteration: 3  Instance: /tb/MyRiscv/Register_inst/rs1_mux
# ** Warning: NUMERIC_STD.TO_INTEGER: metavalue detected, returning 0
#    Time: 7680210 ns  Iteration: 3  Instance: /tb/MyRiscv/Register_inst/rs2_mux
# ** Warning: NUMERIC_STD.TO_INTEGER: metavalue detected, returning 0
#    Time: 7680210 ns  Iteration: 3  Instance: /tb/MyRiscv/Register_inst/rs1_mux
# ** Warning: NUMERIC_STD.TO_INTEGER: metavalue detected, returning 0
#    Time: 7700910 ns  Iteration: 3  Instance: /tb/MyRiscv/Register_inst/rs2_mux
# ** Warning: NUMERIC_STD.TO_INTEGER: metavalue detected, returning 0
#    Time: 7700910 ns  Iteration: 3  Instance: /tb/MyRiscv/Register_inst/rs1_mux
# ** Warning: NUMERIC_STD.TO_INTEGER: metavalue detected, returning 0
#    Time: 7721610 ns  Iteration: 3  Instance: /tb/MyRiscv/Register_inst/rs2_mux
# ** Warning: NUMERIC_STD.TO_INTEGER: metavalue detected, returning 0
#    Time: 7721610 ns  Iteration: 3  Instance: /tb/MyRiscv/Register_inst/rs1_mux
# ** Warning: NUMERIC_STD.TO_INTEGER: metavalue detected, returning 0
#    Time: 7742310 ns  Iteration: 3  Instance: /tb/MyRiscv/Register_inst/rs2_mux
# ** Warning: NUMERIC_STD.TO_INTEGER: metavalue detected, returning 0
#    Time: 7742310 ns  Iteration: 3  Instance: /tb/MyRiscv/Register_inst/rs1_mux
# ** Warning: NUMERIC_STD.TO_INTEGER: metavalue detected, returning 0
#    Time: 7763010 ns  Iteration: 3  Instance: /tb/MyRiscv/Register_inst/rs2_mux
# ** Warning: NUMERIC_STD.TO_INTEGER: metavalue detected, returning 0
#    Time: 7763010 ns  Iteration: 3  Instance: /tb/MyRiscv/Register_inst/rs1_mux
# ** Warning: NUMERIC_STD.TO_INTEGER: metavalue detected, returning 0
#    Time: 7783710 ns  Iteration: 3  Instance: /tb/MyRiscv/Register_inst/rs2_mux
# ** Warning: NUMERIC_STD.TO_INTEGER: metavalue detected, returning 0
#    Time: 7783710 ns  Iteration: 3  Instance: /tb/MyRiscv/Register_inst/rs1_mux
# ** Warning: NUMERIC_STD.TO_INTEGER: metavalue detected, returning 0
#    Time: 7804410 ns  Iteration: 3  Instance: /tb/MyRiscv/Register_inst/rs2_mux
# ** Warning: NUMERIC_STD.TO_INTEGER: metavalue detected, returning 0
#    Time: 7804410 ns  Iteration: 3  Instance: /tb/MyRiscv/Register_inst/rs1_mux
# ** Warning: NUMERIC_STD.TO_INTEGER: metavalue detected, returning 0
#    Time: 7825110 ns  Iteration: 3  Instance: /tb/MyRiscv/Register_inst/rs2_mux
# ** Warning: NUMERIC_STD.TO_INTEGER: metavalue detected, returning 0
#    Time: 7825110 ns  Iteration: 3  Instance: /tb/MyRiscv/Register_inst/rs1_mux
# ** Warning: NUMERIC_STD.TO_INTEGER: metavalue detected, returning 0
#    Time: 7845810 ns  Iteration: 3  Instance: /tb/MyRiscv/Register_inst/rs2_mux
# ** Warning: NUMERIC_STD.TO_INTEGER: metavalue detected, returning 0
#    Time: 7845810 ns  Iteration: 3  Instance: /tb/MyRiscv/Register_inst/rs1_mux
# ** Warning: NUMERIC_STD.TO_INTEGER: metavalue detected, returning 0
#    Time: 7866510 ns  Iteration: 3  Instance: /tb/MyRiscv/Register_inst/rs2_mux
# ** Warning: NUMERIC_STD.TO_INTEGER: metavalue detected, returning 0
#    Time: 7866510 ns  Iteration: 3  Instance: /tb/MyRiscv/Register_inst/rs1_mux
# ** Warning: NUMERIC_STD.TO_INTEGER: metavalue detected, returning 0
#    Time: 7887210 ns  Iteration: 3  Instance: /tb/MyRiscv/Register_inst/rs2_mux
# ** Warning: NUMERIC_STD.TO_INTEGER: metavalue detected, returning 0
#    Time: 7887210 ns  Iteration: 3  Instance: /tb/MyRiscv/Register_inst/rs1_mux
# ** Warning: NUMERIC_STD.TO_INTEGER: metavalue detected, returning 0
#    Time: 7907910 ns  Iteration: 3  Instance: /tb/MyRiscv/Register_inst/rs2_mux
# ** Warning: NUMERIC_STD.TO_INTEGER: metavalue detected, returning 0
#    Time: 7907910 ns  Iteration: 3  Instance: /tb/MyRiscv/Register_inst/rs1_mux
# ** Warning: NUMERIC_STD.TO_INTEGER: metavalue detected, returning 0
#    Time: 7928610 ns  Iteration: 3  Instance: /tb/MyRiscv/Register_inst/rs2_mux
# ** Warning: NUMERIC_STD.TO_INTEGER: metavalue detected, returning 0
#    Time: 7928610 ns  Iteration: 3  Instance: /tb/MyRiscv/Register_inst/rs1_mux
# ** Warning: NUMERIC_STD.TO_INTEGER: metavalue detected, returning 0
#    Time: 7949310 ns  Iteration: 3  Instance: /tb/MyRiscv/Register_inst/rs2_mux
# ** Warning: NUMERIC_STD.TO_INTEGER: metavalue detected, returning 0
#    Time: 7949310 ns  Iteration: 3  Instance: /tb/MyRiscv/Register_inst/rs1_mux
# ** Warning: NUMERIC_STD.TO_INTEGER: metavalue detected, returning 0
#    Time: 7970010 ns  Iteration: 3  Instance: /tb/MyRiscv/Register_inst/rs2_mux
# ** Warning: NUMERIC_STD.TO_INTEGER: metavalue detected, returning 0
#    Time: 7970010 ns  Iteration: 3  Instance: /tb/MyRiscv/Register_inst/rs1_mux
# ** Warning: NUMERIC_STD.TO_INTEGER: metavalue detected, returning 0
#    Time: 7990710 ns  Iteration: 3  Instance: /tb/MyRiscv/Register_inst/rs2_mux
# ** Warning: NUMERIC_STD.TO_INTEGER: metavalue detected, returning 0
#    Time: 7990710 ns  Iteration: 3  Instance: /tb/MyRiscv/Register_inst/rs1_mux
# ** Warning: NUMERIC_STD.TO_INTEGER: metavalue detected, returning 0
#    Time: 8011410 ns  Iteration: 3  Instance: /tb/MyRiscv/Register_inst/rs2_mux
# ** Warning: NUMERIC_STD.TO_INTEGER: metavalue detected, returning 0
#    Time: 8011410 ns  Iteration: 3  Instance: /tb/MyRiscv/Register_inst/rs1_mux
# ** Warning: NUMERIC_STD.TO_INTEGER: metavalue detected, returning 0
#    Time: 8032110 ns  Iteration: 3  Instance: /tb/MyRiscv/Register_inst/rs2_mux
# ** Warning: NUMERIC_STD.TO_INTEGER: metavalue detected, returning 0
#    Time: 8032110 ns  Iteration: 3  Instance: /tb/MyRiscv/Register_inst/rs1_mux
# ** Warning: NUMERIC_STD.TO_INTEGER: metavalue detected, returning 0
#    Time: 8052810 ns  Iteration: 3  Instance: /tb/MyRiscv/Register_inst/rs2_mux
# ** Warning: NUMERIC_STD.TO_INTEGER: metavalue detected, returning 0
#    Time: 8052810 ns  Iteration: 3  Instance: /tb/MyRiscv/Register_inst/rs1_mux
# ** Warning: NUMERIC_STD.TO_INTEGER: metavalue detected, returning 0
#    Time: 8073510 ns  Iteration: 3  Instance: /tb/MyRiscv/Register_inst/rs2_mux
# ** Warning: NUMERIC_STD.TO_INTEGER: metavalue detected, returning 0
#    Time: 8073510 ns  Iteration: 3  Instance: /tb/MyRiscv/Register_inst/rs1_mux
# ** Warning: NUMERIC_STD.TO_INTEGER: metavalue detected, returning 0
#    Time: 8094210 ns  Iteration: 3  Instance: /tb/MyRiscv/Register_inst/rs2_mux
# ** Warning: NUMERIC_STD.TO_INTEGER: metavalue detected, returning 0
#    Time: 8094210 ns  Iteration: 3  Instance: /tb/MyRiscv/Register_inst/rs1_mux
# ** Warning: NUMERIC_STD.TO_INTEGER: metavalue detected, returning 0
#    Time: 8114910 ns  Iteration: 3  Instance: /tb/MyRiscv/Register_inst/rs2_mux
# ** Warning: NUMERIC_STD.TO_INTEGER: metavalue detected, returning 0
#    Time: 8114910 ns  Iteration: 3  Instance: /tb/MyRiscv/Register_inst/rs1_mux
# ** Warning: NUMERIC_STD.TO_INTEGER: metavalue detected, returning 0
#    Time: 8135610 ns  Iteration: 3  Instance: /tb/MyRiscv/Register_inst/rs2_mux
# ** Warning: NUMERIC_STD.TO_INTEGER: metavalue detected, returning 0
#    Time: 8135610 ns  Iteration: 3  Instance: /tb/MyRiscv/Register_inst/rs1_mux
# ** Warning: NUMERIC_STD.TO_INTEGER: metavalue detected, returning 0
#    Time: 8156310 ns  Iteration: 3  Instance: /tb/MyRiscv/Register_inst/rs2_mux
# ** Warning: NUMERIC_STD.TO_INTEGER: metavalue detected, returning 0
#    Time: 8156310 ns  Iteration: 3  Instance: /tb/MyRiscv/Register_inst/rs1_mux
# ** Warning: NUMERIC_STD.TO_INTEGER: metavalue detected, returning 0
#    Time: 8177010 ns  Iteration: 3  Instance: /tb/MyRiscv/Register_inst/rs2_mux
# ** Warning: NUMERIC_STD.TO_INTEGER: metavalue detected, returning 0
#    Time: 8177010 ns  Iteration: 3  Instance: /tb/MyRiscv/Register_inst/rs1_mux
# ** Warning: NUMERIC_STD.TO_INTEGER: metavalue detected, returning 0
#    Time: 8197710 ns  Iteration: 3  Instance: /tb/MyRiscv/Register_inst/rs2_mux
# ** Warning: NUMERIC_STD.TO_INTEGER: metavalue detected, returning 0
#    Time: 8197710 ns  Iteration: 3  Instance: /tb/MyRiscv/Register_inst/rs1_mux
# ** Warning: NUMERIC_STD.TO_INTEGER: metavalue detected, returning 0
#    Time: 8218410 ns  Iteration: 3  Instance: /tb/MyRiscv/Register_inst/rs2_mux
# ** Warning: NUMERIC_STD.TO_INTEGER: metavalue detected, returning 0
#    Time: 8218410 ns  Iteration: 3  Instance: /tb/MyRiscv/Register_inst/rs1_mux
# ** Warning: NUMERIC_STD.TO_INTEGER: metavalue detected, returning 0
#    Time: 8239110 ns  Iteration: 3  Instance: /tb/MyRiscv/Register_inst/rs2_mux
# ** Warning: NUMERIC_STD.TO_INTEGER: metavalue detected, returning 0
#    Time: 8239110 ns  Iteration: 3  Instance: /tb/MyRiscv/Register_inst/rs1_mux
# ** Warning: NUMERIC_STD.TO_INTEGER: metavalue detected, returning 0
#    Time: 8259810 ns  Iteration: 3  Instance: /tb/MyRiscv/Register_inst/rs2_mux
# ** Warning: NUMERIC_STD.TO_INTEGER: metavalue detected, returning 0
#    Time: 8259810 ns  Iteration: 3  Instance: /tb/MyRiscv/Register_inst/rs1_mux
# ** Warning: NUMERIC_STD.TO_INTEGER: metavalue detected, returning 0
#    Time: 8280510 ns  Iteration: 3  Instance: /tb/MyRiscv/Register_inst/rs2_mux
# ** Warning: NUMERIC_STD.TO_INTEGER: metavalue detected, returning 0
#    Time: 8280510 ns  Iteration: 3  Instance: /tb/MyRiscv/Register_inst/rs1_mux
# ** Warning: NUMERIC_STD.TO_INTEGER: metavalue detected, returning 0
#    Time: 8301210 ns  Iteration: 3  Instance: /tb/MyRiscv/Register_inst/rs2_mux
# ** Warning: NUMERIC_STD.TO_INTEGER: metavalue detected, returning 0
#    Time: 8301210 ns  Iteration: 3  Instance: /tb/MyRiscv/Register_inst/rs1_mux
# ** Warning: NUMERIC_STD.TO_INTEGER: metavalue detected, returning 0
#    Time: 8321910 ns  Iteration: 3  Instance: /tb/MyRiscv/Register_inst/rs2_mux
# ** Warning: NUMERIC_STD.TO_INTEGER: metavalue detected, returning 0
#    Time: 8321910 ns  Iteration: 3  Instance: /tb/MyRiscv/Register_inst/rs1_mux
# ** Warning: NUMERIC_STD.TO_INTEGER: metavalue detected, returning 0
#    Time: 8342610 ns  Iteration: 3  Instance: /tb/MyRiscv/Register_inst/rs2_mux
# ** Warning: NUMERIC_STD.TO_INTEGER: metavalue detected, returning 0
#    Time: 8342610 ns  Iteration: 3  Instance: /tb/MyRiscv/Register_inst/rs1_mux
# ** Warning: NUMERIC_STD.TO_INTEGER: metavalue detected, returning 0
#    Time: 8363310 ns  Iteration: 3  Instance: /tb/MyRiscv/Register_inst/rs2_mux
# ** Warning: NUMERIC_STD.TO_INTEGER: metavalue detected, returning 0
#    Time: 8363310 ns  Iteration: 3  Instance: /tb/MyRiscv/Register_inst/rs1_mux
# ** Warning: NUMERIC_STD.TO_INTEGER: metavalue detected, returning 0
#    Time: 8384010 ns  Iteration: 3  Instance: /tb/MyRiscv/Register_inst/rs2_mux
# ** Warning: NUMERIC_STD.TO_INTEGER: metavalue detected, returning 0
#    Time: 8384010 ns  Iteration: 3  Instance: /tb/MyRiscv/Register_inst/rs1_mux
# ** Warning: NUMERIC_STD.TO_INTEGER: metavalue detected, returning 0
#    Time: 8404710 ns  Iteration: 3  Instance: /tb/MyRiscv/Register_inst/rs2_mux
# ** Warning: NUMERIC_STD.TO_INTEGER: metavalue detected, returning 0
#    Time: 8404710 ns  Iteration: 3  Instance: /tb/MyRiscv/Register_inst/rs1_mux
# ** Warning: NUMERIC_STD.TO_INTEGER: metavalue detected, returning 0
#    Time: 8425410 ns  Iteration: 3  Instance: /tb/MyRiscv/Register_inst/rs2_mux
# ** Warning: NUMERIC_STD.TO_INTEGER: metavalue detected, returning 0
#    Time: 8425410 ns  Iteration: 3  Instance: /tb/MyRiscv/Register_inst/rs1_mux
# ** Warning: NUMERIC_STD.TO_INTEGER: metavalue detected, returning 0
#    Time: 8446110 ns  Iteration: 3  Instance: /tb/MyRiscv/Register_inst/rs2_mux
# ** Warning: NUMERIC_STD.TO_INTEGER: metavalue detected, returning 0
#    Time: 8446110 ns  Iteration: 3  Instance: /tb/MyRiscv/Register_inst/rs1_mux
# ** Warning: NUMERIC_STD.TO_INTEGER: metavalue detected, returning 0
#    Time: 8466810 ns  Iteration: 3  Instance: /tb/MyRiscv/Register_inst/rs2_mux
# ** Warning: NUMERIC_STD.TO_INTEGER: metavalue detected, returning 0
#    Time: 8466810 ns  Iteration: 3  Instance: /tb/MyRiscv/Register_inst/rs1_mux
# ** Warning: NUMERIC_STD.TO_INTEGER: metavalue detected, returning 0
#    Time: 8487510 ns  Iteration: 3  Instance: /tb/MyRiscv/Register_inst/rs2_mux
# ** Warning: NUMERIC_STD.TO_INTEGER: metavalue detected, returning 0
#    Time: 8487510 ns  Iteration: 3  Instance: /tb/MyRiscv/Register_inst/rs1_mux
# ** Warning: NUMERIC_STD.TO_INTEGER: metavalue detected, returning 0
#    Time: 8508210 ns  Iteration: 3  Instance: /tb/MyRiscv/Register_inst/rs2_mux
# ** Warning: NUMERIC_STD.TO_INTEGER: metavalue detected, returning 0
#    Time: 8508210 ns  Iteration: 3  Instance: /tb/MyRiscv/Register_inst/rs1_mux
# ** Warning: NUMERIC_STD.TO_INTEGER: metavalue detected, returning 0
#    Time: 8528910 ns  Iteration: 3  Instance: /tb/MyRiscv/Register_inst/rs2_mux
# ** Warning: NUMERIC_STD.TO_INTEGER: metavalue detected, returning 0
#    Time: 8528910 ns  Iteration: 3  Instance: /tb/MyRiscv/Register_inst/rs1_mux
# ** Warning: NUMERIC_STD.TO_INTEGER: metavalue detected, returning 0
#    Time: 8549610 ns  Iteration: 3  Instance: /tb/MyRiscv/Register_inst/rs2_mux
# ** Warning: NUMERIC_STD.TO_INTEGER: metavalue detected, returning 0
#    Time: 8549610 ns  Iteration: 3  Instance: /tb/MyRiscv/Register_inst/rs1_mux
# ** Warning: NUMERIC_STD.TO_INTEGER: metavalue detected, returning 0
#    Time: 8570310 ns  Iteration: 3  Instance: /tb/MyRiscv/Register_inst/rs2_mux
# ** Warning: NUMERIC_STD.TO_INTEGER: metavalue detected, returning 0
#    Time: 8570310 ns  Iteration: 3  Instance: /tb/MyRiscv/Register_inst/rs1_mux
# ** Warning: NUMERIC_STD.TO_INTEGER: metavalue detected, returning 0
#    Time: 8591010 ns  Iteration: 3  Instance: /tb/MyRiscv/Register_inst/rs2_mux
# ** Warning: NUMERIC_STD.TO_INTEGER: metavalue detected, returning 0
#    Time: 8591010 ns  Iteration: 3  Instance: /tb/MyRiscv/Register_inst/rs1_mux
# ** Warning: NUMERIC_STD.TO_INTEGER: metavalue detected, returning 0
#    Time: 8611710 ns  Iteration: 3  Instance: /tb/MyRiscv/Register_inst/rs2_mux
# ** Warning: NUMERIC_STD.TO_INTEGER: metavalue detected, returning 0
#    Time: 8611710 ns  Iteration: 3  Instance: /tb/MyRiscv/Register_inst/rs1_mux
# ** Warning: NUMERIC_STD.TO_INTEGER: metavalue detected, returning 0
#    Time: 8632410 ns  Iteration: 3  Instance: /tb/MyRiscv/Register_inst/rs2_mux
# ** Warning: NUMERIC_STD.TO_INTEGER: metavalue detected, returning 0
#    Time: 8632410 ns  Iteration: 3  Instance: /tb/MyRiscv/Register_inst/rs1_mux
# ** Warning: NUMERIC_STD.TO_INTEGER: metavalue detected, returning 0
#    Time: 8653110 ns  Iteration: 3  Instance: /tb/MyRiscv/Register_inst/rs2_mux
# ** Warning: NUMERIC_STD.TO_INTEGER: metavalue detected, returning 0
#    Time: 8653110 ns  Iteration: 3  Instance: /tb/MyRiscv/Register_inst/rs1_mux
# ** Warning: NUMERIC_STD.TO_INTEGER: metavalue detected, returning 0
#    Time: 8673810 ns  Iteration: 3  Instance: /tb/MyRiscv/Register_inst/rs2_mux
# ** Warning: NUMERIC_STD.TO_INTEGER: metavalue detected, returning 0
#    Time: 8673810 ns  Iteration: 3  Instance: /tb/MyRiscv/Register_inst/rs1_mux
# ** Warning: NUMERIC_STD.TO_INTEGER: metavalue detected, returning 0
#    Time: 8694510 ns  Iteration: 3  Instance: /tb/MyRiscv/Register_inst/rs2_mux
# ** Warning: NUMERIC_STD.TO_INTEGER: metavalue detected, returning 0
#    Time: 8694510 ns  Iteration: 3  Instance: /tb/MyRiscv/Register_inst/rs1_mux
# ** Warning: NUMERIC_STD.TO_INTEGER: metavalue detected, returning 0
#    Time: 8715210 ns  Iteration: 3  Instance: /tb/MyRiscv/Register_inst/rs2_mux
# ** Warning: NUMERIC_STD.TO_INTEGER: metavalue detected, returning 0
#    Time: 8715210 ns  Iteration: 3  Instance: /tb/MyRiscv/Register_inst/rs1_mux
# ** Warning: NUMERIC_STD.TO_INTEGER: metavalue detected, returning 0
#    Time: 8735910 ns  Iteration: 3  Instance: /tb/MyRiscv/Register_inst/rs2_mux
# ** Warning: NUMERIC_STD.TO_INTEGER: metavalue detected, returning 0
#    Time: 8735910 ns  Iteration: 3  Instance: /tb/MyRiscv/Register_inst/rs1_mux
# ** Warning: NUMERIC_STD.TO_INTEGER: metavalue detected, returning 0
#    Time: 8756610 ns  Iteration: 3  Instance: /tb/MyRiscv/Register_inst/rs2_mux
# ** Warning: NUMERIC_STD.TO_INTEGER: metavalue detected, returning 0
#    Time: 8756610 ns  Iteration: 3  Instance: /tb/MyRiscv/Register_inst/rs1_mux
# ** Warning: NUMERIC_STD.TO_INTEGER: metavalue detected, returning 0
#    Time: 8777310 ns  Iteration: 3  Instance: /tb/MyRiscv/Register_inst/rs2_mux
# ** Warning: NUMERIC_STD.TO_INTEGER: metavalue detected, returning 0
#    Time: 8777310 ns  Iteration: 3  Instance: /tb/MyRiscv/Register_inst/rs1_mux
# ** Warning: NUMERIC_STD.TO_INTEGER: metavalue detected, returning 0
#    Time: 8798010 ns  Iteration: 3  Instance: /tb/MyRiscv/Register_inst/rs2_mux
# ** Warning: NUMERIC_STD.TO_INTEGER: metavalue detected, returning 0
#    Time: 8798010 ns  Iteration: 3  Instance: /tb/MyRiscv/Register_inst/rs1_mux
# ** Warning: NUMERIC_STD.TO_INTEGER: metavalue detected, returning 0
#    Time: 8818710 ns  Iteration: 3  Instance: /tb/MyRiscv/Register_inst/rs2_mux
# ** Warning: NUMERIC_STD.TO_INTEGER: metavalue detected, returning 0
#    Time: 8818710 ns  Iteration: 3  Instance: /tb/MyRiscv/Register_inst/rs1_mux
# ** Warning: NUMERIC_STD.TO_INTEGER: metavalue detected, returning 0
#    Time: 8839410 ns  Iteration: 3  Instance: /tb/MyRiscv/Register_inst/rs2_mux
# ** Warning: NUMERIC_STD.TO_INTEGER: metavalue detected, returning 0
#    Time: 8839410 ns  Iteration: 3  Instance: /tb/MyRiscv/Register_inst/rs1_mux
# ** Warning: NUMERIC_STD.TO_INTEGER: metavalue detected, returning 0
#    Time: 8860110 ns  Iteration: 3  Instance: /tb/MyRiscv/Register_inst/rs2_mux
# ** Warning: NUMERIC_STD.TO_INTEGER: metavalue detected, returning 0
#    Time: 8860110 ns  Iteration: 3  Instance: /tb/MyRiscv/Register_inst/rs1_mux
# ** Warning: NUMERIC_STD.TO_INTEGER: metavalue detected, returning 0
#    Time: 8880810 ns  Iteration: 3  Instance: /tb/MyRiscv/Register_inst/rs2_mux
# ** Warning: NUMERIC_STD.TO_INTEGER: metavalue detected, returning 0
#    Time: 8880810 ns  Iteration: 3  Instance: /tb/MyRiscv/Register_inst/rs1_mux
# ** Warning: NUMERIC_STD.TO_INTEGER: metavalue detected, returning 0
#    Time: 8901510 ns  Iteration: 3  Instance: /tb/MyRiscv/Register_inst/rs2_mux
# ** Warning: NUMERIC_STD.TO_INTEGER: metavalue detected, returning 0
#    Time: 8901510 ns  Iteration: 3  Instance: /tb/MyRiscv/Register_inst/rs1_mux
# ** Warning: NUMERIC_STD.TO_INTEGER: metavalue detected, returning 0
#    Time: 8922210 ns  Iteration: 3  Instance: /tb/MyRiscv/Register_inst/rs2_mux
# ** Warning: NUMERIC_STD.TO_INTEGER: metavalue detected, returning 0
#    Time: 8922210 ns  Iteration: 3  Instance: /tb/MyRiscv/Register_inst/rs1_mux
# ** Warning: NUMERIC_STD.TO_INTEGER: metavalue detected, returning 0
#    Time: 8942910 ns  Iteration: 3  Instance: /tb/MyRiscv/Register_inst/rs2_mux
# ** Warning: NUMERIC_STD.TO_INTEGER: metavalue detected, returning 0
#    Time: 8942910 ns  Iteration: 3  Instance: /tb/MyRiscv/Register_inst/rs1_mux
# ** Warning: NUMERIC_STD.TO_INTEGER: metavalue detected, returning 0
#    Time: 8963610 ns  Iteration: 3  Instance: /tb/MyRiscv/Register_inst/rs2_mux
# ** Warning: NUMERIC_STD.TO_INTEGER: metavalue detected, returning 0
#    Time: 8963610 ns  Iteration: 3  Instance: /tb/MyRiscv/Register_inst/rs1_mux
# ** Warning: NUMERIC_STD.TO_INTEGER: metavalue detected, returning 0
#    Time: 8984310 ns  Iteration: 3  Instance: /tb/MyRiscv/Register_inst/rs2_mux
# ** Warning: NUMERIC_STD.TO_INTEGER: metavalue detected, returning 0
#    Time: 8984310 ns  Iteration: 3  Instance: /tb/MyRiscv/Register_inst/rs1_mux
# ** Warning: NUMERIC_STD.TO_INTEGER: metavalue detected, returning 0
#    Time: 9005010 ns  Iteration: 3  Instance: /tb/MyRiscv/Register_inst/rs2_mux
# ** Warning: NUMERIC_STD.TO_INTEGER: metavalue detected, returning 0
#    Time: 9005010 ns  Iteration: 3  Instance: /tb/MyRiscv/Register_inst/rs1_mux
# ** Warning: NUMERIC_STD.TO_INTEGER: metavalue detected, returning 0
#    Time: 9025710 ns  Iteration: 3  Instance: /tb/MyRiscv/Register_inst/rs2_mux
# ** Warning: NUMERIC_STD.TO_INTEGER: metavalue detected, returning 0
#    Time: 9025710 ns  Iteration: 3  Instance: /tb/MyRiscv/Register_inst/rs1_mux
# ** Warning: NUMERIC_STD.TO_INTEGER: metavalue detected, returning 0
#    Time: 9046410 ns  Iteration: 3  Instance: /tb/MyRiscv/Register_inst/rs2_mux
# ** Warning: NUMERIC_STD.TO_INTEGER: metavalue detected, returning 0
#    Time: 9046410 ns  Iteration: 3  Instance: /tb/MyRiscv/Register_inst/rs1_mux
# ** Warning: NUMERIC_STD.TO_INTEGER: metavalue detected, returning 0
#    Time: 9067110 ns  Iteration: 3  Instance: /tb/MyRiscv/Register_inst/rs2_mux
# ** Warning: NUMERIC_STD.TO_INTEGER: metavalue detected, returning 0
#    Time: 9067110 ns  Iteration: 3  Instance: /tb/MyRiscv/Register_inst/rs1_mux
# ** Warning: NUMERIC_STD.TO_INTEGER: metavalue detected, returning 0
#    Time: 9087810 ns  Iteration: 3  Instance: /tb/MyRiscv/Register_inst/rs2_mux
# ** Warning: NUMERIC_STD.TO_INTEGER: metavalue detected, returning 0
#    Time: 9087810 ns  Iteration: 3  Instance: /tb/MyRiscv/Register_inst/rs1_mux
# ** Warning: NUMERIC_STD.TO_INTEGER: metavalue detected, returning 0
#    Time: 9108510 ns  Iteration: 3  Instance: /tb/MyRiscv/Register_inst/rs2_mux
# ** Warning: NUMERIC_STD.TO_INTEGER: metavalue detected, returning 0
#    Time: 9108510 ns  Iteration: 3  Instance: /tb/MyRiscv/Register_inst/rs1_mux
# ** Warning: NUMERIC_STD.TO_INTEGER: metavalue detected, returning 0
#    Time: 9129210 ns  Iteration: 3  Instance: /tb/MyRiscv/Register_inst/rs2_mux
# ** Warning: NUMERIC_STD.TO_INTEGER: metavalue detected, returning 0
#    Time: 9129210 ns  Iteration: 3  Instance: /tb/MyRiscv/Register_inst/rs1_mux
# ** Warning: NUMERIC_STD.TO_INTEGER: metavalue detected, returning 0
#    Time: 9149910 ns  Iteration: 3  Instance: /tb/MyRiscv/Register_inst/rs2_mux
# ** Warning: NUMERIC_STD.TO_INTEGER: metavalue detected, returning 0
#    Time: 9149910 ns  Iteration: 3  Instance: /tb/MyRiscv/Register_inst/rs1_mux
# ** Warning: NUMERIC_STD.TO_INTEGER: metavalue detected, returning 0
#    Time: 9170610 ns  Iteration: 3  Instance: /tb/MyRiscv/Register_inst/rs2_mux
# ** Warning: NUMERIC_STD.TO_INTEGER: metavalue detected, returning 0
#    Time: 9170610 ns  Iteration: 3  Instance: /tb/MyRiscv/Register_inst/rs1_mux
# ** Warning: NUMERIC_STD.TO_INTEGER: metavalue detected, returning 0
#    Time: 9191310 ns  Iteration: 3  Instance: /tb/MyRiscv/Register_inst/rs2_mux
# ** Warning: NUMERIC_STD.TO_INTEGER: metavalue detected, returning 0
#    Time: 9191310 ns  Iteration: 3  Instance: /tb/MyRiscv/Register_inst/rs1_mux
# ** Warning: NUMERIC_STD.TO_INTEGER: metavalue detected, returning 0
#    Time: 9212010 ns  Iteration: 3  Instance: /tb/MyRiscv/Register_inst/rs2_mux
# ** Warning: NUMERIC_STD.TO_INTEGER: metavalue detected, returning 0
#    Time: 9212010 ns  Iteration: 3  Instance: /tb/MyRiscv/Register_inst/rs1_mux
# ** Warning: NUMERIC_STD.TO_INTEGER: metavalue detected, returning 0
#    Time: 9232710 ns  Iteration: 3  Instance: /tb/MyRiscv/Register_inst/rs2_mux
# ** Warning: NUMERIC_STD.TO_INTEGER: metavalue detected, returning 0
#    Time: 9232710 ns  Iteration: 3  Instance: /tb/MyRiscv/Register_inst/rs1_mux
# ** Warning: NUMERIC_STD.TO_INTEGER: metavalue detected, returning 0
#    Time: 9253410 ns  Iteration: 3  Instance: /tb/MyRiscv/Register_inst/rs2_mux
# ** Warning: NUMERIC_STD.TO_INTEGER: metavalue detected, returning 0
#    Time: 9253410 ns  Iteration: 3  Instance: /tb/MyRiscv/Register_inst/rs1_mux
# ** Warning: NUMERIC_STD.TO_INTEGER: metavalue detected, returning 0
#    Time: 9274110 ns  Iteration: 3  Instance: /tb/MyRiscv/Register_inst/rs2_mux
# ** Warning: NUMERIC_STD.TO_INTEGER: metavalue detected, returning 0
#    Time: 9274110 ns  Iteration: 3  Instance: /tb/MyRiscv/Register_inst/rs1_mux
# ** Warning: NUMERIC_STD.TO_INTEGER: metavalue detected, returning 0
#    Time: 9294810 ns  Iteration: 3  Instance: /tb/MyRiscv/Register_inst/rs2_mux
# ** Warning: NUMERIC_STD.TO_INTEGER: metavalue detected, returning 0
#    Time: 9294810 ns  Iteration: 3  Instance: /tb/MyRiscv/Register_inst/rs1_mux
# ** Warning: NUMERIC_STD.TO_INTEGER: metavalue detected, returning 0
#    Time: 9315510 ns  Iteration: 3  Instance: /tb/MyRiscv/Register_inst/rs2_mux
# ** Warning: NUMERIC_STD.TO_INTEGER: metavalue detected, returning 0
#    Time: 9315510 ns  Iteration: 3  Instance: /tb/MyRiscv/Register_inst/rs1_mux
# ** Warning: NUMERIC_STD.TO_INTEGER: metavalue detected, returning 0
#    Time: 9336210 ns  Iteration: 3  Instance: /tb/MyRiscv/Register_inst/rs2_mux
# ** Warning: NUMERIC_STD.TO_INTEGER: metavalue detected, returning 0
#    Time: 9336210 ns  Iteration: 3  Instance: /tb/MyRiscv/Register_inst/rs1_mux
# ** Warning: NUMERIC_STD.TO_INTEGER: metavalue detected, returning 0
#    Time: 9356910 ns  Iteration: 3  Instance: /tb/MyRiscv/Register_inst/rs2_mux
# ** Warning: NUMERIC_STD.TO_INTEGER: metavalue detected, returning 0
#    Time: 9356910 ns  Iteration: 3  Instance: /tb/MyRiscv/Register_inst/rs1_mux
# ** Warning: NUMERIC_STD.TO_INTEGER: metavalue detected, returning 0
#    Time: 9377610 ns  Iteration: 3  Instance: /tb/MyRiscv/Register_inst/rs2_mux
# ** Warning: NUMERIC_STD.TO_INTEGER: metavalue detected, returning 0
#    Time: 9377610 ns  Iteration: 3  Instance: /tb/MyRiscv/Register_inst/rs1_mux
# ** Warning: NUMERIC_STD.TO_INTEGER: metavalue detected, returning 0
#    Time: 9398310 ns  Iteration: 3  Instance: /tb/MyRiscv/Register_inst/rs2_mux
# ** Warning: NUMERIC_STD.TO_INTEGER: metavalue detected, returning 0
#    Time: 9398310 ns  Iteration: 3  Instance: /tb/MyRiscv/Register_inst/rs1_mux
# ** Warning: NUMERIC_STD.TO_INTEGER: metavalue detected, returning 0
#    Time: 9419010 ns  Iteration: 3  Instance: /tb/MyRiscv/Register_inst/rs2_mux
# ** Warning: NUMERIC_STD.TO_INTEGER: metavalue detected, returning 0
#    Time: 9419010 ns  Iteration: 3  Instance: /tb/MyRiscv/Register_inst/rs1_mux
# ** Warning: NUMERIC_STD.TO_INTEGER: metavalue detected, returning 0
#    Time: 9439710 ns  Iteration: 3  Instance: /tb/MyRiscv/Register_inst/rs2_mux
# ** Warning: NUMERIC_STD.TO_INTEGER: metavalue detected, returning 0
#    Time: 9439710 ns  Iteration: 3  Instance: /tb/MyRiscv/Register_inst/rs1_mux
# ** Warning: NUMERIC_STD.TO_INTEGER: metavalue detected, returning 0
#    Time: 9460410 ns  Iteration: 3  Instance: /tb/MyRiscv/Register_inst/rs2_mux
# ** Warning: NUMERIC_STD.TO_INTEGER: metavalue detected, returning 0
#    Time: 9460410 ns  Iteration: 3  Instance: /tb/MyRiscv/Register_inst/rs1_mux
# ** Warning: NUMERIC_STD.TO_INTEGER: metavalue detected, returning 0
#    Time: 9481110 ns  Iteration: 3  Instance: /tb/MyRiscv/Register_inst/rs2_mux
# ** Warning: NUMERIC_STD.TO_INTEGER: metavalue detected, returning 0
#    Time: 9481110 ns  Iteration: 3  Instance: /tb/MyRiscv/Register_inst/rs1_mux
# ** Warning: NUMERIC_STD.TO_INTEGER: metavalue detected, returning 0
#    Time: 9501810 ns  Iteration: 3  Instance: /tb/MyRiscv/Register_inst/rs2_mux
# ** Warning: NUMERIC_STD.TO_INTEGER: metavalue detected, returning 0
#    Time: 9501810 ns  Iteration: 3  Instance: /tb/MyRiscv/Register_inst/rs1_mux
# ** Warning: NUMERIC_STD.TO_INTEGER: metavalue detected, returning 0
#    Time: 9522510 ns  Iteration: 3  Instance: /tb/MyRiscv/Register_inst/rs2_mux
# ** Warning: NUMERIC_STD.TO_INTEGER: metavalue detected, returning 0
#    Time: 9522510 ns  Iteration: 3  Instance: /tb/MyRiscv/Register_inst/rs1_mux
# ** Warning: NUMERIC_STD.TO_INTEGER: metavalue detected, returning 0
#    Time: 9543210 ns  Iteration: 3  Instance: /tb/MyRiscv/Register_inst/rs2_mux
# ** Warning: NUMERIC_STD.TO_INTEGER: metavalue detected, returning 0
#    Time: 9543210 ns  Iteration: 3  Instance: /tb/MyRiscv/Register_inst/rs1_mux
# ** Warning: NUMERIC_STD.TO_INTEGER: metavalue detected, returning 0
#    Time: 9563910 ns  Iteration: 3  Instance: /tb/MyRiscv/Register_inst/rs2_mux
# ** Warning: NUMERIC_STD.TO_INTEGER: metavalue detected, returning 0
#    Time: 9563910 ns  Iteration: 3  Instance: /tb/MyRiscv/Register_inst/rs1_mux
# ** Warning: NUMERIC_STD.TO_INTEGER: metavalue detected, returning 0
#    Time: 9584610 ns  Iteration: 3  Instance: /tb/MyRiscv/Register_inst/rs2_mux
# ** Warning: NUMERIC_STD.TO_INTEGER: metavalue detected, returning 0
#    Time: 9584610 ns  Iteration: 3  Instance: /tb/MyRiscv/Register_inst/rs1_mux
# ** Warning: NUMERIC_STD.TO_INTEGER: metavalue detected, returning 0
#    Time: 9605310 ns  Iteration: 3  Instance: /tb/MyRiscv/Register_inst/rs2_mux
# ** Warning: NUMERIC_STD.TO_INTEGER: metavalue detected, returning 0
#    Time: 9605310 ns  Iteration: 3  Instance: /tb/MyRiscv/Register_inst/rs1_mux
# ** Warning: NUMERIC_STD.TO_INTEGER: metavalue detected, returning 0
#    Time: 9626010 ns  Iteration: 3  Instance: /tb/MyRiscv/Register_inst/rs2_mux
# ** Warning: NUMERIC_STD.TO_INTEGER: metavalue detected, returning 0
#    Time: 9626010 ns  Iteration: 3  Instance: /tb/MyRiscv/Register_inst/rs1_mux
# ** Warning: NUMERIC_STD.TO_INTEGER: metavalue detected, returning 0
#    Time: 9646710 ns  Iteration: 3  Instance: /tb/MyRiscv/Register_inst/rs2_mux
# ** Warning: NUMERIC_STD.TO_INTEGER: metavalue detected, returning 0
#    Time: 9646710 ns  Iteration: 3  Instance: /tb/MyRiscv/Register_inst/rs1_mux
# ** Warning: NUMERIC_STD.TO_INTEGER: metavalue detected, returning 0
#    Time: 9667410 ns  Iteration: 3  Instance: /tb/MyRiscv/Register_inst/rs2_mux
# ** Warning: NUMERIC_STD.TO_INTEGER: metavalue detected, returning 0
#    Time: 9667410 ns  Iteration: 3  Instance: /tb/MyRiscv/Register_inst/rs1_mux
# ** Warning: NUMERIC_STD.TO_INTEGER: metavalue detected, returning 0
#    Time: 9688110 ns  Iteration: 3  Instance: /tb/MyRiscv/Register_inst/rs2_mux
# ** Warning: NUMERIC_STD.TO_INTEGER: metavalue detected, returning 0
#    Time: 9688110 ns  Iteration: 3  Instance: /tb/MyRiscv/Register_inst/rs1_mux
# ** Warning: NUMERIC_STD.TO_INTEGER: metavalue detected, returning 0
#    Time: 9708810 ns  Iteration: 3  Instance: /tb/MyRiscv/Register_inst/rs2_mux
# ** Warning: NUMERIC_STD.TO_INTEGER: metavalue detected, returning 0
#    Time: 9708810 ns  Iteration: 3  Instance: /tb/MyRiscv/Register_inst/rs1_mux
# ** Warning: NUMERIC_STD.TO_INTEGER: metavalue detected, returning 0
#    Time: 9729510 ns  Iteration: 3  Instance: /tb/MyRiscv/Register_inst/rs2_mux
# ** Warning: NUMERIC_STD.TO_INTEGER: metavalue detected, returning 0
#    Time: 9729510 ns  Iteration: 3  Instance: /tb/MyRiscv/Register_inst/rs1_mux
# ** Warning: NUMERIC_STD.TO_INTEGER: metavalue detected, returning 0
#    Time: 9750210 ns  Iteration: 3  Instance: /tb/MyRiscv/Register_inst/rs2_mux
# ** Warning: NUMERIC_STD.TO_INTEGER: metavalue detected, returning 0
#    Time: 9750210 ns  Iteration: 3  Instance: /tb/MyRiscv/Register_inst/rs1_mux
# ** Warning: NUMERIC_STD.TO_INTEGER: metavalue detected, returning 0
#    Time: 9770910 ns  Iteration: 3  Instance: /tb/MyRiscv/Register_inst/rs2_mux
# ** Warning: NUMERIC_STD.TO_INTEGER: metavalue detected, returning 0
#    Time: 9770910 ns  Iteration: 3  Instance: /tb/MyRiscv/Register_inst/rs1_mux
# ** Warning: NUMERIC_STD.TO_INTEGER: metavalue detected, returning 0
#    Time: 9791610 ns  Iteration: 3  Instance: /tb/MyRiscv/Register_inst/rs2_mux
# ** Warning: NUMERIC_STD.TO_INTEGER: metavalue detected, returning 0
#    Time: 9791610 ns  Iteration: 3  Instance: /tb/MyRiscv/Register_inst/rs1_mux
# ** Warning: NUMERIC_STD.TO_INTEGER: metavalue detected, returning 0
#    Time: 9812310 ns  Iteration: 3  Instance: /tb/MyRiscv/Register_inst/rs2_mux
# ** Warning: NUMERIC_STD.TO_INTEGER: metavalue detected, returning 0
#    Time: 9812310 ns  Iteration: 3  Instance: /tb/MyRiscv/Register_inst/rs1_mux
# ** Warning: NUMERIC_STD.TO_INTEGER: metavalue detected, returning 0
#    Time: 9833010 ns  Iteration: 3  Instance: /tb/MyRiscv/Register_inst/rs2_mux
# ** Warning: NUMERIC_STD.TO_INTEGER: metavalue detected, returning 0
#    Time: 9833010 ns  Iteration: 3  Instance: /tb/MyRiscv/Register_inst/rs1_mux
# ** Warning: NUMERIC_STD.TO_INTEGER: metavalue detected, returning 0
#    Time: 9853710 ns  Iteration: 3  Instance: /tb/MyRiscv/Register_inst/rs2_mux
# ** Warning: NUMERIC_STD.TO_INTEGER: metavalue detected, returning 0
#    Time: 9853710 ns  Iteration: 3  Instance: /tb/MyRiscv/Register_inst/rs1_mux
# ** Warning: NUMERIC_STD.TO_INTEGER: metavalue detected, returning 0
#    Time: 9874410 ns  Iteration: 3  Instance: /tb/MyRiscv/Register_inst/rs2_mux
# ** Warning: NUMERIC_STD.TO_INTEGER: metavalue detected, returning 0
#    Time: 9874410 ns  Iteration: 3  Instance: /tb/MyRiscv/Register_inst/rs1_mux
# ** Warning: NUMERIC_STD.TO_INTEGER: metavalue detected, returning 0
#    Time: 9895110 ns  Iteration: 3  Instance: /tb/MyRiscv/Register_inst/rs2_mux
# ** Warning: NUMERIC_STD.TO_INTEGER: metavalue detected, returning 0
#    Time: 9895110 ns  Iteration: 3  Instance: /tb/MyRiscv/Register_inst/rs1_mux
# ** Warning: NUMERIC_STD.TO_INTEGER: metavalue detected, returning 0
#    Time: 9915810 ns  Iteration: 3  Instance: /tb/MyRiscv/Register_inst/rs2_mux
# ** Warning: NUMERIC_STD.TO_INTEGER: metavalue detected, returning 0
#    Time: 9915810 ns  Iteration: 3  Instance: /tb/MyRiscv/Register_inst/rs1_mux
# ** Warning: NUMERIC_STD.TO_INTEGER: metavalue detected, returning 0
#    Time: 9936510 ns  Iteration: 3  Instance: /tb/MyRiscv/Register_inst/rs2_mux
# ** Warning: NUMERIC_STD.TO_INTEGER: metavalue detected, returning 0
#    Time: 9936510 ns  Iteration: 3  Instance: /tb/MyRiscv/Register_inst/rs1_mux
# ** Warning: NUMERIC_STD.TO_INTEGER: metavalue detected, returning 0
#    Time: 9957210 ns  Iteration: 3  Instance: /tb/MyRiscv/Register_inst/rs2_mux
# ** Warning: NUMERIC_STD.TO_INTEGER: metavalue detected, returning 0
#    Time: 9957210 ns  Iteration: 3  Instance: /tb/MyRiscv/Register_inst/rs1_mux
# ** Warning: NUMERIC_STD.TO_INTEGER: metavalue detected, returning 0
#    Time: 9977910 ns  Iteration: 3  Instance: /tb/MyRiscv/Register_inst/rs2_mux
# ** Warning: NUMERIC_STD.TO_INTEGER: metavalue detected, returning 0
#    Time: 9977910 ns  Iteration: 3  Instance: /tb/MyRiscv/Register_inst/rs1_mux
# ** Warning: NUMERIC_STD.TO_INTEGER: metavalue detected, returning 0
#    Time: 9998610 ns  Iteration: 3  Instance: /tb/MyRiscv/Register_inst/rs2_mux
# ** Warning: NUMERIC_STD.TO_INTEGER: metavalue detected, returning 0
#    Time: 9998610 ns  Iteration: 3  Instance: /tb/MyRiscv/Register_inst/rs1_mux
# End time: 01:33:56 on Dec 09,2025, Elapsed time: 0:00:12
# Errors: 0, Warnings: 979
