Timing Analyzer report for toolflow
Tue Dec  9 17:47:11 2025
Quartus Prime Version 20.1.1 Build 720 11/11/2020 SJ Standard Edition


---------------------
; Table of Contents ;
---------------------
  1. Legal Notice
  2. Timing Analyzer Summary
  3. Parallel Compilation
  4. SDC File List
  5. Clocks
  6. Slow 1200mV 85C Model Fmax Summary
  7. Timing Closure Recommendations
  8. Slow 1200mV 85C Model Setup Summary
  9. Slow 1200mV 85C Model Hold Summary
 10. Slow 1200mV 85C Model Recovery Summary
 11. Slow 1200mV 85C Model Removal Summary
 12. Slow 1200mV 85C Model Minimum Pulse Width Summary
 13. Slow 1200mV 85C Model Setup: 'iCLK'
 14. Slow 1200mV 85C Model Hold: 'iCLK'
 15. Slow 1200mV 85C Model Metastability Summary
 16. Slow 1200mV 0C Model Fmax Summary
 17. Slow 1200mV 0C Model Setup Summary
 18. Slow 1200mV 0C Model Hold Summary
 19. Slow 1200mV 0C Model Recovery Summary
 20. Slow 1200mV 0C Model Removal Summary
 21. Slow 1200mV 0C Model Minimum Pulse Width Summary
 22. Slow 1200mV 0C Model Setup: 'iCLK'
 23. Slow 1200mV 0C Model Hold: 'iCLK'
 24. Slow 1200mV 0C Model Metastability Summary
 25. Fast 1200mV 0C Model Setup Summary
 26. Fast 1200mV 0C Model Hold Summary
 27. Fast 1200mV 0C Model Recovery Summary
 28. Fast 1200mV 0C Model Removal Summary
 29. Fast 1200mV 0C Model Minimum Pulse Width Summary
 30. Fast 1200mV 0C Model Setup: 'iCLK'
 31. Fast 1200mV 0C Model Hold: 'iCLK'
 32. Fast 1200mV 0C Model Metastability Summary
 33. Multicorner Timing Analysis Summary
 34. Board Trace Model Assignments
 35. Input Transition Times
 36. Signal Integrity Metrics (Slow 1200mv 0c Model)
 37. Signal Integrity Metrics (Slow 1200mv 85c Model)
 38. Signal Integrity Metrics (Fast 1200mv 0c Model)
 39. Setup Transfers
 40. Hold Transfers
 41. Report TCCS
 42. Report RSKM
 43. Unconstrained Paths Summary
 44. Clock Status Summary
 45. Unconstrained Input Ports
 46. Unconstrained Output Ports
 47. Unconstrained Input Ports
 48. Unconstrained Output Ports
 49. Timing Analyzer Messages



----------------
; Legal Notice ;
----------------
Copyright (C) 2020  Intel Corporation. All rights reserved.
Your use of Intel Corporation's design tools, logic functions 
and other software and tools, and any partner logic 
functions, and any output files from any of the foregoing 
(including device programming or simulation files), and any 
associated documentation or information are expressly subject 
to the terms and conditions of the Intel Program License 
Subscription Agreement, the Intel Quartus Prime License Agreement,
the Intel FPGA IP License Agreement, or other applicable license
agreement, including, without limitation, that your use is for
the sole purpose of programming logic devices manufactured by
Intel and sold by Intel or its authorized distributors.  Please
refer to the applicable agreement for further details, at
https://fpgasoftware.intel.com/eula.



+---------------------------------------------------------------------------------+
; Timing Analyzer Summary                                                         ;
+-----------------------+---------------------------------------------------------+
; Quartus Prime Version ; Version 20.1.1 Build 720 11/11/2020 SJ Standard Edition ;
; Timing Analyzer       ; Legacy Timing Analyzer                                  ;
; Revision Name         ; toolflow                                                ;
; Device Family         ; Cyclone IV E                                            ;
; Device Name           ; EP4CE115F29C7                                           ;
; Timing Models         ; Final                                                   ;
; Delay Model           ; Combined                                                ;
; Rise/Fall Delays      ; Enabled                                                 ;
+-----------------------+---------------------------------------------------------+


+------------------------------------------+
; Parallel Compilation                     ;
+----------------------------+-------------+
; Processors                 ; Number      ;
+----------------------------+-------------+
; Number detected on machine ; 20          ;
; Maximum allowed            ; 12          ;
;                            ;             ;
; Average used               ; 1.66        ;
; Maximum used               ; 12          ;
;                            ;             ;
; Usage by Processor         ; % Time Used ;
;     Processor 1            ; 100.0%      ;
;     Processor 2            ;  22.3%      ;
;     Processor 3            ;   9.0%      ;
;     Processor 4            ;   5.9%      ;
;     Processors 5-12        ;   3.6%      ;
+----------------------------+-------------+


+---------------------------------------------------+
; SDC File List                                     ;
+---------------+--------+--------------------------+
; SDC File Path ; Status ; Read at                  ;
+---------------+--------+--------------------------+
; toolflow.sdc  ; OK     ; Tue Dec  9 17:47:00 2025 ;
+---------------+--------+--------------------------+


+----------------------------------------------------------------------------------------------------------------------------------------------------------------------------------+
; Clocks                                                                                                                                                                           ;
+------------+------+--------+-----------+-------+--------+------------+-----------+-------------+-------+--------+-----------+------------+----------+--------+--------+----------+
; Clock Name ; Type ; Period ; Frequency ; Rise  ; Fall   ; Duty Cycle ; Divide by ; Multiply by ; Phase ; Offset ; Edge List ; Edge Shift ; Inverted ; Master ; Source ; Targets  ;
+------------+------+--------+-----------+-------+--------+------------+-----------+-------------+-------+--------+-----------+------------+----------+--------+--------+----------+
; iCLK       ; Base ; 20.000 ; 50.0 MHz  ; 0.000 ; 10.000 ;            ;           ;             ;       ;        ;           ;            ;          ;        ;        ; { iCLK } ;
+------------+------+--------+-----------+-------+--------+------------+-----------+-------------+-------+--------+-----------+------------+----------+--------+--------+----------+


+-------------------------------------------------+
; Slow 1200mV 85C Model Fmax Summary              ;
+-----------+-----------------+------------+------+
; Fmax      ; Restricted Fmax ; Clock Name ; Note ;
+-----------+-----------------+------------+------+
; 45.99 MHz ; 45.99 MHz       ; iCLK       ;      ;
+-----------+-----------------+------------+------+
This panel reports FMAX for every clock in the design, regardless of the user-specified clock periods.  FMAX is only computed for paths where the source and destination registers or ports are driven by the same clock.  Paths of different clocks, including generated clocks, are ignored.  For paths between a clock and its inversion, FMAX is computed as if the rising and falling edges are scaled along with FMAX, such that the duty cycle (in terms of a percentage) is maintained. Altera recommends that you always use clock constraints and other slack reports for sign-off analysis.


----------------------------------
; Timing Closure Recommendations ;
----------------------------------
HTML report is unavailable in plain text report export.


+-------------------------------------+
; Slow 1200mV 85C Model Setup Summary ;
+-------+--------+--------------------+
; Clock ; Slack  ; End Point TNS      ;
+-------+--------+--------------------+
; iCLK  ; -1.157 ; -7.686             ;
+-------+--------+--------------------+


+------------------------------------+
; Slow 1200mV 85C Model Hold Summary ;
+-------+-------+--------------------+
; Clock ; Slack ; End Point TNS      ;
+-------+-------+--------------------+
; iCLK  ; 0.350 ; 0.000              ;
+-------+-------+--------------------+


------------------------------------------
; Slow 1200mV 85C Model Recovery Summary ;
------------------------------------------
No paths to report.


-----------------------------------------
; Slow 1200mV 85C Model Removal Summary ;
-----------------------------------------
No paths to report.


+---------------------------------------------------+
; Slow 1200mV 85C Model Minimum Pulse Width Summary ;
+-------+-------+-----------------------------------+
; Clock ; Slack ; End Point TNS                     ;
+-------+-------+-----------------------------------+
; iCLK  ; 9.622 ; 0.000                             ;
+-------+-------+-----------------------------------+


+---------------------------------------------------------------------------------------------------------------------------------------------------------------------------------------------------------------------------------------------------------------------------------------------------------------------------------------------------------------------------+
; Slow 1200mV 85C Model Setup: 'iCLK'                                                                                                                                                                                                                                                                                                                                       ;
+--------+------------------------------------------------------------------------------------------------------------------------------------------+-------------------------------------------------------------------------------------------------------------------------------------------------+--------------+-------------+--------------+------------+------------+
; Slack  ; From Node                                                                                                                                ; To Node                                                                                                                                         ; Launch Clock ; Latch Clock ; Relationship ; Clock Skew ; Data Delay ;
+--------+------------------------------------------------------------------------------------------------------------------------------------------+-------------------------------------------------------------------------------------------------------------------------------------------------+--------------+-------------+--------------+------------+------------+
; -1.157 ; IDEXRegister:IDEXRegister_inst|PipelineRegister_Flush:IDEX_ALUControl_Register|PipelineRegister:PIPE|falling_dffg:\G_nbit_reg:0:MUXI|s_Q ; EXMEMRegister:EXMEMRegister_inst|PipelineRegister_Flush:EXMEM_PC_jump_adder_Register|PipelineRegister:PIPE|falling_dffg:\G_nbit_reg:31:MUXI|s_Q ; iCLK         ; iCLK        ; 20.000       ; -0.069     ; 21.086     ;
; -1.089 ; IDEXRegister:IDEXRegister_inst|PipelineRegister_Flush:IDEX_ALUControl_Register|PipelineRegister:PIPE|falling_dffg:\G_nbit_reg:3:MUXI|s_Q ; EXMEMRegister:EXMEMRegister_inst|PipelineRegister_Flush:EXMEM_PC_jump_adder_Register|PipelineRegister:PIPE|falling_dffg:\G_nbit_reg:31:MUXI|s_Q ; iCLK         ; iCLK        ; 20.000       ; -0.070     ; 21.017     ;
; -1.079 ; IDEXRegister:IDEXRegister_inst|PipelineRegister_Flush:IDEX_ALUControl_Register|PipelineRegister:PIPE|falling_dffg:\G_nbit_reg:2:MUXI|s_Q ; EXMEMRegister:EXMEMRegister_inst|PipelineRegister_Flush:EXMEM_PC_jump_adder_Register|PipelineRegister:PIPE|falling_dffg:\G_nbit_reg:31:MUXI|s_Q ; iCLK         ; iCLK        ; 20.000       ; -0.070     ; 21.007     ;
; -1.017 ; IDEXRegister:IDEXRegister_inst|PipelineRegister_Flush:IDEX_ALUControl_Register|PipelineRegister:PIPE|falling_dffg:\G_nbit_reg:1:MUXI|s_Q ; EXMEMRegister:EXMEMRegister_inst|PipelineRegister_Flush:EXMEM_PC_jump_adder_Register|PipelineRegister:PIPE|falling_dffg:\G_nbit_reg:31:MUXI|s_Q ; iCLK         ; iCLK        ; 20.000       ; -0.069     ; 20.946     ;
; -0.889 ; IDEXRegister:IDEXRegister_inst|PipelineRegister_Flush:IDEX_rs2_Register|PipelineRegister:PIPE|falling_dffg:\G_nbit_reg:0:MUXI|s_Q        ; EXMEMRegister:EXMEMRegister_inst|PipelineRegister_Flush:EXMEM_PC_jump_adder_Register|PipelineRegister:PIPE|falling_dffg:\G_nbit_reg:31:MUXI|s_Q ; iCLK         ; iCLK        ; 20.000       ; -0.069     ; 20.818     ;
; -0.871 ; PCRegister:PCCounter_inst|pc_dffg:\G_nbit_reg:9:MUXI|s_Q                                                                                 ; PipelineRegister_Flush:IFID_S_Inst_Register|PipelineRegister:PIPE|falling_dffg:\G_nbit_reg:19:MUXI|s_Q                                          ; iCLK         ; iCLK        ; 10.000       ; -0.017     ; 10.852     ;
; -0.767 ; PCRegister:PCCounter_inst|pc_dffg:\G_nbit_reg:2:MUXI|s_Q                                                                                 ; PipelineRegister_Flush:IFID_S_Inst_Register|PipelineRegister:PIPE|falling_dffg:\G_nbit_reg:22:MUXI|s_Q                                          ; iCLK         ; iCLK        ; 10.000       ; 0.029      ; 10.794     ;
; -0.672 ; IDEXRegister:IDEXRegister_inst|PipelineRegister_Flush:IDEX_rs1_Register|PipelineRegister:PIPE|falling_dffg:\G_nbit_reg:18:MUXI|s_Q       ; EXMEMRegister:EXMEMRegister_inst|PipelineRegister_Flush:EXMEM_PC_jump_adder_Register|PipelineRegister:PIPE|falling_dffg:\G_nbit_reg:31:MUXI|s_Q ; iCLK         ; iCLK        ; 20.000       ; -0.070     ; 20.600     ;
; -0.619 ; IDEXRegister:IDEXRegister_inst|PipelineRegister_Flush:IDEX_rs1_Register|PipelineRegister:PIPE|falling_dffg:\G_nbit_reg:26:MUXI|s_Q       ; EXMEMRegister:EXMEMRegister_inst|PipelineRegister_Flush:EXMEM_PC_jump_adder_Register|PipelineRegister:PIPE|falling_dffg:\G_nbit_reg:31:MUXI|s_Q ; iCLK         ; iCLK        ; 20.000       ; -0.070     ; 20.547     ;
; -0.589 ; IDEXRegister:IDEXRegister_inst|PipelineRegister_Flush:IDEX_ALUControl_Register|PipelineRegister:PIPE|falling_dffg:\G_nbit_reg:0:MUXI|s_Q ; EXMEMRegister:EXMEMRegister_inst|PipelineRegister_Flush:EXMEM_PC_jump_adder_Register|PipelineRegister:PIPE|falling_dffg:\G_nbit_reg:30:MUXI|s_Q ; iCLK         ; iCLK        ; 20.000       ; -0.070     ; 20.517     ;
; -0.580 ; PCRegister:PCCounter_inst|pc_dffg:\G_nbit_reg:3:MUXI|s_Q                                                                                 ; PipelineRegister_Flush:IFID_S_Inst_Register|PipelineRegister:PIPE|falling_dffg:\G_nbit_reg:22:MUXI|s_Q                                          ; iCLK         ; iCLK        ; 10.000       ; 0.029      ; 10.607     ;
; -0.526 ; PCRegister:PCCounter_inst|pc_dffg:\G_nbit_reg:9:MUXI|s_Q                                                                                 ; PipelineRegister_Flush:IFID_S_Inst_Register|PipelineRegister:PIPE|falling_dffg:\G_nbit_reg:23:MUXI|s_Q                                          ; iCLK         ; iCLK        ; 10.000       ; 0.002      ; 10.526     ;
; -0.524 ; IDEXRegister:IDEXRegister_inst|PipelineRegister_Flush:IDEX_immGen_Register|PipelineRegister:PIPE|falling_dffg:\G_nbit_reg:0:MUXI|s_Q     ; EXMEMRegister:EXMEMRegister_inst|PipelineRegister_Flush:EXMEM_PC_jump_adder_Register|PipelineRegister:PIPE|falling_dffg:\G_nbit_reg:31:MUXI|s_Q ; iCLK         ; iCLK        ; 20.000       ; -0.070     ; 20.452     ;
; -0.521 ; IDEXRegister:IDEXRegister_inst|PipelineRegister_Flush:IDEX_ALUControl_Register|PipelineRegister:PIPE|falling_dffg:\G_nbit_reg:3:MUXI|s_Q ; EXMEMRegister:EXMEMRegister_inst|PipelineRegister_Flush:EXMEM_PC_jump_adder_Register|PipelineRegister:PIPE|falling_dffg:\G_nbit_reg:30:MUXI|s_Q ; iCLK         ; iCLK        ; 20.000       ; -0.071     ; 20.448     ;
; -0.511 ; IDEXRegister:IDEXRegister_inst|PipelineRegister_Flush:IDEX_ALUControl_Register|PipelineRegister:PIPE|falling_dffg:\G_nbit_reg:2:MUXI|s_Q ; EXMEMRegister:EXMEMRegister_inst|PipelineRegister_Flush:EXMEM_PC_jump_adder_Register|PipelineRegister:PIPE|falling_dffg:\G_nbit_reg:30:MUXI|s_Q ; iCLK         ; iCLK        ; 20.000       ; -0.071     ; 20.438     ;
; -0.497 ; PCRegister:PCCounter_inst|pc_dffg:\G_nbit_reg:6:MUXI|s_Q                                                                                 ; PipelineRegister_Flush:IFID_S_Inst_Register|PipelineRegister:PIPE|falling_dffg:\G_nbit_reg:19:MUXI|s_Q                                          ; iCLK         ; iCLK        ; 10.000       ; -0.017     ; 10.478     ;
; -0.478 ; PCRegister:PCCounter_inst|pc_dffg:\G_nbit_reg:4:MUXI|s_Q                                                                                 ; PipelineRegister_Flush:IFID_S_Inst_Register|PipelineRegister:PIPE|falling_dffg:\G_nbit_reg:19:MUXI|s_Q                                          ; iCLK         ; iCLK        ; 10.000       ; 0.040      ; 10.516     ;
; -0.449 ; IDEXRegister:IDEXRegister_inst|PipelineRegister_Flush:IDEX_ALUControl_Register|PipelineRegister:PIPE|falling_dffg:\G_nbit_reg:1:MUXI|s_Q ; EXMEMRegister:EXMEMRegister_inst|PipelineRegister_Flush:EXMEM_PC_jump_adder_Register|PipelineRegister:PIPE|falling_dffg:\G_nbit_reg:30:MUXI|s_Q ; iCLK         ; iCLK        ; 20.000       ; -0.070     ; 20.377     ;
; -0.445 ; PCRegister:PCCounter_inst|pc_dffg:\G_nbit_reg:8:MUXI|s_Q                                                                                 ; PipelineRegister_Flush:IFID_S_Inst_Register|PipelineRegister:PIPE|falling_dffg:\G_nbit_reg:23:MUXI|s_Q                                          ; iCLK         ; iCLK        ; 10.000       ; 0.002      ; 10.445     ;
; -0.434 ; PCRegister:PCCounter_inst|pc_dffg:\G_nbit_reg:8:MUXI|s_Q                                                                                 ; PipelineRegister_Flush:IFID_S_Inst_Register|PipelineRegister:PIPE|falling_dffg:\G_nbit_reg:22:MUXI|s_Q                                          ; iCLK         ; iCLK        ; 10.000       ; -0.004     ; 10.428     ;
; -0.410 ; PCRegister:PCCounter_inst|pc_dffg:\G_nbit_reg:4:MUXI|s_Q                                                                                 ; PipelineRegister_Flush:IFID_S_Inst_Register|PipelineRegister:PIPE|falling_dffg:\G_nbit_reg:27:MUXI|s_Q                                          ; iCLK         ; iCLK        ; 10.000       ; 0.462      ; 10.870     ;
; -0.407 ; PCRegister:PCCounter_inst|pc_dffg:\G_nbit_reg:9:MUXI|s_Q                                                                                 ; PipelineRegister_Flush:IFID_S_Inst_Register|PipelineRegister:PIPE|falling_dffg:\G_nbit_reg:17:MUXI|s_Q                                          ; iCLK         ; iCLK        ; 10.000       ; 0.003      ; 10.408     ;
; -0.392 ; IDEXRegister:IDEXRegister_inst|PipelineRegister_Flush:IDEX_ALUControl_Register|PipelineRegister:PIPE|falling_dffg:\G_nbit_reg:0:MUXI|s_Q ; EXMEMRegister:EXMEMRegister_inst|PipelineRegister_Flush:EXMEM_PC_jump_adder_Register|PipelineRegister:PIPE|falling_dffg:\G_nbit_reg:29:MUXI|s_Q ; iCLK         ; iCLK        ; 20.000       ; -0.070     ; 20.320     ;
; -0.387 ; IDEXRegister:IDEXRegister_inst|PipelineRegister_Flush:IDEX_rs1_Register|PipelineRegister:PIPE|falling_dffg:\G_nbit_reg:20:MUXI|s_Q       ; EXMEMRegister:EXMEMRegister_inst|PipelineRegister_Flush:EXMEM_PC_jump_adder_Register|PipelineRegister:PIPE|falling_dffg:\G_nbit_reg:31:MUXI|s_Q ; iCLK         ; iCLK        ; 20.000       ; -0.069     ; 20.316     ;
; -0.383 ; PCRegister:PCCounter_inst|pc_dffg:\G_nbit_reg:3:MUXI|s_Q                                                                                 ; PipelineRegister_Flush:IFID_S_Inst_Register|PipelineRegister:PIPE|falling_dffg:\G_nbit_reg:19:MUXI|s_Q                                          ; iCLK         ; iCLK        ; 10.000       ; 0.040      ; 10.421     ;
; -0.382 ; IDEXRegister:IDEXRegister_inst|PipelineRegister_logic_Flush:IDEX_ALUSrc_Register|falling_dffg:DFF|s_Q                                    ; EXMEMRegister:EXMEMRegister_inst|PipelineRegister_Flush:EXMEM_PC_jump_adder_Register|PipelineRegister:PIPE|falling_dffg:\G_nbit_reg:31:MUXI|s_Q ; iCLK         ; iCLK        ; 20.000       ; -0.070     ; 20.310     ;
; -0.363 ; PCRegister:PCCounter_inst|pc_dffg:\G_nbit_reg:5:MUXI|s_Q                                                                                 ; PipelineRegister_Flush:IFID_S_Inst_Register|PipelineRegister:PIPE|falling_dffg:\G_nbit_reg:30:MUXI|s_Q                                          ; iCLK         ; iCLK        ; 10.000       ; 0.450      ; 10.811     ;
; -0.360 ; IDEXRegister:IDEXRegister_inst|PipelineRegister_Flush:IDEX_rs1_Register|PipelineRegister:PIPE|falling_dffg:\G_nbit_reg:28:MUXI|s_Q       ; EXMEMRegister:EXMEMRegister_inst|PipelineRegister_Flush:EXMEM_PC_jump_adder_Register|PipelineRegister:PIPE|falling_dffg:\G_nbit_reg:31:MUXI|s_Q ; iCLK         ; iCLK        ; 20.000       ; -0.097     ; 20.261     ;
; -0.358 ; PCRegister:PCCounter_inst|pc_dffg:\G_nbit_reg:2:MUXI|s_Q                                                                                 ; PipelineRegister_Flush:IFID_S_Inst_Register|PipelineRegister:PIPE|falling_dffg:\G_nbit_reg:17:MUXI|s_Q                                          ; iCLK         ; iCLK        ; 10.000       ; 0.036      ; 10.392     ;
; -0.355 ; PCRegister:PCCounter_inst|pc_dffg:\G_nbit_reg:8:MUXI|s_Q                                                                                 ; PipelineRegister_Flush:IFID_S_Inst_Register|PipelineRegister:PIPE|falling_dffg:\G_nbit_reg:19:MUXI|s_Q                                          ; iCLK         ; iCLK        ; 10.000       ; -0.017     ; 10.336     ;
; -0.354 ; PCRegister:PCCounter_inst|pc_dffg:\G_nbit_reg:5:MUXI|s_Q                                                                                 ; PipelineRegister_Flush:IFID_S_Inst_Register|PipelineRegister:PIPE|falling_dffg:\G_nbit_reg:10:MUXI|s_Q                                          ; iCLK         ; iCLK        ; 10.000       ; 0.450      ; 10.802     ;
; -0.342 ; PCRegister:PCCounter_inst|pc_dffg:\G_nbit_reg:9:MUXI|s_Q                                                                                 ; PipelineRegister_Flush:IFID_S_Inst_Register|PipelineRegister:PIPE|falling_dffg:\G_nbit_reg:22:MUXI|s_Q                                          ; iCLK         ; iCLK        ; 10.000       ; -0.004     ; 10.336     ;
; -0.330 ; IDEXRegister:IDEXRegister_inst|PipelineRegister_Flush:IDEX_rs1_Register|PipelineRegister:PIPE|falling_dffg:\G_nbit_reg:10:MUXI|s_Q       ; EXMEMRegister:EXMEMRegister_inst|PipelineRegister_Flush:EXMEM_PC_jump_adder_Register|PipelineRegister:PIPE|falling_dffg:\G_nbit_reg:31:MUXI|s_Q ; iCLK         ; iCLK        ; 20.000       ; -0.086     ; 20.242     ;
; -0.324 ; IDEXRegister:IDEXRegister_inst|PipelineRegister_Flush:IDEX_ALUControl_Register|PipelineRegister:PIPE|falling_dffg:\G_nbit_reg:3:MUXI|s_Q ; EXMEMRegister:EXMEMRegister_inst|PipelineRegister_Flush:EXMEM_PC_jump_adder_Register|PipelineRegister:PIPE|falling_dffg:\G_nbit_reg:29:MUXI|s_Q ; iCLK         ; iCLK        ; 20.000       ; -0.071     ; 20.251     ;
; -0.322 ; PCRegister:PCCounter_inst|pc_dffg:\G_nbit_reg:7:MUXI|s_Q                                                                                 ; PipelineRegister_Flush:IFID_S_Inst_Register|PipelineRegister:PIPE|falling_dffg:\G_nbit_reg:19:MUXI|s_Q                                          ; iCLK         ; iCLK        ; 10.000       ; -0.017     ; 10.303     ;
; -0.321 ; IDEXRegister:IDEXRegister_inst|PipelineRegister_Flush:IDEX_rs2_Register|PipelineRegister:PIPE|falling_dffg:\G_nbit_reg:0:MUXI|s_Q        ; EXMEMRegister:EXMEMRegister_inst|PipelineRegister_Flush:EXMEM_PC_jump_adder_Register|PipelineRegister:PIPE|falling_dffg:\G_nbit_reg:30:MUXI|s_Q ; iCLK         ; iCLK        ; 20.000       ; -0.070     ; 20.249     ;
; -0.315 ; PCRegister:PCCounter_inst|pc_dffg:\G_nbit_reg:4:MUXI|s_Q                                                                                 ; PipelineRegister_Flush:IFID_S_Inst_Register|PipelineRegister:PIPE|falling_dffg:\G_nbit_reg:17:MUXI|s_Q                                          ; iCLK         ; iCLK        ; 10.000       ; 0.036      ; 10.349     ;
; -0.314 ; IDEXRegister:IDEXRegister_inst|PipelineRegister_Flush:IDEX_ALUControl_Register|PipelineRegister:PIPE|falling_dffg:\G_nbit_reg:2:MUXI|s_Q ; EXMEMRegister:EXMEMRegister_inst|PipelineRegister_Flush:EXMEM_PC_jump_adder_Register|PipelineRegister:PIPE|falling_dffg:\G_nbit_reg:29:MUXI|s_Q ; iCLK         ; iCLK        ; 20.000       ; -0.071     ; 20.241     ;
; -0.307 ; PCRegister:PCCounter_inst|pc_dffg:\G_nbit_reg:2:MUXI|s_Q                                                                                 ; PipelineRegister_Flush:IFID_S_Inst_Register|PipelineRegister:PIPE|falling_dffg:\G_nbit_reg:19:MUXI|s_Q                                          ; iCLK         ; iCLK        ; 10.000       ; 0.040      ; 10.345     ;
; -0.302 ; PCRegister:PCCounter_inst|pc_dffg:\G_nbit_reg:6:MUXI|s_Q                                                                                 ; PipelineRegister_Flush:IFID_S_Inst_Register|PipelineRegister:PIPE|falling_dffg:\G_nbit_reg:12:MUXI|s_Q                                          ; iCLK         ; iCLK        ; 10.000       ; 0.395      ; 10.695     ;
; -0.299 ; PCRegister:PCCounter_inst|pc_dffg:\G_nbit_reg:6:MUXI|s_Q                                                                                 ; PipelineRegister_Flush:IFID_S_Inst_Register|PipelineRegister:PIPE|falling_dffg:\G_nbit_reg:23:MUXI|s_Q                                          ; iCLK         ; iCLK        ; 10.000       ; 0.002      ; 10.299     ;
; -0.299 ; PCRegister:PCCounter_inst|pc_dffg:\G_nbit_reg:3:MUXI|s_Q                                                                                 ; PipelineRegister_Flush:IFID_S_Inst_Register|PipelineRegister:PIPE|falling_dffg:\G_nbit_reg:17:MUXI|s_Q                                          ; iCLK         ; iCLK        ; 10.000       ; 0.036      ; 10.333     ;
; -0.288 ; PCRegister:PCCounter_inst|pc_dffg:\G_nbit_reg:4:MUXI|s_Q                                                                                 ; PipelineRegister_Flush:IFID_S_Inst_Register|PipelineRegister:PIPE|falling_dffg:\G_nbit_reg:22:MUXI|s_Q                                          ; iCLK         ; iCLK        ; 10.000       ; 0.029      ; 10.315     ;
; -0.282 ; PCRegister:PCCounter_inst|pc_dffg:\G_nbit_reg:8:MUXI|s_Q                                                                                 ; PipelineRegister_Flush:IFID_S_Inst_Register|PipelineRegister:PIPE|falling_dffg:\G_nbit_reg:20:MUXI|s_Q                                          ; iCLK         ; iCLK        ; 10.000       ; 0.429      ; 10.709     ;
; -0.271 ; IDEXRegister:IDEXRegister_inst|PipelineRegister_Flush:IDEX_immGen_Register|PipelineRegister:PIPE|falling_dffg:\G_nbit_reg:1:MUXI|s_Q     ; EXMEMRegister:EXMEMRegister_inst|PipelineRegister_Flush:EXMEM_PC_jump_adder_Register|PipelineRegister:PIPE|falling_dffg:\G_nbit_reg:31:MUXI|s_Q ; iCLK         ; iCLK        ; 20.000       ; -0.068     ; 20.201     ;
; -0.270 ; PCRegister:PCCounter_inst|pc_dffg:\G_nbit_reg:5:MUXI|s_Q                                                                                 ; PipelineRegister_Flush:IFID_S_Inst_Register|PipelineRegister:PIPE|falling_dffg:\G_nbit_reg:19:MUXI|s_Q                                          ; iCLK         ; iCLK        ; 10.000       ; 0.040      ; 10.308     ;
; -0.267 ; PCRegister:PCCounter_inst|pc_dffg:\G_nbit_reg:7:MUXI|s_Q                                                                                 ; PipelineRegister_Flush:IFID_S_Inst_Register|PipelineRegister:PIPE|falling_dffg:\G_nbit_reg:23:MUXI|s_Q                                          ; iCLK         ; iCLK        ; 10.000       ; 0.002      ; 10.267     ;
; -0.252 ; IDEXRegister:IDEXRegister_inst|PipelineRegister_Flush:IDEX_ALUControl_Register|PipelineRegister:PIPE|falling_dffg:\G_nbit_reg:1:MUXI|s_Q ; EXMEMRegister:EXMEMRegister_inst|PipelineRegister_Flush:EXMEM_PC_jump_adder_Register|PipelineRegister:PIPE|falling_dffg:\G_nbit_reg:29:MUXI|s_Q ; iCLK         ; iCLK        ; 20.000       ; -0.070     ; 20.180     ;
; -0.237 ; PCRegister:PCCounter_inst|pc_dffg:\G_nbit_reg:2:MUXI|s_Q                                                                                 ; PipelineRegister_Flush:IFID_S_Inst_Register|PipelineRegister:PIPE|falling_dffg:\G_nbit_reg:1:MUXI|s_Q                                           ; iCLK         ; iCLK        ; 10.000       ; 0.441      ; 10.676     ;
; -0.233 ; PCRegister:PCCounter_inst|pc_dffg:\G_nbit_reg:4:MUXI|s_Q                                                                                 ; PipelineRegister_Flush:IFID_S_Inst_Register|PipelineRegister:PIPE|falling_dffg:\G_nbit_reg:4:MUXI|s_Q                                           ; iCLK         ; iCLK        ; 10.000       ; 0.450      ; 10.681     ;
; -0.208 ; PCRegister:PCCounter_inst|pc_dffg:\G_nbit_reg:5:MUXI|s_Q                                                                                 ; PipelineRegister_Flush:IFID_S_Inst_Register|PipelineRegister:PIPE|falling_dffg:\G_nbit_reg:17:MUXI|s_Q                                          ; iCLK         ; iCLK        ; 10.000       ; 0.036      ; 10.242     ;
; -0.179 ; PCRegister:PCCounter_inst|pc_dffg:\G_nbit_reg:5:MUXI|s_Q                                                                                 ; PipelineRegister_Flush:IFID_S_Inst_Register|PipelineRegister:PIPE|falling_dffg:\G_nbit_reg:27:MUXI|s_Q                                          ; iCLK         ; iCLK        ; 10.000       ; 0.462      ; 10.639     ;
; -0.176 ; IDEXRegister:IDEXRegister_inst|PipelineRegister_Flush:IDEX_rs2_Register|PipelineRegister:PIPE|falling_dffg:\G_nbit_reg:2:MUXI|s_Q        ; EXMEMRegister:EXMEMRegister_inst|PipelineRegister_Flush:EXMEM_PC_jump_adder_Register|PipelineRegister:PIPE|falling_dffg:\G_nbit_reg:31:MUXI|s_Q ; iCLK         ; iCLK        ; 20.000       ; -0.531     ; 19.643     ;
; -0.160 ; PCRegister:PCCounter_inst|pc_dffg:\G_nbit_reg:9:MUXI|s_Q                                                                                 ; PipelineRegister_Flush:IFID_S_Inst_Register|PipelineRegister:PIPE|falling_dffg:\G_nbit_reg:7:MUXI|s_Q                                           ; iCLK         ; iCLK        ; 10.000       ; 0.429      ; 10.587     ;
; -0.152 ; PCRegister:PCCounter_inst|pc_dffg:\G_nbit_reg:4:MUXI|s_Q                                                                                 ; PipelineRegister_Flush:IFID_S_Inst_Register|PipelineRegister:PIPE|falling_dffg:\G_nbit_reg:7:MUXI|s_Q                                           ; iCLK         ; iCLK        ; 10.000       ; 0.462      ; 10.612     ;
; -0.150 ; IDEXRegister:IDEXRegister_inst|PipelineRegister_Flush:IDEX_rs1_Register|PipelineRegister:PIPE|falling_dffg:\G_nbit_reg:6:MUXI|s_Q        ; EXMEMRegister:EXMEMRegister_inst|PipelineRegister_Flush:EXMEM_PC_jump_adder_Register|PipelineRegister:PIPE|falling_dffg:\G_nbit_reg:31:MUXI|s_Q ; iCLK         ; iCLK        ; 20.000       ; -0.098     ; 20.050     ;
; -0.147 ; PCRegister:PCCounter_inst|pc_dffg:\G_nbit_reg:8:MUXI|s_Q                                                                                 ; PipelineRegister_Flush:IFID_S_Inst_Register|PipelineRegister:PIPE|falling_dffg:\G_nbit_reg:6:MUXI|s_Q                                           ; iCLK         ; iCLK        ; 10.000       ; 0.432      ; 10.577     ;
; -0.137 ; PCRegister:PCCounter_inst|pc_dffg:\G_nbit_reg:8:MUXI|s_Q                                                                                 ; PipelineRegister_Flush:IFID_S_Inst_Register|PipelineRegister:PIPE|falling_dffg:\G_nbit_reg:12:MUXI|s_Q                                          ; iCLK         ; iCLK        ; 10.000       ; 0.395      ; 10.530     ;
; -0.137 ; PCRegister:PCCounter_inst|pc_dffg:\G_nbit_reg:9:MUXI|s_Q                                                                                 ; PipelineRegister_Flush:IFID_S_Inst_Register|PipelineRegister:PIPE|falling_dffg:\G_nbit_reg:20:MUXI|s_Q                                          ; iCLK         ; iCLK        ; 10.000       ; 0.429      ; 10.564     ;
; -0.136 ; PCRegister:PCCounter_inst|pc_dffg:\G_nbit_reg:8:MUXI|s_Q                                                                                 ; PipelineRegister_Flush:IFID_S_Inst_Register|PipelineRegister:PIPE|falling_dffg:\G_nbit_reg:17:MUXI|s_Q                                          ; iCLK         ; iCLK        ; 10.000       ; 0.003      ; 10.137     ;
; -0.134 ; IDEXRegister:IDEXRegister_inst|PipelineRegister_Flush:IDEX_rs1_Register|PipelineRegister:PIPE|falling_dffg:\G_nbit_reg:19:MUXI|s_Q       ; EXMEMRegister:EXMEMRegister_inst|PipelineRegister_Flush:EXMEM_PC_jump_adder_Register|PipelineRegister:PIPE|falling_dffg:\G_nbit_reg:31:MUXI|s_Q ; iCLK         ; iCLK        ; 20.000       ; -0.070     ; 20.062     ;
; -0.127 ; PCRegister:PCCounter_inst|pc_dffg:\G_nbit_reg:9:MUXI|s_Q                                                                                 ; PipelineRegister_Flush:IFID_S_Inst_Register|PipelineRegister:PIPE|falling_dffg:\G_nbit_reg:12:MUXI|s_Q                                          ; iCLK         ; iCLK        ; 10.000       ; 0.395      ; 10.520     ;
; -0.124 ; IDEXRegister:IDEXRegister_inst|PipelineRegister_Flush:IDEX_rs2_Register|PipelineRegister:PIPE|falling_dffg:\G_nbit_reg:0:MUXI|s_Q        ; EXMEMRegister:EXMEMRegister_inst|PipelineRegister_Flush:EXMEM_PC_jump_adder_Register|PipelineRegister:PIPE|falling_dffg:\G_nbit_reg:29:MUXI|s_Q ; iCLK         ; iCLK        ; 20.000       ; -0.070     ; 20.052     ;
; -0.121 ; PCRegister:PCCounter_inst|pc_dffg:\G_nbit_reg:7:MUXI|s_Q                                                                                 ; PipelineRegister_Flush:IFID_S_Inst_Register|PipelineRegister:PIPE|falling_dffg:\G_nbit_reg:12:MUXI|s_Q                                          ; iCLK         ; iCLK        ; 10.000       ; 0.395      ; 10.514     ;
; -0.118 ; PCRegister:PCCounter_inst|pc_dffg:\G_nbit_reg:9:MUXI|s_Q                                                                                 ; PipelineRegister_Flush:IFID_S_Inst_Register|PipelineRegister:PIPE|falling_dffg:\G_nbit_reg:3:MUXI|s_Q                                           ; iCLK         ; iCLK        ; 10.000       ; 0.432      ; 10.548     ;
; -0.109 ; PCRegister:PCCounter_inst|pc_dffg:\G_nbit_reg:8:MUXI|s_Q                                                                                 ; PipelineRegister_Flush:IFID_S_Inst_Register|PipelineRegister:PIPE|falling_dffg:\G_nbit_reg:14:MUXI|s_Q                                          ; iCLK         ; iCLK        ; 10.000       ; 0.395      ; 10.502     ;
; -0.105 ; PCRegister:PCCounter_inst|pc_dffg:\G_nbit_reg:5:MUXI|s_Q                                                                                 ; PipelineRegister_Flush:IFID_S_Inst_Register|PipelineRegister:PIPE|falling_dffg:\G_nbit_reg:22:MUXI|s_Q                                          ; iCLK         ; iCLK        ; 10.000       ; 0.029      ; 10.132     ;
; -0.104 ; IDEXRegister:IDEXRegister_inst|PipelineRegister_Flush:IDEX_rs1_Register|PipelineRegister:PIPE|falling_dffg:\G_nbit_reg:18:MUXI|s_Q       ; EXMEMRegister:EXMEMRegister_inst|PipelineRegister_Flush:EXMEM_PC_jump_adder_Register|PipelineRegister:PIPE|falling_dffg:\G_nbit_reg:30:MUXI|s_Q ; iCLK         ; iCLK        ; 20.000       ; -0.071     ; 20.031     ;
; -0.099 ; PCRegister:PCCounter_inst|pc_dffg:\G_nbit_reg:7:MUXI|s_Q                                                                                 ; PipelineRegister_Flush:IFID_S_Inst_Register|PipelineRegister:PIPE|falling_dffg:\G_nbit_reg:2:MUXI|s_Q                                           ; iCLK         ; iCLK        ; 10.000       ; 0.432      ; 10.529     ;
; -0.099 ; PCRegister:PCCounter_inst|pc_dffg:\G_nbit_reg:4:MUXI|s_Q                                                                                 ; PipelineRegister_Flush:IFID_S_Inst_Register|PipelineRegister:PIPE|falling_dffg:\G_nbit_reg:10:MUXI|s_Q                                          ; iCLK         ; iCLK        ; 10.000       ; 0.450      ; 10.547     ;
; -0.098 ; PCRegister:PCCounter_inst|pc_dffg:\G_nbit_reg:8:MUXI|s_Q                                                                                 ; PipelineRegister_Flush:IFID_S_Inst_Register|PipelineRegister:PIPE|falling_dffg:\G_nbit_reg:1:MUXI|s_Q                                           ; iCLK         ; iCLK        ; 10.000       ; 0.432      ; 10.528     ;
; -0.095 ; PCRegister:PCCounter_inst|pc_dffg:\G_nbit_reg:7:MUXI|s_Q                                                                                 ; PipelineRegister_Flush:IFID_S_Inst_Register|PipelineRegister:PIPE|falling_dffg:\G_nbit_reg:8:MUXI|s_Q                                           ; iCLK         ; iCLK        ; 10.000       ; 0.432      ; 10.525     ;
; -0.095 ; PCRegister:PCCounter_inst|pc_dffg:\G_nbit_reg:5:MUXI|s_Q                                                                                 ; PipelineRegister_Flush:IFID_S_Inst_Register|PipelineRegister:PIPE|falling_dffg:\G_nbit_reg:8:MUXI|s_Q                                           ; iCLK         ; iCLK        ; 10.000       ; 0.441      ; 10.534     ;
; -0.091 ; PCRegister:PCCounter_inst|pc_dffg:\G_nbit_reg:5:MUXI|s_Q                                                                                 ; PipelineRegister_Flush:IFID_S_Inst_Register|PipelineRegister:PIPE|falling_dffg:\G_nbit_reg:20:MUXI|s_Q                                          ; iCLK         ; iCLK        ; 10.000       ; 0.462      ; 10.551     ;
; -0.084 ; IDEXRegister:IDEXRegister_inst|PipelineRegister_Flush:IDEX_rs1_Register|PipelineRegister:PIPE|falling_dffg:\G_nbit_reg:22:MUXI|s_Q       ; EXMEMRegister:EXMEMRegister_inst|PipelineRegister_Flush:EXMEM_PC_jump_adder_Register|PipelineRegister:PIPE|falling_dffg:\G_nbit_reg:31:MUXI|s_Q ; iCLK         ; iCLK        ; 20.000       ; -0.070     ; 20.012     ;
; -0.070 ; PCRegister:PCCounter_inst|pc_dffg:\G_nbit_reg:8:MUXI|s_Q                                                                                 ; PipelineRegister_Flush:IFID_S_Inst_Register|PipelineRegister:PIPE|falling_dffg:\G_nbit_reg:3:MUXI|s_Q                                           ; iCLK         ; iCLK        ; 10.000       ; 0.432      ; 10.500     ;
; -0.064 ; PCRegister:PCCounter_inst|pc_dffg:\G_nbit_reg:3:MUXI|s_Q                                                                                 ; PipelineRegister_Flush:IFID_S_Inst_Register|PipelineRegister:PIPE|falling_dffg:\G_nbit_reg:4:MUXI|s_Q                                           ; iCLK         ; iCLK        ; 10.000       ; 0.450      ; 10.512     ;
; -0.062 ; PCRegister:PCCounter_inst|pc_dffg:\G_nbit_reg:7:MUXI|s_Q                                                                                 ; PipelineRegister_Flush:IFID_S_Inst_Register|PipelineRegister:PIPE|falling_dffg:\G_nbit_reg:22:MUXI|s_Q                                          ; iCLK         ; iCLK        ; 10.000       ; -0.004     ; 10.056     ;
; -0.057 ; PCRegister:PCCounter_inst|pc_dffg:\G_nbit_reg:7:MUXI|s_Q                                                                                 ; PipelineRegister_Flush:IFID_S_Inst_Register|PipelineRegister:PIPE|falling_dffg:\G_nbit_reg:1:MUXI|s_Q                                           ; iCLK         ; iCLK        ; 10.000       ; 0.432      ; 10.487     ;
; -0.048 ; PCRegister:PCCounter_inst|pc_dffg:\G_nbit_reg:3:MUXI|s_Q                                                                                 ; PipelineRegister_Flush:IFID_S_Inst_Register|PipelineRegister:PIPE|falling_dffg:\G_nbit_reg:20:MUXI|s_Q                                          ; iCLK         ; iCLK        ; 10.000       ; 0.462      ; 10.508     ;
; -0.043 ; PCRegister:PCCounter_inst|pc_dffg:\G_nbit_reg:3:MUXI|s_Q                                                                                 ; PipelineRegister_Flush:IFID_S_Inst_Register|PipelineRegister:PIPE|falling_dffg:\G_nbit_reg:18:MUXI|s_Q                                          ; iCLK         ; iCLK        ; 10.000       ; 0.450      ; 10.491     ;
; -0.043 ; PCRegister:PCCounter_inst|pc_dffg:\G_nbit_reg:3:MUXI|s_Q                                                                                 ; PipelineRegister_Flush:IFID_S_Inst_Register|PipelineRegister:PIPE|falling_dffg:\G_nbit_reg:3:MUXI|s_Q                                           ; iCLK         ; iCLK        ; 10.000       ; 0.441      ; 10.482     ;
; -0.037 ; PCRegister:PCCounter_inst|pc_dffg:\G_nbit_reg:2:MUXI|s_Q                                                                                 ; PipelineRegister_Flush:IFID_S_Inst_Register|PipelineRegister:PIPE|falling_dffg:\G_nbit_reg:18:MUXI|s_Q                                          ; iCLK         ; iCLK        ; 10.000       ; 0.450      ; 10.485     ;
; -0.032 ; PCRegister:PCCounter_inst|pc_dffg:\G_nbit_reg:7:MUXI|s_Q                                                                                 ; PipelineRegister_Flush:IFID_S_Inst_Register|PipelineRegister:PIPE|falling_dffg:\G_nbit_reg:17:MUXI|s_Q                                          ; iCLK         ; iCLK        ; 10.000       ; 0.003      ; 10.033     ;
; -0.031 ; PCRegister:PCCounter_inst|pc_dffg:\G_nbit_reg:6:MUXI|s_Q                                                                                 ; PipelineRegister_Flush:IFID_S_Inst_Register|PipelineRegister:PIPE|falling_dffg:\G_nbit_reg:2:MUXI|s_Q                                           ; iCLK         ; iCLK        ; 10.000       ; 0.432      ; 10.461     ;
; -0.028 ; PCRegister:PCCounter_inst|pc_dffg:\G_nbit_reg:4:MUXI|s_Q                                                                                 ; PipelineRegister_Flush:IFID_S_Inst_Register|PipelineRegister:PIPE|falling_dffg:\G_nbit_reg:20:MUXI|s_Q                                          ; iCLK         ; iCLK        ; 10.000       ; 0.462      ; 10.488     ;
; -0.027 ; IDEXRegister:IDEXRegister_inst|PipelineRegister_Flush:IDEX_rs1_Register|PipelineRegister:PIPE|falling_dffg:\G_nbit_reg:26:MUXI|s_Q       ; EXMEMRegister:EXMEMRegister_inst|PipelineRegister_Flush:EXMEM_PC_jump_adder_Register|PipelineRegister:PIPE|falling_dffg:\G_nbit_reg:30:MUXI|s_Q ; iCLK         ; iCLK        ; 20.000       ; -0.071     ; 19.954     ;
; -0.025 ; PCRegister:PCCounter_inst|pc_dffg:\G_nbit_reg:2:MUXI|s_Q                                                                                 ; PipelineRegister_Flush:IFID_S_Inst_Register|PipelineRegister:PIPE|falling_dffg:\G_nbit_reg:16:MUXI|s_Q                                          ; iCLK         ; iCLK        ; 10.000       ; 0.449      ; 10.472     ;
; -0.024 ; PCRegister:PCCounter_inst|pc_dffg:\G_nbit_reg:9:MUXI|s_Q                                                                                 ; PipelineRegister_Flush:IFID_S_Inst_Register|PipelineRegister:PIPE|falling_dffg:\G_nbit_reg:6:MUXI|s_Q                                           ; iCLK         ; iCLK        ; 10.000       ; 0.432      ; 10.454     ;
; -0.024 ; PCRegister:PCCounter_inst|pc_dffg:\G_nbit_reg:2:MUXI|s_Q                                                                                 ; PipelineRegister_Flush:IFID_S_Inst_Register|PipelineRegister:PIPE|falling_dffg:\G_nbit_reg:20:MUXI|s_Q                                          ; iCLK         ; iCLK        ; 10.000       ; 0.462      ; 10.484     ;
; -0.009 ; IDEXRegister:IDEXRegister_inst|PipelineRegister_Flush:IDEX_rs2_Register|PipelineRegister:PIPE|falling_dffg:\G_nbit_reg:1:MUXI|s_Q        ; EXMEMRegister:EXMEMRegister_inst|PipelineRegister_Flush:EXMEM_PC_jump_adder_Register|PipelineRegister:PIPE|falling_dffg:\G_nbit_reg:31:MUXI|s_Q ; iCLK         ; iCLK        ; 20.000       ; -0.068     ; 19.939     ;
; -0.007 ; PCRegister:PCCounter_inst|pc_dffg:\G_nbit_reg:3:MUXI|s_Q                                                                                 ; PipelineRegister_Flush:IFID_S_Inst_Register|PipelineRegister:PIPE|falling_dffg:\G_nbit_reg:1:MUXI|s_Q                                           ; iCLK         ; iCLK        ; 10.000       ; 0.441      ; 10.446     ;
; 0.000  ; PCRegister:PCCounter_inst|pc_dffg:\G_nbit_reg:4:MUXI|s_Q                                                                                 ; PipelineRegister_Flush:IFID_S_Inst_Register|PipelineRegister:PIPE|falling_dffg:\G_nbit_reg:15:MUXI|s_Q                                          ; iCLK         ; iCLK        ; 10.000       ; 0.476      ; 10.474     ;
; 0.001  ; IDEXRegister:IDEXRegister_inst|PipelineRegister_Flush:IDEX_rs1_Register|PipelineRegister:PIPE|falling_dffg:\G_nbit_reg:27:MUXI|s_Q       ; EXMEMRegister:EXMEMRegister_inst|PipelineRegister_Flush:EXMEM_PC_jump_adder_Register|PipelineRegister:PIPE|falling_dffg:\G_nbit_reg:31:MUXI|s_Q ; iCLK         ; iCLK        ; 20.000       ; -0.087     ; 19.910     ;
; 0.010  ; PCRegister:PCCounter_inst|pc_dffg:\G_nbit_reg:5:MUXI|s_Q                                                                                 ; PipelineRegister_Flush:IFID_S_Inst_Register|PipelineRegister:PIPE|falling_dffg:\G_nbit_reg:23:MUXI|s_Q                                          ; iCLK         ; iCLK        ; 10.000       ; 0.035      ; 10.023     ;
; 0.016  ; PCRegister:PCCounter_inst|pc_dffg:\G_nbit_reg:8:MUXI|s_Q                                                                                 ; PipelineRegister_Flush:IFID_S_Inst_Register|PipelineRegister:PIPE|falling_dffg:\G_nbit_reg:5:MUXI|s_Q                                           ; iCLK         ; iCLK        ; 10.000       ; 0.406      ; 10.388     ;
; 0.016  ; PCRegister:PCCounter_inst|pc_dffg:\G_nbit_reg:4:MUXI|s_Q                                                                                 ; PipelineRegister_Flush:IFID_S_Inst_Register|PipelineRegister:PIPE|falling_dffg:\G_nbit_reg:13:MUXI|s_Q                                          ; iCLK         ; iCLK        ; 10.000       ; 0.452      ; 10.434     ;
; 0.017  ; IDEXRegister:IDEXRegister_inst|PipelineRegister_Flush:IDEX_rs1_Register|PipelineRegister:PIPE|falling_dffg:\G_nbit_reg:8:MUXI|s_Q        ; EXMEMRegister:EXMEMRegister_inst|PipelineRegister_Flush:EXMEM_PC_jump_adder_Register|PipelineRegister:PIPE|falling_dffg:\G_nbit_reg:31:MUXI|s_Q ; iCLK         ; iCLK        ; 20.000       ; -0.069     ; 19.912     ;
; 0.021  ; PCRegister:PCCounter_inst|pc_dffg:\G_nbit_reg:4:MUXI|s_Q                                                                                 ; PipelineRegister_Flush:IFID_S_Inst_Register|PipelineRegister:PIPE|falling_dffg:\G_nbit_reg:12:MUXI|s_Q                                          ; iCLK         ; iCLK        ; 10.000       ; 0.452      ; 10.429     ;
; 0.021  ; PCRegister:PCCounter_inst|pc_dffg:\G_nbit_reg:3:MUXI|s_Q                                                                                 ; PipelineRegister_Flush:IFID_S_Inst_Register|PipelineRegister:PIPE|falling_dffg:\G_nbit_reg:28:MUXI|s_Q                                          ; iCLK         ; iCLK        ; 10.000       ; 0.439      ; 10.416     ;
+--------+------------------------------------------------------------------------------------------------------------------------------------------+-------------------------------------------------------------------------------------------------------------------------------------------------+--------------+-------------+--------------+------------+------------+


+---------------------------------------------------------------------------------------------------------------------------------------------------------------------------------------------------------------------------------------------------------------------------------------------------------------------------------------------------------------------------------+
; Slow 1200mV 85C Model Hold: 'iCLK'                                                                                                                                                                                                                                                                                                                                              ;
+-------+-------------------------------------------------------------------------------------------------------------------------------------------------+-------------------------------------------------------------------------------------------------------------------------------------------------+--------------+-------------+--------------+------------+------------+
; Slack ; From Node                                                                                                                                       ; To Node                                                                                                                                         ; Launch Clock ; Latch Clock ; Relationship ; Clock Skew ; Data Delay ;
+-------+-------------------------------------------------------------------------------------------------------------------------------------------------+-------------------------------------------------------------------------------------------------------------------------------------------------+--------------+-------------+--------------+------------+------------+
; 0.350 ; EXMEMRegister:EXMEMRegister_inst|PipelineRegister_Flush:EXMEM_ALUOut_Register|PipelineRegister:PIPE|falling_dffg:\G_nbit_reg:8:MUXI|s_Q         ; mem:DMem|altsyncram:ram_rtl_0|altsyncram_g8d1:auto_generated|ram_block1a0~portb_address_reg0                                                    ; iCLK         ; iCLK        ; 0.000        ; 0.412      ; 0.984      ;
; 0.393 ; EXMEMRegister:EXMEMRegister_inst|PipelineRegister_Flush:EXMEM_ALUOut_Register|PipelineRegister:PIPE|falling_dffg:\G_nbit_reg:4:MUXI|s_Q         ; mem:DMem|altsyncram:ram_rtl_0|altsyncram_g8d1:auto_generated|ram_block1a0~portb_address_reg0                                                    ; iCLK         ; iCLK        ; 0.000        ; 0.441      ; 1.056      ;
; 0.428 ; IDEXRegister:IDEXRegister_inst|PipelineRegister_Flush:IDEX_PC4_Register|PipelineRegister:PIPE|falling_dffg:\G_nbit_reg:13:MUXI|s_Q              ; EXMEMRegister:EXMEMRegister_inst|PipelineRegister_Flush:EXMEM_PC4_Register|PipelineRegister:PIPE|falling_dffg:\G_nbit_reg:13:MUXI|s_Q           ; iCLK         ; iCLK        ; 0.000        ; 0.081      ; 0.695      ;
; 0.428 ; IDEXRegister:IDEXRegister_inst|PipelineRegister_Flush:IDEX_PC4_Register|PipelineRegister:PIPE|falling_dffg:\G_nbit_reg:8:MUXI|s_Q               ; EXMEMRegister:EXMEMRegister_inst|PipelineRegister_Flush:EXMEM_PC4_Register|PipelineRegister:PIPE|falling_dffg:\G_nbit_reg:8:MUXI|s_Q            ; iCLK         ; iCLK        ; 0.000        ; 0.082      ; 0.696      ;
; 0.428 ; IDEXRegister:IDEXRegister_inst|PipelineRegister_Flush:IDEX_PC4_Register|PipelineRegister:PIPE|falling_dffg:\G_nbit_reg:14:MUXI|s_Q              ; EXMEMRegister:EXMEMRegister_inst|PipelineRegister_Flush:EXMEM_PC4_Register|PipelineRegister:PIPE|falling_dffg:\G_nbit_reg:14:MUXI|s_Q           ; iCLK         ; iCLK        ; 0.000        ; 0.082      ; 0.696      ;
; 0.428 ; IDEXRegister:IDEXRegister_inst|PipelineRegister_Flush:IDEX_PC4_Register|PipelineRegister:PIPE|falling_dffg:\G_nbit_reg:28:MUXI|s_Q              ; EXMEMRegister:EXMEMRegister_inst|PipelineRegister_Flush:EXMEM_PC4_Register|PipelineRegister:PIPE|falling_dffg:\G_nbit_reg:28:MUXI|s_Q           ; iCLK         ; iCLK        ; 0.000        ; 0.080      ; 0.694      ;
; 0.428 ; IDEXRegister:IDEXRegister_inst|PipelineRegister_Flush:IDEX_PC4_Register|PipelineRegister:PIPE|falling_dffg:\G_nbit_reg:9:MUXI|s_Q               ; EXMEMRegister:EXMEMRegister_inst|PipelineRegister_Flush:EXMEM_PC4_Register|PipelineRegister:PIPE|falling_dffg:\G_nbit_reg:9:MUXI|s_Q            ; iCLK         ; iCLK        ; 0.000        ; 0.082      ; 0.696      ;
; 0.428 ; EXMEMRegister:EXMEMRegister_inst|PipelineRegister_Flush:EXMEM_ALUOut_Register|PipelineRegister:PIPE|falling_dffg:\G_nbit_reg:7:MUXI|s_Q         ; mem:DMem|altsyncram:ram_rtl_0|altsyncram_g8d1:auto_generated|ram_block1a3~portb_address_reg0                                                    ; iCLK         ; iCLK        ; 0.000        ; 0.419      ; 1.069      ;
; 0.428 ; EXMEMRegister:EXMEMRegister_inst|PipelineRegister_Flush:EXMEM_PC4_Register|PipelineRegister:PIPE|falling_dffg:\G_nbit_reg:14:MUXI|s_Q           ; PipelineRegister:MEMWB_4t1AndLink_Register|falling_dffg:\G_nbit_reg:14:MUXI|s_Q                                                                 ; iCLK         ; iCLK        ; 0.000        ; 0.082      ; 0.696      ;
; 0.429 ; EXMEMRegister:EXMEMRegister_inst|PipelineRegister_Flush:EXMEM_PC4_Register|PipelineRegister:PIPE|falling_dffg:\G_nbit_reg:12:MUXI|s_Q           ; PipelineRegister:MEMWB_4t1AndLink_Register|falling_dffg:\G_nbit_reg:12:MUXI|s_Q                                                                 ; iCLK         ; iCLK        ; 0.000        ; 0.081      ; 0.696      ;
; 0.429 ; IDEXRegister:IDEXRegister_inst|PipelineRegister_Flush:IDEX_PC4_Register|PipelineRegister:PIPE|falling_dffg:\G_nbit_reg:16:MUXI|s_Q              ; EXMEMRegister:EXMEMRegister_inst|PipelineRegister_Flush:EXMEM_PC4_Register|PipelineRegister:PIPE|falling_dffg:\G_nbit_reg:16:MUXI|s_Q           ; iCLK         ; iCLK        ; 0.000        ; 0.080      ; 0.695      ;
; 0.429 ; IDEXRegister:IDEXRegister_inst|PipelineRegister_Flush:IDEX_PC4_Register|PipelineRegister:PIPE|falling_dffg:\G_nbit_reg:26:MUXI|s_Q              ; EXMEMRegister:EXMEMRegister_inst|PipelineRegister_Flush:EXMEM_PC4_Register|PipelineRegister:PIPE|falling_dffg:\G_nbit_reg:26:MUXI|s_Q           ; iCLK         ; iCLK        ; 0.000        ; 0.081      ; 0.696      ;
; 0.429 ; IDEXRegister:IDEXRegister_inst|PipelineRegister_Flush:IDEX_PC4_Register|PipelineRegister:PIPE|falling_dffg:\G_nbit_reg:17:MUXI|s_Q              ; EXMEMRegister:EXMEMRegister_inst|PipelineRegister_Flush:EXMEM_PC4_Register|PipelineRegister:PIPE|falling_dffg:\G_nbit_reg:17:MUXI|s_Q           ; iCLK         ; iCLK        ; 0.000        ; 0.081      ; 0.696      ;
; 0.429 ; IDEXRegister:IDEXRegister_inst|PipelineRegister_Flush:IDEX_PC4_Register|PipelineRegister:PIPE|falling_dffg:\G_nbit_reg:24:MUXI|s_Q              ; EXMEMRegister:EXMEMRegister_inst|PipelineRegister_Flush:EXMEM_PC4_Register|PipelineRegister:PIPE|falling_dffg:\G_nbit_reg:24:MUXI|s_Q           ; iCLK         ; iCLK        ; 0.000        ; 0.081      ; 0.696      ;
; 0.429 ; IDEXRegister:IDEXRegister_inst|PipelineRegister_Flush:IDEX_PC4_Register|PipelineRegister:PIPE|falling_dffg:\G_nbit_reg:10:MUXI|s_Q              ; EXMEMRegister:EXMEMRegister_inst|PipelineRegister_Flush:EXMEM_PC4_Register|PipelineRegister:PIPE|falling_dffg:\G_nbit_reg:10:MUXI|s_Q           ; iCLK         ; iCLK        ; 0.000        ; 0.081      ; 0.696      ;
; 0.429 ; EXMEMRegister:EXMEMRegister_inst|PipelineRegister_Flush:EXMEM_PC4_Register|PipelineRegister:PIPE|falling_dffg:\G_nbit_reg:8:MUXI|s_Q            ; PipelineRegister:MEMWB_4t1AndLink_Register|falling_dffg:\G_nbit_reg:8:MUXI|s_Q                                                                  ; iCLK         ; iCLK        ; 0.000        ; 0.082      ; 0.697      ;
; 0.429 ; EXMEMRegister:EXMEMRegister_inst|PipelineRegister_Flush:EXMEM_PC4_Register|PipelineRegister:PIPE|falling_dffg:\G_nbit_reg:11:MUXI|s_Q           ; PipelineRegister:MEMWB_4t1AndLink_Register|falling_dffg:\G_nbit_reg:11:MUXI|s_Q                                                                 ; iCLK         ; iCLK        ; 0.000        ; 0.080      ; 0.695      ;
; 0.429 ; EXMEMRegister:EXMEMRegister_inst|PipelineRegister_Flush:EXMEM_PC4_Register|PipelineRegister:PIPE|falling_dffg:\G_nbit_reg:30:MUXI|s_Q           ; PipelineRegister:MEMWB_4t1AndLink_Register|falling_dffg:\G_nbit_reg:30:MUXI|s_Q                                                                 ; iCLK         ; iCLK        ; 0.000        ; 0.081      ; 0.696      ;
; 0.430 ; EXMEMRegister:EXMEMRegister_inst|PipelineRegister_Flush:EXMEM_PC4_Register|PipelineRegister:PIPE|falling_dffg:\G_nbit_reg:22:MUXI|s_Q           ; PipelineRegister:MEMWB_4t1AndLink_Register|falling_dffg:\G_nbit_reg:22:MUXI|s_Q                                                                 ; iCLK         ; iCLK        ; 0.000        ; 0.080      ; 0.696      ;
; 0.430 ; IDEXRegister:IDEXRegister_inst|PipelineRegister_Flush:IDEX_PC4_Register|PipelineRegister:PIPE|falling_dffg:\G_nbit_reg:18:MUXI|s_Q              ; EXMEMRegister:EXMEMRegister_inst|PipelineRegister_Flush:EXMEM_PC4_Register|PipelineRegister:PIPE|falling_dffg:\G_nbit_reg:18:MUXI|s_Q           ; iCLK         ; iCLK        ; 0.000        ; 0.080      ; 0.696      ;
; 0.430 ; IDEXRegister:IDEXRegister_inst|PipelineRegister_Flush:IDEX_PC4_Register|PipelineRegister:PIPE|falling_dffg:\G_nbit_reg:5:MUXI|s_Q               ; EXMEMRegister:EXMEMRegister_inst|PipelineRegister_Flush:EXMEM_PC4_Register|PipelineRegister:PIPE|falling_dffg:\G_nbit_reg:5:MUXI|s_Q            ; iCLK         ; iCLK        ; 0.000        ; 0.081      ; 0.697      ;
; 0.430 ; IDEXRegister:IDEXRegister_inst|PipelineRegister_logic_Flush:IDEX_FlagNFlag_Register|falling_dffg:DFF|s_Q                                        ; EXMEMRegister:EXMEMRegister_inst|PipelineRegister_logic_Flush:EXMEM_FlagNFlag_Register|falling_dffg:DFF|s_Q                                     ; iCLK         ; iCLK        ; 0.000        ; 0.080      ; 0.696      ;
; 0.430 ; IDEXRegister:IDEXRegister_inst|PipelineRegister_Flush:IDEX_PC4_Register|PipelineRegister:PIPE|falling_dffg:\G_nbit_reg:7:MUXI|s_Q               ; EXMEMRegister:EXMEMRegister_inst|PipelineRegister_Flush:EXMEM_PC4_Register|PipelineRegister:PIPE|falling_dffg:\G_nbit_reg:7:MUXI|s_Q            ; iCLK         ; iCLK        ; 0.000        ; 0.080      ; 0.696      ;
; 0.430 ; IDEXRegister:IDEXRegister_inst|PipelineRegister_logic_Flush:IDEX_Branch_Register|falling_dffg:DFF|s_Q                                           ; EXMEMRegister:EXMEMRegister_inst|PipelineRegister_logic_Flush:EXMEM_Branch_Register|falling_dffg:DFF|s_Q                                        ; iCLK         ; iCLK        ; 0.000        ; 0.080      ; 0.696      ;
; 0.430 ; EXMEMRegister:EXMEMRegister_inst|PipelineRegister_Flush:EXMEM_PC4_Register|PipelineRegister:PIPE|falling_dffg:\G_nbit_reg:1:MUXI|s_Q            ; PipelineRegister:MEMWB_4t1AndLink_Register|falling_dffg:\G_nbit_reg:1:MUXI|s_Q                                                                  ; iCLK         ; iCLK        ; 0.000        ; 0.081      ; 0.697      ;
; 0.430 ; EXMEMRegister:EXMEMRegister_inst|PipelineRegister_Flush:EXMEM_PC4_Register|PipelineRegister:PIPE|falling_dffg:\G_nbit_reg:27:MUXI|s_Q           ; PipelineRegister:MEMWB_4t1AndLink_Register|falling_dffg:\G_nbit_reg:27:MUXI|s_Q                                                                 ; iCLK         ; iCLK        ; 0.000        ; 0.080      ; 0.696      ;
; 0.431 ; IDEXRegister:IDEXRegister_inst|PipelineRegister_Flush:IDEX_PC4_Register|PipelineRegister:PIPE|falling_dffg:\G_nbit_reg:19:MUXI|s_Q              ; EXMEMRegister:EXMEMRegister_inst|PipelineRegister_Flush:EXMEM_PC4_Register|PipelineRegister:PIPE|falling_dffg:\G_nbit_reg:19:MUXI|s_Q           ; iCLK         ; iCLK        ; 0.000        ; 0.080      ; 0.697      ;
; 0.431 ; IDEXRegister:IDEXRegister_inst|PipelineRegister_Flush:IDEX_PC4_Register|PipelineRegister:PIPE|falling_dffg:\G_nbit_reg:23:MUXI|s_Q              ; EXMEMRegister:EXMEMRegister_inst|PipelineRegister_Flush:EXMEM_PC4_Register|PipelineRegister:PIPE|falling_dffg:\G_nbit_reg:23:MUXI|s_Q           ; iCLK         ; iCLK        ; 0.000        ; 0.080      ; 0.697      ;
; 0.431 ; IDEXRegister:IDEXRegister_inst|PipelineRegister_Flush:IDEX_PC4_Register|PipelineRegister:PIPE|falling_dffg:\G_nbit_reg:2:MUXI|s_Q               ; EXMEMRegister:EXMEMRegister_inst|PipelineRegister_Flush:EXMEM_PC4_Register|PipelineRegister:PIPE|falling_dffg:\G_nbit_reg:2:MUXI|s_Q            ; iCLK         ; iCLK        ; 0.000        ; 0.080      ; 0.697      ;
; 0.431 ; IDEXRegister:IDEXRegister_inst|PipelineRegister_Flush:IDEX_PC4_Register|PipelineRegister:PIPE|falling_dffg:\G_nbit_reg:12:MUXI|s_Q              ; EXMEMRegister:EXMEMRegister_inst|PipelineRegister_Flush:EXMEM_PC4_Register|PipelineRegister:PIPE|falling_dffg:\G_nbit_reg:12:MUXI|s_Q           ; iCLK         ; iCLK        ; 0.000        ; 0.081      ; 0.698      ;
; 0.431 ; IDEXRegister:IDEXRegister_inst|PipelineRegister_Flush:IDEX_PC4_Register|PipelineRegister:PIPE|falling_dffg:\G_nbit_reg:25:MUXI|s_Q              ; EXMEMRegister:EXMEMRegister_inst|PipelineRegister_Flush:EXMEM_PC4_Register|PipelineRegister:PIPE|falling_dffg:\G_nbit_reg:25:MUXI|s_Q           ; iCLK         ; iCLK        ; 0.000        ; 0.081      ; 0.698      ;
; 0.431 ; IDEXRegister:IDEXRegister_inst|PipelineRegister_Flush:IDEX_PC4_Register|PipelineRegister:PIPE|falling_dffg:\G_nbit_reg:6:MUXI|s_Q               ; EXMEMRegister:EXMEMRegister_inst|PipelineRegister_Flush:EXMEM_PC4_Register|PipelineRegister:PIPE|falling_dffg:\G_nbit_reg:6:MUXI|s_Q            ; iCLK         ; iCLK        ; 0.000        ; 0.080      ; 0.697      ;
; 0.431 ; IDEXRegister:IDEXRegister_inst|PipelineRegister_logic_Flush:IDEX_Jump_Register|falling_dffg:DFF|s_Q                                             ; EXMEMRegister:EXMEMRegister_inst|PipelineRegister_logic_Flush:EXMEM_Jump_Register|falling_dffg:DFF|s_Q                                          ; iCLK         ; iCLK        ; 0.000        ; 0.080      ; 0.697      ;
; 0.431 ; EXMEMRegister:EXMEMRegister_inst|PipelineRegister_Flush:EXMEM_PC4_Register|PipelineRegister:PIPE|falling_dffg:\G_nbit_reg:20:MUXI|s_Q           ; PipelineRegister:MEMWB_4t1AndLink_Register|falling_dffg:\G_nbit_reg:20:MUXI|s_Q                                                                 ; iCLK         ; iCLK        ; 0.000        ; 0.081      ; 0.698      ;
; 0.432 ; EXMEMRegister:EXMEMRegister_inst|PipelineRegister_Flush:EXMEM_PC4_Register|PipelineRegister:PIPE|falling_dffg:\G_nbit_reg:2:MUXI|s_Q            ; PipelineRegister:MEMWB_4t1AndLink_Register|falling_dffg:\G_nbit_reg:2:MUXI|s_Q                                                                  ; iCLK         ; iCLK        ; 0.000        ; 0.080      ; 0.698      ;
; 0.432 ; IDEXRegister:IDEXRegister_inst|PipelineRegister_Flush:IDEX_funct3_Register|PipelineRegister:PIPE|falling_dffg:\G_nbit_reg:0:MUXI|s_Q            ; EXMEMRegister:EXMEMRegister_inst|PipelineRegister_Flush:EXMEM_funct3_Register|PipelineRegister:PIPE|falling_dffg:\G_nbit_reg:0:MUXI|s_Q         ; iCLK         ; iCLK        ; 0.000        ; 0.079      ; 0.697      ;
; 0.432 ; IDEXRegister:IDEXRegister_inst|PipelineRegister_Flush:IDEX_funct3_Register|PipelineRegister:PIPE|falling_dffg:\G_nbit_reg:1:MUXI|s_Q            ; EXMEMRegister:EXMEMRegister_inst|PipelineRegister_Flush:EXMEM_funct3_Register|PipelineRegister:PIPE|falling_dffg:\G_nbit_reg:1:MUXI|s_Q         ; iCLK         ; iCLK        ; 0.000        ; 0.080      ; 0.698      ;
; 0.432 ; IDEXRegister:IDEXRegister_inst|PipelineRegister_Flush:IDEX_PC4_Register|PipelineRegister:PIPE|falling_dffg:\G_nbit_reg:20:MUXI|s_Q              ; EXMEMRegister:EXMEMRegister_inst|PipelineRegister_Flush:EXMEM_PC4_Register|PipelineRegister:PIPE|falling_dffg:\G_nbit_reg:20:MUXI|s_Q           ; iCLK         ; iCLK        ; 0.000        ; 0.081      ; 0.699      ;
; 0.433 ; IDEXRegister:IDEXRegister_inst|PipelineRegister_Flush:IDEX_PC4_Register|PipelineRegister:PIPE|falling_dffg:\G_nbit_reg:4:MUXI|s_Q               ; EXMEMRegister:EXMEMRegister_inst|PipelineRegister_Flush:EXMEM_PC4_Register|PipelineRegister:PIPE|falling_dffg:\G_nbit_reg:4:MUXI|s_Q            ; iCLK         ; iCLK        ; 0.000        ; 0.079      ; 0.698      ;
; 0.436 ; IDEXRegister:IDEXRegister_inst|PipelineRegister_Flush:IDEX_PC4_Register|PipelineRegister:PIPE|falling_dffg:\G_nbit_reg:0:MUXI|s_Q               ; EXMEMRegister:EXMEMRegister_inst|PipelineRegister_Flush:EXMEM_PC4_Register|PipelineRegister:PIPE|falling_dffg:\G_nbit_reg:0:MUXI|s_Q            ; iCLK         ; iCLK        ; 0.000        ; 0.081      ; 0.703      ;
; 0.436 ; EXMEMRegister:EXMEMRegister_inst|PipelineRegister_Flush:EXMEM_ALUOut_Register|PipelineRegister:PIPE|falling_dffg:\G_nbit_reg:9:MUXI|s_Q         ; mem:DMem|altsyncram:ram_rtl_0|altsyncram_g8d1:auto_generated|ram_block1a3~portb_address_reg0                                                    ; iCLK         ; iCLK        ; 0.000        ; 0.411      ; 1.069      ;
; 0.438 ; EXMEMRegister:EXMEMRegister_inst|PipelineRegister_Flush:EXMEM_PC_jump_adder_Register|PipelineRegister:PIPE|falling_dffg:\G_nbit_reg:16:MUXI|s_Q ; PipelineRegister:MEMWB_PC4OrBranch_Register|falling_dffg:\G_nbit_reg:16:MUXI|s_Q                                                                ; iCLK         ; iCLK        ; 0.000        ; 0.080      ; 0.704      ;
; 0.440 ; EXMEMRegister:EXMEMRegister_inst|PipelineRegister_Flush:EXMEM_ALUOut_Register|PipelineRegister:PIPE|falling_dffg:\G_nbit_reg:6:MUXI|s_Q         ; mem:DMem|altsyncram:ram_rtl_0|altsyncram_g8d1:auto_generated|ram_block1a2~portb_address_reg0                                                    ; iCLK         ; iCLK        ; 0.000        ; 0.423      ; 1.085      ;
; 0.443 ; IDEXRegister:IDEXRegister_inst|PipelineRegister_Flush:IDEX_PC_Register|PipelineRegister:PIPE|falling_dffg:\G_nbit_reg:22:MUXI|s_Q               ; EXMEMRegister:EXMEMRegister_inst|PipelineRegister_Flush:EXMEM_PC_jump_adder_Register|PipelineRegister:PIPE|falling_dffg:\G_nbit_reg:22:MUXI|s_Q ; iCLK         ; iCLK        ; 0.000        ; 0.081      ; 0.710      ;
; 0.445 ; IDEXRegister:IDEXRegister_inst|PipelineRegister_Flush:IDEX_PC_Register|PipelineRegister:PIPE|falling_dffg:\G_nbit_reg:6:MUXI|s_Q                ; EXMEMRegister:EXMEMRegister_inst|PipelineRegister_Flush:EXMEM_PC_jump_adder_Register|PipelineRegister:PIPE|falling_dffg:\G_nbit_reg:6:MUXI|s_Q  ; iCLK         ; iCLK        ; 0.000        ; 0.080      ; 0.711      ;
; 0.449 ; IDEXRegister:IDEXRegister_inst|PipelineRegister_Flush:IDEX_rs2_Register|PipelineRegister:PIPE|falling_dffg:\G_nbit_reg:28:MUXI|s_Q              ; EXMEMRegister:EXMEMRegister_inst|PipelineRegister_Flush:EXMEM_RS2_Register|PipelineRegister:PIPE|falling_dffg:\G_nbit_reg:28:MUXI|s_Q           ; iCLK         ; iCLK        ; 0.000        ; 0.081      ; 0.716      ;
; 0.450 ; IDEXRegister:IDEXRegister_inst|PipelineRegister_Flush:IDEX_rs2_Register|PipelineRegister:PIPE|falling_dffg:\G_nbit_reg:17:MUXI|s_Q              ; EXMEMRegister:EXMEMRegister_inst|PipelineRegister_Flush:EXMEM_RS2_Register|PipelineRegister:PIPE|falling_dffg:\G_nbit_reg:17:MUXI|s_Q           ; iCLK         ; iCLK        ; 0.000        ; 0.081      ; 0.717      ;
; 0.453 ; IDEXRegister:IDEXRegister_inst|PipelineRegister_Flush:IDEX_WriteBack_Register|PipelineRegister:PIPE|falling_dffg:\G_nbit_reg:3:MUXI|s_Q         ; EXMEMRegister:EXMEMRegister_inst|PipelineRegister_Flush:EXMEM_WriteBack_Register|PipelineRegister:PIPE|falling_dffg:\G_nbit_reg:3:MUXI|s_Q      ; iCLK         ; iCLK        ; 0.000        ; 0.080      ; 0.719      ;
; 0.453 ; IDEXRegister:IDEXRegister_inst|PipelineRegister_Flush:IDEX_rs2_Register|PipelineRegister:PIPE|falling_dffg:\G_nbit_reg:20:MUXI|s_Q              ; EXMEMRegister:EXMEMRegister_inst|PipelineRegister_Flush:EXMEM_RS2_Register|PipelineRegister:PIPE|falling_dffg:\G_nbit_reg:20:MUXI|s_Q           ; iCLK         ; iCLK        ; 0.000        ; 0.080      ; 0.719      ;
; 0.453 ; IDEXRegister:IDEXRegister_inst|PipelineRegister_Flush:IDEX_rs2_Register|PipelineRegister:PIPE|falling_dffg:\G_nbit_reg:12:MUXI|s_Q              ; EXMEMRegister:EXMEMRegister_inst|PipelineRegister_Flush:EXMEM_RS2_Register|PipelineRegister:PIPE|falling_dffg:\G_nbit_reg:12:MUXI|s_Q           ; iCLK         ; iCLK        ; 0.000        ; 0.080      ; 0.719      ;
; 0.454 ; EXMEMRegister:EXMEMRegister_inst|PipelineRegister_Flush:EXMEM_ALUOut_Register|PipelineRegister:PIPE|falling_dffg:\G_nbit_reg:6:MUXI|s_Q         ; mem:DMem|altsyncram:ram_rtl_0|altsyncram_g8d1:auto_generated|ram_block1a1~portb_address_reg0                                                    ; iCLK         ; iCLK        ; 0.000        ; 0.408      ; 1.084      ;
; 0.458 ; IDEXRegister:IDEXRegister_inst|PipelineRegister_Flush:IDEX_rs2_Register|PipelineRegister:PIPE|falling_dffg:\G_nbit_reg:25:MUXI|s_Q              ; EXMEMRegister:EXMEMRegister_inst|PipelineRegister_Flush:EXMEM_RS2_Register|PipelineRegister:PIPE|falling_dffg:\G_nbit_reg:25:MUXI|s_Q           ; iCLK         ; iCLK        ; 0.000        ; 0.081      ; 0.725      ;
; 0.461 ; EXMEMRegister:EXMEMRegister_inst|PipelineRegister_Flush:EXMEM_ALUOut_Register|PipelineRegister:PIPE|falling_dffg:\G_nbit_reg:9:MUXI|s_Q         ; mem:DMem|altsyncram:ram_rtl_0|altsyncram_g8d1:auto_generated|ram_block1a2~portb_address_reg0                                                    ; iCLK         ; iCLK        ; 0.000        ; 0.423      ; 1.106      ;
; 0.465 ; IDEXRegister:IDEXRegister_inst|PipelineRegister_Flush:IDEX_WriteBack_Register|PipelineRegister:PIPE|falling_dffg:\G_nbit_reg:0:MUXI|s_Q         ; EXMEMRegister:EXMEMRegister_inst|PipelineRegister_Flush:EXMEM_WriteBack_Register|PipelineRegister:PIPE|falling_dffg:\G_nbit_reg:0:MUXI|s_Q      ; iCLK         ; iCLK        ; 0.000        ; 0.080      ; 0.731      ;
; 0.466 ; IDEXRegister:IDEXRegister_inst|PipelineRegister_Flush:IDEX_WriteBack_Register|PipelineRegister:PIPE|falling_dffg:\G_nbit_reg:1:MUXI|s_Q         ; EXMEMRegister:EXMEMRegister_inst|PipelineRegister_Flush:EXMEM_WriteBack_Register|PipelineRegister:PIPE|falling_dffg:\G_nbit_reg:1:MUXI|s_Q      ; iCLK         ; iCLK        ; 0.000        ; 0.080      ; 0.732      ;
; 0.476 ; EXMEMRegister:EXMEMRegister_inst|PipelineRegister_Flush:EXMEM_ALUOut_Register|PipelineRegister:PIPE|falling_dffg:\G_nbit_reg:9:MUXI|s_Q         ; mem:DMem|altsyncram:ram_rtl_0|altsyncram_g8d1:auto_generated|ram_block1a1~portb_address_reg0                                                    ; iCLK         ; iCLK        ; 0.000        ; 0.408      ; 1.106      ;
; 0.479 ; EXMEMRegister:EXMEMRegister_inst|PipelineRegister_Flush:EXMEM_ALUOut_Register|PipelineRegister:PIPE|falling_dffg:\G_nbit_reg:4:MUXI|s_Q         ; mem:DMem|altsyncram:ram_rtl_0|altsyncram_g8d1:auto_generated|ram_block1a3~portb_address_reg0                                                    ; iCLK         ; iCLK        ; 0.000        ; 0.410      ; 1.111      ;
; 0.509 ; EXMEMRegister:EXMEMRegister_inst|PipelineRegister_Flush:EXMEM_ALUOut_Register|PipelineRegister:PIPE|falling_dffg:\G_nbit_reg:4:MUXI|s_Q         ; mem:DMem|altsyncram:ram_rtl_0|altsyncram_g8d1:auto_generated|ram_block1a1~portb_address_reg0                                                    ; iCLK         ; iCLK        ; 0.000        ; 0.407      ; 1.138      ;
; 0.552 ; PipelineRegister_Flush:IFID_PC_Register|PipelineRegister:PIPE|falling_dffg:\G_nbit_reg:19:MUXI|s_Q                                              ; IDEXRegister:IDEXRegister_inst|PipelineRegister_Flush:IDEX_PC_Register|PipelineRegister:PIPE|falling_dffg:\G_nbit_reg:19:MUXI|s_Q               ; iCLK         ; iCLK        ; 0.000        ; 0.081      ; 0.819      ;
; 0.552 ; PipelineRegister_Flush:IFID_PC4_Register|PipelineRegister:PIPE|falling_dffg:\G_nbit_reg:27:MUXI|s_Q                                             ; IDEXRegister:IDEXRegister_inst|PipelineRegister_Flush:IDEX_PC4_Register|PipelineRegister:PIPE|falling_dffg:\G_nbit_reg:27:MUXI|s_Q              ; iCLK         ; iCLK        ; 0.000        ; 0.081      ; 0.819      ;
; 0.552 ; PipelineRegister_Flush:IFID_PC4_Register|PipelineRegister:PIPE|falling_dffg:\G_nbit_reg:5:MUXI|s_Q                                              ; IDEXRegister:IDEXRegister_inst|PipelineRegister_Flush:IDEX_PC4_Register|PipelineRegister:PIPE|falling_dffg:\G_nbit_reg:5:MUXI|s_Q               ; iCLK         ; iCLK        ; 0.000        ; 0.081      ; 0.819      ;
; 0.552 ; PipelineRegister_Flush:IFID_PC4_Register|PipelineRegister:PIPE|falling_dffg:\G_nbit_reg:25:MUXI|s_Q                                             ; IDEXRegister:IDEXRegister_inst|PipelineRegister_Flush:IDEX_PC4_Register|PipelineRegister:PIPE|falling_dffg:\G_nbit_reg:25:MUXI|s_Q              ; iCLK         ; iCLK        ; 0.000        ; 0.081      ; 0.819      ;
; 0.552 ; PipelineRegister_Flush:IFID_PC4_Register|PipelineRegister:PIPE|falling_dffg:\G_nbit_reg:24:MUXI|s_Q                                             ; IDEXRegister:IDEXRegister_inst|PipelineRegister_Flush:IDEX_PC4_Register|PipelineRegister:PIPE|falling_dffg:\G_nbit_reg:24:MUXI|s_Q              ; iCLK         ; iCLK        ; 0.000        ; 0.081      ; 0.819      ;
; 0.552 ; PipelineRegister_Flush:IFID_PC_Register|PipelineRegister:PIPE|falling_dffg:\G_nbit_reg:24:MUXI|s_Q                                              ; IDEXRegister:IDEXRegister_inst|PipelineRegister_Flush:IDEX_PC_Register|PipelineRegister:PIPE|falling_dffg:\G_nbit_reg:24:MUXI|s_Q               ; iCLK         ; iCLK        ; 0.000        ; 0.081      ; 0.819      ;
; 0.553 ; PipelineRegister_Flush:IFID_PC4_Register|PipelineRegister:PIPE|falling_dffg:\G_nbit_reg:18:MUXI|s_Q                                             ; IDEXRegister:IDEXRegister_inst|PipelineRegister_Flush:IDEX_PC4_Register|PipelineRegister:PIPE|falling_dffg:\G_nbit_reg:18:MUXI|s_Q              ; iCLK         ; iCLK        ; 0.000        ; 0.080      ; 0.819      ;
; 0.553 ; PipelineRegister_Flush:IFID_PC_Register|PipelineRegister:PIPE|falling_dffg:\G_nbit_reg:23:MUXI|s_Q                                              ; IDEXRegister:IDEXRegister_inst|PipelineRegister_Flush:IDEX_PC_Register|PipelineRegister:PIPE|falling_dffg:\G_nbit_reg:23:MUXI|s_Q               ; iCLK         ; iCLK        ; 0.000        ; 0.081      ; 0.820      ;
; 0.553 ; PipelineRegister_Flush:IFID_PC_Register|PipelineRegister:PIPE|falling_dffg:\G_nbit_reg:16:MUXI|s_Q                                              ; IDEXRegister:IDEXRegister_inst|PipelineRegister_Flush:IDEX_PC_Register|PipelineRegister:PIPE|falling_dffg:\G_nbit_reg:16:MUXI|s_Q               ; iCLK         ; iCLK        ; 0.000        ; 0.081      ; 0.820      ;
; 0.553 ; PipelineRegister_Flush:IFID_PC4_Register|PipelineRegister:PIPE|falling_dffg:\G_nbit_reg:2:MUXI|s_Q                                              ; IDEXRegister:IDEXRegister_inst|PipelineRegister_Flush:IDEX_PC4_Register|PipelineRegister:PIPE|falling_dffg:\G_nbit_reg:2:MUXI|s_Q               ; iCLK         ; iCLK        ; 0.000        ; 0.080      ; 0.819      ;
; 0.553 ; PipelineRegister_Flush:IFID_PC4_Register|PipelineRegister:PIPE|falling_dffg:\G_nbit_reg:11:MUXI|s_Q                                             ; IDEXRegister:IDEXRegister_inst|PipelineRegister_Flush:IDEX_PC4_Register|PipelineRegister:PIPE|falling_dffg:\G_nbit_reg:11:MUXI|s_Q              ; iCLK         ; iCLK        ; 0.000        ; 0.080      ; 0.819      ;
; 0.553 ; PipelineRegister_Flush:IFID_PC4_Register|PipelineRegister:PIPE|falling_dffg:\G_nbit_reg:8:MUXI|s_Q                                              ; IDEXRegister:IDEXRegister_inst|PipelineRegister_Flush:IDEX_PC4_Register|PipelineRegister:PIPE|falling_dffg:\G_nbit_reg:8:MUXI|s_Q               ; iCLK         ; iCLK        ; 0.000        ; 0.082      ; 0.821      ;
; 0.553 ; PipelineRegister_Flush:IFID_PC_Register|PipelineRegister:PIPE|falling_dffg:\G_nbit_reg:25:MUXI|s_Q                                              ; IDEXRegister:IDEXRegister_inst|PipelineRegister_Flush:IDEX_PC_Register|PipelineRegister:PIPE|falling_dffg:\G_nbit_reg:25:MUXI|s_Q               ; iCLK         ; iCLK        ; 0.000        ; 0.080      ; 0.819      ;
; 0.553 ; PipelineRegister_Flush:IFID_PC_Register|PipelineRegister:PIPE|falling_dffg:\G_nbit_reg:11:MUXI|s_Q                                              ; IDEXRegister:IDEXRegister_inst|PipelineRegister_Flush:IDEX_PC_Register|PipelineRegister:PIPE|falling_dffg:\G_nbit_reg:11:MUXI|s_Q               ; iCLK         ; iCLK        ; 0.000        ; 0.080      ; 0.819      ;
; 0.553 ; PipelineRegister_Flush:IFID_PC_Register|PipelineRegister:PIPE|falling_dffg:\G_nbit_reg:6:MUXI|s_Q                                               ; IDEXRegister:IDEXRegister_inst|PipelineRegister_Flush:IDEX_PC_Register|PipelineRegister:PIPE|falling_dffg:\G_nbit_reg:6:MUXI|s_Q                ; iCLK         ; iCLK        ; 0.000        ; 0.080      ; 0.819      ;
; 0.553 ; EXMEMRegister:EXMEMRegister_inst|PipelineRegister_Flush:EXMEM_PC4_Register|PipelineRegister:PIPE|falling_dffg:\G_nbit_reg:21:MUXI|s_Q           ; PipelineRegister:MEMWB_4t1AndLink_Register|falling_dffg:\G_nbit_reg:21:MUXI|s_Q                                                                 ; iCLK         ; iCLK        ; 0.000        ; 0.081      ; 0.820      ;
; 0.554 ; PipelineRegister_Flush:IFID_PC_Register|PipelineRegister:PIPE|falling_dffg:\G_nbit_reg:3:MUXI|s_Q                                               ; IDEXRegister:IDEXRegister_inst|PipelineRegister_Flush:IDEX_PC_Register|PipelineRegister:PIPE|falling_dffg:\G_nbit_reg:3:MUXI|s_Q                ; iCLK         ; iCLK        ; 0.000        ; 0.079      ; 0.819      ;
; 0.554 ; PipelineRegister_Flush:IFID_PC_Register|PipelineRegister:PIPE|falling_dffg:\G_nbit_reg:4:MUXI|s_Q                                               ; IDEXRegister:IDEXRegister_inst|PipelineRegister_Flush:IDEX_PC_Register|PipelineRegister:PIPE|falling_dffg:\G_nbit_reg:4:MUXI|s_Q                ; iCLK         ; iCLK        ; 0.000        ; 0.079      ; 0.819      ;
; 0.554 ; PipelineRegister_Flush:IFID_PC4_Register|PipelineRegister:PIPE|falling_dffg:\G_nbit_reg:16:MUXI|s_Q                                             ; IDEXRegister:IDEXRegister_inst|PipelineRegister_Flush:IDEX_PC4_Register|PipelineRegister:PIPE|falling_dffg:\G_nbit_reg:16:MUXI|s_Q              ; iCLK         ; iCLK        ; 0.000        ; 0.080      ; 0.820      ;
; 0.554 ; PipelineRegister_Flush:IFID_PC_Register|PipelineRegister:PIPE|falling_dffg:\G_nbit_reg:15:MUXI|s_Q                                              ; IDEXRegister:IDEXRegister_inst|PipelineRegister_Flush:IDEX_PC_Register|PipelineRegister:PIPE|falling_dffg:\G_nbit_reg:15:MUXI|s_Q               ; iCLK         ; iCLK        ; 0.000        ; 0.080      ; 0.820      ;
; 0.554 ; PipelineRegister_Flush:IFID_PC_Register|PipelineRegister:PIPE|falling_dffg:\G_nbit_reg:18:MUXI|s_Q                                              ; IDEXRegister:IDEXRegister_inst|PipelineRegister_Flush:IDEX_PC_Register|PipelineRegister:PIPE|falling_dffg:\G_nbit_reg:18:MUXI|s_Q               ; iCLK         ; iCLK        ; 0.000        ; 0.080      ; 0.820      ;
; 0.554 ; IDEXRegister:IDEXRegister_inst|PipelineRegister_logic_Flush:IDEX_MemToReg_Register|falling_dffg:DFF|s_Q                                         ; EXMEMRegister:EXMEMRegister_inst|PipelineRegister_logic_Flush:EXMEM_MemToReg_Register|falling_dffg:DFF|s_Q                                      ; iCLK         ; iCLK        ; 0.000        ; 0.080      ; 0.820      ;
; 0.554 ; PipelineRegister_Flush:IFID_PC_Register|PipelineRegister:PIPE|falling_dffg:\G_nbit_reg:21:MUXI|s_Q                                              ; IDEXRegister:IDEXRegister_inst|PipelineRegister_Flush:IDEX_PC_Register|PipelineRegister:PIPE|falling_dffg:\G_nbit_reg:21:MUXI|s_Q               ; iCLK         ; iCLK        ; 0.000        ; 0.081      ; 0.821      ;
; 0.554 ; PipelineRegister_Flush:IFID_PC4_Register|PipelineRegister:PIPE|falling_dffg:\G_nbit_reg:7:MUXI|s_Q                                              ; IDEXRegister:IDEXRegister_inst|PipelineRegister_Flush:IDEX_PC4_Register|PipelineRegister:PIPE|falling_dffg:\G_nbit_reg:7:MUXI|s_Q               ; iCLK         ; iCLK        ; 0.000        ; 0.080      ; 0.820      ;
; 0.554 ; PipelineRegister_Flush:IFID_PC4_Register|PipelineRegister:PIPE|falling_dffg:\G_nbit_reg:20:MUXI|s_Q                                             ; IDEXRegister:IDEXRegister_inst|PipelineRegister_Flush:IDEX_PC4_Register|PipelineRegister:PIPE|falling_dffg:\G_nbit_reg:20:MUXI|s_Q              ; iCLK         ; iCLK        ; 0.000        ; 0.081      ; 0.821      ;
; 0.554 ; PipelineRegister_Flush:IFID_PC_Register|PipelineRegister:PIPE|falling_dffg:\G_nbit_reg:8:MUXI|s_Q                                               ; IDEXRegister:IDEXRegister_inst|PipelineRegister_Flush:IDEX_PC_Register|PipelineRegister:PIPE|falling_dffg:\G_nbit_reg:8:MUXI|s_Q                ; iCLK         ; iCLK        ; 0.000        ; 0.082      ; 0.822      ;
; 0.554 ; PipelineRegister_Flush:IFID_PC_Register|PipelineRegister:PIPE|falling_dffg:\G_nbit_reg:7:MUXI|s_Q                                               ; IDEXRegister:IDEXRegister_inst|PipelineRegister_Flush:IDEX_PC_Register|PipelineRegister:PIPE|falling_dffg:\G_nbit_reg:7:MUXI|s_Q                ; iCLK         ; iCLK        ; 0.000        ; 0.080      ; 0.820      ;
; 0.555 ; PipelineRegister_Flush:IFID_PC4_Register|PipelineRegister:PIPE|falling_dffg:\G_nbit_reg:4:MUXI|s_Q                                              ; IDEXRegister:IDEXRegister_inst|PipelineRegister_Flush:IDEX_PC4_Register|PipelineRegister:PIPE|falling_dffg:\G_nbit_reg:4:MUXI|s_Q               ; iCLK         ; iCLK        ; 0.000        ; 0.079      ; 0.820      ;
; 0.555 ; PipelineRegister_Flush:IFID_PC4_Register|PipelineRegister:PIPE|falling_dffg:\G_nbit_reg:19:MUXI|s_Q                                             ; IDEXRegister:IDEXRegister_inst|PipelineRegister_Flush:IDEX_PC4_Register|PipelineRegister:PIPE|falling_dffg:\G_nbit_reg:19:MUXI|s_Q              ; iCLK         ; iCLK        ; 0.000        ; 0.080      ; 0.821      ;
; 0.555 ; PipelineRegister_Flush:IFID_PC4_Register|PipelineRegister:PIPE|falling_dffg:\G_nbit_reg:23:MUXI|s_Q                                             ; IDEXRegister:IDEXRegister_inst|PipelineRegister_Flush:IDEX_PC4_Register|PipelineRegister:PIPE|falling_dffg:\G_nbit_reg:23:MUXI|s_Q              ; iCLK         ; iCLK        ; 0.000        ; 0.080      ; 0.821      ;
; 0.555 ; PipelineRegister_Flush:IFID_PC4_Register|PipelineRegister:PIPE|falling_dffg:\G_nbit_reg:15:MUXI|s_Q                                             ; IDEXRegister:IDEXRegister_inst|PipelineRegister_Flush:IDEX_PC4_Register|PipelineRegister:PIPE|falling_dffg:\G_nbit_reg:15:MUXI|s_Q              ; iCLK         ; iCLK        ; 0.000        ; 0.080      ; 0.821      ;
; 0.555 ; PipelineRegister_Flush:IFID_PC4_Register|PipelineRegister:PIPE|falling_dffg:\G_nbit_reg:17:MUXI|s_Q                                             ; IDEXRegister:IDEXRegister_inst|PipelineRegister_Flush:IDEX_PC4_Register|PipelineRegister:PIPE|falling_dffg:\G_nbit_reg:17:MUXI|s_Q              ; iCLK         ; iCLK        ; 0.000        ; 0.081      ; 0.822      ;
; 0.555 ; PipelineRegister_Flush:IFID_PC4_Register|PipelineRegister:PIPE|falling_dffg:\G_nbit_reg:21:MUXI|s_Q                                             ; IDEXRegister:IDEXRegister_inst|PipelineRegister_Flush:IDEX_PC4_Register|PipelineRegister:PIPE|falling_dffg:\G_nbit_reg:21:MUXI|s_Q              ; iCLK         ; iCLK        ; 0.000        ; 0.081      ; 0.822      ;
; 0.556 ; PipelineRegister_Flush:IFID_PC4_Register|PipelineRegister:PIPE|falling_dffg:\G_nbit_reg:3:MUXI|s_Q                                              ; IDEXRegister:IDEXRegister_inst|PipelineRegister_Flush:IDEX_PC4_Register|PipelineRegister:PIPE|falling_dffg:\G_nbit_reg:3:MUXI|s_Q               ; iCLK         ; iCLK        ; 0.000        ; 0.079      ; 0.821      ;
; 0.557 ; PipelineRegister_Flush:IFID_PC4_Register|PipelineRegister:PIPE|falling_dffg:\G_nbit_reg:6:MUXI|s_Q                                              ; IDEXRegister:IDEXRegister_inst|PipelineRegister_Flush:IDEX_PC4_Register|PipelineRegister:PIPE|falling_dffg:\G_nbit_reg:6:MUXI|s_Q               ; iCLK         ; iCLK        ; 0.000        ; 0.080      ; 0.823      ;
; 0.557 ; EXMEMRegister:EXMEMRegister_inst|PipelineRegister_Flush:EXMEM_PC4_Register|PipelineRegister:PIPE|falling_dffg:\G_nbit_reg:26:MUXI|s_Q           ; PipelineRegister:MEMWB_4t1AndLink_Register|falling_dffg:\G_nbit_reg:26:MUXI|s_Q                                                                 ; iCLK         ; iCLK        ; 0.000        ; 0.081      ; 0.824      ;
; 0.566 ; IDEXRegister:IDEXRegister_inst|PipelineRegister_Flush:IDEX_PC_Register|PipelineRegister:PIPE|falling_dffg:\G_nbit_reg:7:MUXI|s_Q                ; EXMEMRegister:EXMEMRegister_inst|PipelineRegister_Flush:EXMEM_PC_jump_adder_Register|PipelineRegister:PIPE|falling_dffg:\G_nbit_reg:7:MUXI|s_Q  ; iCLK         ; iCLK        ; 0.000        ; 0.080      ; 0.832      ;
; 0.592 ; IDEXRegister:IDEXRegister_inst|PipelineRegister_Flush:IDEX_PC4_Register|PipelineRegister:PIPE|falling_dffg:\G_nbit_reg:15:MUXI|s_Q              ; EXMEMRegister:EXMEMRegister_inst|PipelineRegister_Flush:EXMEM_PC4_Register|PipelineRegister:PIPE|falling_dffg:\G_nbit_reg:15:MUXI|s_Q           ; iCLK         ; iCLK        ; 0.000        ; 0.080      ; 0.858      ;
; 0.612 ; IDEXRegister:IDEXRegister_inst|PipelineRegister_Flush:IDEX_WriteBack_Register|PipelineRegister:PIPE|falling_dffg:\G_nbit_reg:4:MUXI|s_Q         ; EXMEMRegister:EXMEMRegister_inst|PipelineRegister_Flush:EXMEM_WriteBack_Register|PipelineRegister:PIPE|falling_dffg:\G_nbit_reg:4:MUXI|s_Q      ; iCLK         ; iCLK        ; 0.000        ; 0.080      ; 0.878      ;
; 0.614 ; PipelineRegister_Flush:IFID_PC4_Register|PipelineRegister:PIPE|falling_dffg:\G_nbit_reg:0:MUXI|s_Q                                              ; IDEXRegister:IDEXRegister_inst|PipelineRegister_Flush:IDEX_PC4_Register|PipelineRegister:PIPE|falling_dffg:\G_nbit_reg:0:MUXI|s_Q               ; iCLK         ; iCLK        ; 0.000        ; 0.082      ; 0.882      ;
; 0.616 ; IDEXRegister:IDEXRegister_inst|PipelineRegister_Flush:IDEX_PC4_Register|PipelineRegister:PIPE|falling_dffg:\G_nbit_reg:11:MUXI|s_Q              ; EXMEMRegister:EXMEMRegister_inst|PipelineRegister_Flush:EXMEM_PC4_Register|PipelineRegister:PIPE|falling_dffg:\G_nbit_reg:11:MUXI|s_Q           ; iCLK         ; iCLK        ; 0.000        ; 0.081      ; 0.883      ;
; 0.621 ; IDEXRegister:IDEXRegister_inst|PipelineRegister_Flush:IDEX_PC4_Register|PipelineRegister:PIPE|falling_dffg:\G_nbit_reg:29:MUXI|s_Q              ; EXMEMRegister:EXMEMRegister_inst|PipelineRegister_Flush:EXMEM_PC4_Register|PipelineRegister:PIPE|falling_dffg:\G_nbit_reg:29:MUXI|s_Q           ; iCLK         ; iCLK        ; 0.000        ; 0.080      ; 0.887      ;
+-------+-------------------------------------------------------------------------------------------------------------------------------------------------+-------------------------------------------------------------------------------------------------------------------------------------------------+--------------+-------------+--------------+------------+------------+


-----------------------------------------------
; Slow 1200mV 85C Model Metastability Summary ;
-----------------------------------------------
No synchronizer chains to report.


+-------------------------------------------------+
; Slow 1200mV 0C Model Fmax Summary               ;
+-----------+-----------------+------------+------+
; Fmax      ; Restricted Fmax ; Clock Name ; Note ;
+-----------+-----------------+------------+------+
; 50.17 MHz ; 50.17 MHz       ; iCLK       ;      ;
+-----------+-----------------+------------+------+
This panel reports FMAX for every clock in the design, regardless of the user-specified clock periods.  FMAX is only computed for paths where the source and destination registers or ports are driven by the same clock.  Paths of different clocks, including generated clocks, are ignored.  For paths between a clock and its inversion, FMAX is computed as if the rising and falling edges are scaled along with FMAX, such that the duty cycle (in terms of a percentage) is maintained. Altera recommends that you always use clock constraints and other slack reports for sign-off analysis.


+------------------------------------+
; Slow 1200mV 0C Model Setup Summary ;
+-------+-------+--------------------+
; Clock ; Slack ; End Point TNS      ;
+-------+-------+--------------------+
; iCLK  ; 0.034 ; 0.000              ;
+-------+-------+--------------------+


+-----------------------------------+
; Slow 1200mV 0C Model Hold Summary ;
+-------+-------+-------------------+
; Clock ; Slack ; End Point TNS     ;
+-------+-------+-------------------+
; iCLK  ; 0.354 ; 0.000             ;
+-------+-------+-------------------+


-----------------------------------------
; Slow 1200mV 0C Model Recovery Summary ;
-----------------------------------------
No paths to report.


----------------------------------------
; Slow 1200mV 0C Model Removal Summary ;
----------------------------------------
No paths to report.


+--------------------------------------------------+
; Slow 1200mV 0C Model Minimum Pulse Width Summary ;
+-------+-------+----------------------------------+
; Clock ; Slack ; End Point TNS                    ;
+-------+-------+----------------------------------+
; iCLK  ; 9.641 ; 0.000                            ;
+-------+-------+----------------------------------+


+--------------------------------------------------------------------------------------------------------------------------------------------------------------------------------------------------------------------------------------------------------------------------------------------------------------------------------------------------------------------------+
; Slow 1200mV 0C Model Setup: 'iCLK'                                                                                                                                                                                                                                                                                                                                       ;
+-------+------------------------------------------------------------------------------------------------------------------------------------------+-------------------------------------------------------------------------------------------------------------------------------------------------+--------------+-------------+--------------+------------+------------+
; Slack ; From Node                                                                                                                                ; To Node                                                                                                                                         ; Launch Clock ; Latch Clock ; Relationship ; Clock Skew ; Data Delay ;
+-------+------------------------------------------------------------------------------------------------------------------------------------------+-------------------------------------------------------------------------------------------------------------------------------------------------+--------------+-------------+--------------+------------+------------+
; 0.034 ; PCRegister:PCCounter_inst|pc_dffg:\G_nbit_reg:9:MUXI|s_Q                                                                                 ; PipelineRegister_Flush:IFID_S_Inst_Register|PipelineRegister:PIPE|falling_dffg:\G_nbit_reg:19:MUXI|s_Q                                          ; iCLK         ; iCLK        ; 10.000       ; -0.035     ; 9.930      ;
; 0.289 ; PCRegister:PCCounter_inst|pc_dffg:\G_nbit_reg:2:MUXI|s_Q                                                                                 ; PipelineRegister_Flush:IFID_S_Inst_Register|PipelineRegister:PIPE|falling_dffg:\G_nbit_reg:22:MUXI|s_Q                                          ; iCLK         ; iCLK        ; 10.000       ; 0.012      ; 9.722      ;
; 0.365 ; PCRegister:PCCounter_inst|pc_dffg:\G_nbit_reg:8:MUXI|s_Q                                                                                 ; PipelineRegister_Flush:IFID_S_Inst_Register|PipelineRegister:PIPE|falling_dffg:\G_nbit_reg:22:MUXI|s_Q                                          ; iCLK         ; iCLK        ; 10.000       ; -0.022     ; 9.612      ;
; 0.391 ; PCRegister:PCCounter_inst|pc_dffg:\G_nbit_reg:9:MUXI|s_Q                                                                                 ; PipelineRegister_Flush:IFID_S_Inst_Register|PipelineRegister:PIPE|falling_dffg:\G_nbit_reg:23:MUXI|s_Q                                          ; iCLK         ; iCLK        ; 10.000       ; -0.016     ; 9.592      ;
; 0.405 ; PCRegister:PCCounter_inst|pc_dffg:\G_nbit_reg:6:MUXI|s_Q                                                                                 ; PipelineRegister_Flush:IFID_S_Inst_Register|PipelineRegister:PIPE|falling_dffg:\G_nbit_reg:19:MUXI|s_Q                                          ; iCLK         ; iCLK        ; 10.000       ; -0.035     ; 9.559      ;
; 0.416 ; PCRegister:PCCounter_inst|pc_dffg:\G_nbit_reg:8:MUXI|s_Q                                                                                 ; PipelineRegister_Flush:IFID_S_Inst_Register|PipelineRegister:PIPE|falling_dffg:\G_nbit_reg:23:MUXI|s_Q                                          ; iCLK         ; iCLK        ; 10.000       ; -0.016     ; 9.567      ;
; 0.417 ; PCRegister:PCCounter_inst|pc_dffg:\G_nbit_reg:4:MUXI|s_Q                                                                                 ; PipelineRegister_Flush:IFID_S_Inst_Register|PipelineRegister:PIPE|falling_dffg:\G_nbit_reg:19:MUXI|s_Q                                          ; iCLK         ; iCLK        ; 10.000       ; 0.020      ; 9.602      ;
; 0.421 ; PCRegister:PCCounter_inst|pc_dffg:\G_nbit_reg:4:MUXI|s_Q                                                                                 ; PipelineRegister_Flush:IFID_S_Inst_Register|PipelineRegister:PIPE|falling_dffg:\G_nbit_reg:27:MUXI|s_Q                                          ; iCLK         ; iCLK        ; 10.000       ; 0.392      ; 9.970      ;
; 0.434 ; PCRegister:PCCounter_inst|pc_dffg:\G_nbit_reg:3:MUXI|s_Q                                                                                 ; PipelineRegister_Flush:IFID_S_Inst_Register|PipelineRegister:PIPE|falling_dffg:\G_nbit_reg:19:MUXI|s_Q                                          ; iCLK         ; iCLK        ; 10.000       ; 0.020      ; 9.585      ;
; 0.446 ; PCRegister:PCCounter_inst|pc_dffg:\G_nbit_reg:5:MUXI|s_Q                                                                                 ; PipelineRegister_Flush:IFID_S_Inst_Register|PipelineRegister:PIPE|falling_dffg:\G_nbit_reg:30:MUXI|s_Q                                          ; iCLK         ; iCLK        ; 10.000       ; 0.384      ; 9.937      ;
; 0.452 ; PCRegister:PCCounter_inst|pc_dffg:\G_nbit_reg:9:MUXI|s_Q                                                                                 ; PipelineRegister_Flush:IFID_S_Inst_Register|PipelineRegister:PIPE|falling_dffg:\G_nbit_reg:22:MUXI|s_Q                                          ; iCLK         ; iCLK        ; 10.000       ; -0.022     ; 9.525      ;
; 0.471 ; PCRegister:PCCounter_inst|pc_dffg:\G_nbit_reg:3:MUXI|s_Q                                                                                 ; PipelineRegister_Flush:IFID_S_Inst_Register|PipelineRegister:PIPE|falling_dffg:\G_nbit_reg:22:MUXI|s_Q                                          ; iCLK         ; iCLK        ; 10.000       ; 0.012      ; 9.540      ;
; 0.472 ; IDEXRegister:IDEXRegister_inst|PipelineRegister_Flush:IDEX_ALUControl_Register|PipelineRegister:PIPE|falling_dffg:\G_nbit_reg:0:MUXI|s_Q ; EXMEMRegister:EXMEMRegister_inst|PipelineRegister_Flush:EXMEM_PC_jump_adder_Register|PipelineRegister:PIPE|falling_dffg:\G_nbit_reg:31:MUXI|s_Q ; iCLK         ; iCLK        ; 20.000       ; -0.060     ; 19.467     ;
; 0.481 ; PCRegister:PCCounter_inst|pc_dffg:\G_nbit_reg:7:MUXI|s_Q                                                                                 ; PipelineRegister_Flush:IFID_S_Inst_Register|PipelineRegister:PIPE|falling_dffg:\G_nbit_reg:19:MUXI|s_Q                                          ; iCLK         ; iCLK        ; 10.000       ; -0.035     ; 9.483      ;
; 0.504 ; PCRegister:PCCounter_inst|pc_dffg:\G_nbit_reg:6:MUXI|s_Q                                                                                 ; PipelineRegister_Flush:IFID_S_Inst_Register|PipelineRegister:PIPE|falling_dffg:\G_nbit_reg:12:MUXI|s_Q                                          ; iCLK         ; iCLK        ; 10.000       ; 0.329      ; 9.824      ;
; 0.504 ; PCRegister:PCCounter_inst|pc_dffg:\G_nbit_reg:8:MUXI|s_Q                                                                                 ; PipelineRegister_Flush:IFID_S_Inst_Register|PipelineRegister:PIPE|falling_dffg:\G_nbit_reg:19:MUXI|s_Q                                          ; iCLK         ; iCLK        ; 10.000       ; -0.035     ; 9.460      ;
; 0.533 ; PCRegister:PCCounter_inst|pc_dffg:\G_nbit_reg:7:MUXI|s_Q                                                                                 ; PipelineRegister_Flush:IFID_S_Inst_Register|PipelineRegister:PIPE|falling_dffg:\G_nbit_reg:23:MUXI|s_Q                                          ; iCLK         ; iCLK        ; 10.000       ; -0.016     ; 9.450      ;
; 0.540 ; PCRegister:PCCounter_inst|pc_dffg:\G_nbit_reg:2:MUXI|s_Q                                                                                 ; PipelineRegister_Flush:IFID_S_Inst_Register|PipelineRegister:PIPE|falling_dffg:\G_nbit_reg:19:MUXI|s_Q                                          ; iCLK         ; iCLK        ; 10.000       ; 0.020      ; 9.479      ;
; 0.542 ; IDEXRegister:IDEXRegister_inst|PipelineRegister_Flush:IDEX_ALUControl_Register|PipelineRegister:PIPE|falling_dffg:\G_nbit_reg:2:MUXI|s_Q ; EXMEMRegister:EXMEMRegister_inst|PipelineRegister_Flush:EXMEM_PC_jump_adder_Register|PipelineRegister:PIPE|falling_dffg:\G_nbit_reg:31:MUXI|s_Q ; iCLK         ; iCLK        ; 20.000       ; -0.061     ; 19.396     ;
; 0.552 ; PCRegister:PCCounter_inst|pc_dffg:\G_nbit_reg:5:MUXI|s_Q                                                                                 ; PipelineRegister_Flush:IFID_S_Inst_Register|PipelineRegister:PIPE|falling_dffg:\G_nbit_reg:10:MUXI|s_Q                                          ; iCLK         ; iCLK        ; 10.000       ; 0.383      ; 9.830      ;
; 0.553 ; PCRegister:PCCounter_inst|pc_dffg:\G_nbit_reg:9:MUXI|s_Q                                                                                 ; PipelineRegister_Flush:IFID_S_Inst_Register|PipelineRegister:PIPE|falling_dffg:\G_nbit_reg:17:MUXI|s_Q                                          ; iCLK         ; iCLK        ; 10.000       ; -0.015     ; 9.431      ;
; 0.555 ; PCRegister:PCCounter_inst|pc_dffg:\G_nbit_reg:8:MUXI|s_Q                                                                                 ; PipelineRegister_Flush:IFID_S_Inst_Register|PipelineRegister:PIPE|falling_dffg:\G_nbit_reg:20:MUXI|s_Q                                          ; iCLK         ; iCLK        ; 10.000       ; 0.358      ; 9.802      ;
; 0.580 ; PCRegister:PCCounter_inst|pc_dffg:\G_nbit_reg:4:MUXI|s_Q                                                                                 ; PipelineRegister_Flush:IFID_S_Inst_Register|PipelineRegister:PIPE|falling_dffg:\G_nbit_reg:17:MUXI|s_Q                                          ; iCLK         ; iCLK        ; 10.000       ; 0.019      ; 9.438      ;
; 0.587 ; PCRegister:PCCounter_inst|pc_dffg:\G_nbit_reg:5:MUXI|s_Q                                                                                 ; PipelineRegister_Flush:IFID_S_Inst_Register|PipelineRegister:PIPE|falling_dffg:\G_nbit_reg:19:MUXI|s_Q                                          ; iCLK         ; iCLK        ; 10.000       ; 0.020      ; 9.432      ;
; 0.591 ; PCRegister:PCCounter_inst|pc_dffg:\G_nbit_reg:5:MUXI|s_Q                                                                                 ; PipelineRegister_Flush:IFID_S_Inst_Register|PipelineRegister:PIPE|falling_dffg:\G_nbit_reg:17:MUXI|s_Q                                          ; iCLK         ; iCLK        ; 10.000       ; 0.019      ; 9.427      ;
; 0.592 ; PCRegister:PCCounter_inst|pc_dffg:\G_nbit_reg:2:MUXI|s_Q                                                                                 ; PipelineRegister_Flush:IFID_S_Inst_Register|PipelineRegister:PIPE|falling_dffg:\G_nbit_reg:17:MUXI|s_Q                                          ; iCLK         ; iCLK        ; 10.000       ; 0.019      ; 9.426      ;
; 0.594 ; PCRegister:PCCounter_inst|pc_dffg:\G_nbit_reg:3:MUXI|s_Q                                                                                 ; PipelineRegister_Flush:IFID_S_Inst_Register|PipelineRegister:PIPE|falling_dffg:\G_nbit_reg:17:MUXI|s_Q                                          ; iCLK         ; iCLK        ; 10.000       ; 0.019      ; 9.424      ;
; 0.595 ; IDEXRegister:IDEXRegister_inst|PipelineRegister_Flush:IDEX_ALUControl_Register|PipelineRegister:PIPE|falling_dffg:\G_nbit_reg:3:MUXI|s_Q ; EXMEMRegister:EXMEMRegister_inst|PipelineRegister_Flush:EXMEM_PC_jump_adder_Register|PipelineRegister:PIPE|falling_dffg:\G_nbit_reg:31:MUXI|s_Q ; iCLK         ; iCLK        ; 20.000       ; -0.061     ; 19.343     ;
; 0.602 ; PCRegister:PCCounter_inst|pc_dffg:\G_nbit_reg:4:MUXI|s_Q                                                                                 ; PipelineRegister_Flush:IFID_S_Inst_Register|PipelineRegister:PIPE|falling_dffg:\G_nbit_reg:22:MUXI|s_Q                                          ; iCLK         ; iCLK        ; 10.000       ; 0.012      ; 9.409      ;
; 0.603 ; IDEXRegister:IDEXRegister_inst|PipelineRegister_Flush:IDEX_ALUControl_Register|PipelineRegister:PIPE|falling_dffg:\G_nbit_reg:1:MUXI|s_Q ; EXMEMRegister:EXMEMRegister_inst|PipelineRegister_Flush:EXMEM_PC_jump_adder_Register|PipelineRegister:PIPE|falling_dffg:\G_nbit_reg:31:MUXI|s_Q ; iCLK         ; iCLK        ; 20.000       ; -0.060     ; 19.336     ;
; 0.606 ; PCRegister:PCCounter_inst|pc_dffg:\G_nbit_reg:6:MUXI|s_Q                                                                                 ; PipelineRegister_Flush:IFID_S_Inst_Register|PipelineRegister:PIPE|falling_dffg:\G_nbit_reg:23:MUXI|s_Q                                          ; iCLK         ; iCLK        ; 10.000       ; -0.016     ; 9.377      ;
; 0.613 ; PCRegister:PCCounter_inst|pc_dffg:\G_nbit_reg:2:MUXI|s_Q                                                                                 ; PipelineRegister_Flush:IFID_S_Inst_Register|PipelineRegister:PIPE|falling_dffg:\G_nbit_reg:1:MUXI|s_Q                                           ; iCLK         ; iCLK        ; 10.000       ; 0.376      ; 9.762      ;
; 0.624 ; PCRegister:PCCounter_inst|pc_dffg:\G_nbit_reg:5:MUXI|s_Q                                                                                 ; PipelineRegister_Flush:IFID_S_Inst_Register|PipelineRegister:PIPE|falling_dffg:\G_nbit_reg:27:MUXI|s_Q                                          ; iCLK         ; iCLK        ; 10.000       ; 0.392      ; 9.767      ;
; 0.628 ; PCRegister:PCCounter_inst|pc_dffg:\G_nbit_reg:9:MUXI|s_Q                                                                                 ; PipelineRegister_Flush:IFID_S_Inst_Register|PipelineRegister:PIPE|falling_dffg:\G_nbit_reg:3:MUXI|s_Q                                           ; iCLK         ; iCLK        ; 10.000       ; 0.363      ; 9.734      ;
; 0.631 ; PCRegister:PCCounter_inst|pc_dffg:\G_nbit_reg:8:MUXI|s_Q                                                                                 ; PipelineRegister_Flush:IFID_S_Inst_Register|PipelineRegister:PIPE|falling_dffg:\G_nbit_reg:1:MUXI|s_Q                                           ; iCLK         ; iCLK        ; 10.000       ; 0.363      ; 9.731      ;
; 0.646 ; PCRegister:PCCounter_inst|pc_dffg:\G_nbit_reg:5:MUXI|s_Q                                                                                 ; PipelineRegister_Flush:IFID_S_Inst_Register|PipelineRegister:PIPE|falling_dffg:\G_nbit_reg:20:MUXI|s_Q                                          ; iCLK         ; iCLK        ; 10.000       ; 0.392      ; 9.745      ;
; 0.650 ; PCRegister:PCCounter_inst|pc_dffg:\G_nbit_reg:8:MUXI|s_Q                                                                                 ; PipelineRegister_Flush:IFID_S_Inst_Register|PipelineRegister:PIPE|falling_dffg:\G_nbit_reg:6:MUXI|s_Q                                           ; iCLK         ; iCLK        ; 10.000       ; 0.363      ; 9.712      ;
; 0.656 ; PCRegister:PCCounter_inst|pc_dffg:\G_nbit_reg:9:MUXI|s_Q                                                                                 ; PipelineRegister_Flush:IFID_S_Inst_Register|PipelineRegister:PIPE|falling_dffg:\G_nbit_reg:12:MUXI|s_Q                                          ; iCLK         ; iCLK        ; 10.000       ; 0.329      ; 9.672      ;
; 0.657 ; PCRegister:PCCounter_inst|pc_dffg:\G_nbit_reg:3:MUXI|s_Q                                                                                 ; PipelineRegister_Flush:IFID_S_Inst_Register|PipelineRegister:PIPE|falling_dffg:\G_nbit_reg:20:MUXI|s_Q                                          ; iCLK         ; iCLK        ; 10.000       ; 0.392      ; 9.734      ;
; 0.661 ; PCRegister:PCCounter_inst|pc_dffg:\G_nbit_reg:4:MUXI|s_Q                                                                                 ; PipelineRegister_Flush:IFID_S_Inst_Register|PipelineRegister:PIPE|falling_dffg:\G_nbit_reg:7:MUXI|s_Q                                           ; iCLK         ; iCLK        ; 10.000       ; 0.392      ; 9.730      ;
; 0.667 ; PCRegister:PCCounter_inst|pc_dffg:\G_nbit_reg:8:MUXI|s_Q                                                                                 ; PipelineRegister_Flush:IFID_S_Inst_Register|PipelineRegister:PIPE|falling_dffg:\G_nbit_reg:17:MUXI|s_Q                                          ; iCLK         ; iCLK        ; 10.000       ; -0.015     ; 9.317      ;
; 0.676 ; PCRegister:PCCounter_inst|pc_dffg:\G_nbit_reg:7:MUXI|s_Q                                                                                 ; PipelineRegister_Flush:IFID_S_Inst_Register|PipelineRegister:PIPE|falling_dffg:\G_nbit_reg:12:MUXI|s_Q                                          ; iCLK         ; iCLK        ; 10.000       ; 0.329      ; 9.652      ;
; 0.679 ; PCRegister:PCCounter_inst|pc_dffg:\G_nbit_reg:9:MUXI|s_Q                                                                                 ; PipelineRegister_Flush:IFID_S_Inst_Register|PipelineRegister:PIPE|falling_dffg:\G_nbit_reg:20:MUXI|s_Q                                          ; iCLK         ; iCLK        ; 10.000       ; 0.358      ; 9.678      ;
; 0.680 ; PCRegister:PCCounter_inst|pc_dffg:\G_nbit_reg:9:MUXI|s_Q                                                                                 ; PipelineRegister_Flush:IFID_S_Inst_Register|PipelineRegister:PIPE|falling_dffg:\G_nbit_reg:7:MUXI|s_Q                                           ; iCLK         ; iCLK        ; 10.000       ; 0.358      ; 9.677      ;
; 0.688 ; PCRegister:PCCounter_inst|pc_dffg:\G_nbit_reg:4:MUXI|s_Q                                                                                 ; PipelineRegister_Flush:IFID_S_Inst_Register|PipelineRegister:PIPE|falling_dffg:\G_nbit_reg:4:MUXI|s_Q                                           ; iCLK         ; iCLK        ; 10.000       ; 0.383      ; 9.694      ;
; 0.696 ; PCRegister:PCCounter_inst|pc_dffg:\G_nbit_reg:8:MUXI|s_Q                                                                                 ; PipelineRegister_Flush:IFID_S_Inst_Register|PipelineRegister:PIPE|falling_dffg:\G_nbit_reg:14:MUXI|s_Q                                          ; iCLK         ; iCLK        ; 10.000       ; 0.329      ; 9.632      ;
; 0.704 ; PCRegister:PCCounter_inst|pc_dffg:\G_nbit_reg:8:MUXI|s_Q                                                                                 ; PipelineRegister_Flush:IFID_S_Inst_Register|PipelineRegister:PIPE|falling_dffg:\G_nbit_reg:12:MUXI|s_Q                                          ; iCLK         ; iCLK        ; 10.000       ; 0.329      ; 9.624      ;
; 0.706 ; PCRegister:PCCounter_inst|pc_dffg:\G_nbit_reg:8:MUXI|s_Q                                                                                 ; PipelineRegister_Flush:IFID_S_Inst_Register|PipelineRegister:PIPE|falling_dffg:\G_nbit_reg:3:MUXI|s_Q                                           ; iCLK         ; iCLK        ; 10.000       ; 0.363      ; 9.656      ;
; 0.708 ; PCRegister:PCCounter_inst|pc_dffg:\G_nbit_reg:2:MUXI|s_Q                                                                                 ; PipelineRegister_Flush:IFID_S_Inst_Register|PipelineRegister:PIPE|falling_dffg:\G_nbit_reg:20:MUXI|s_Q                                          ; iCLK         ; iCLK        ; 10.000       ; 0.392      ; 9.683      ;
; 0.730 ; IDEXRegister:IDEXRegister_inst|PipelineRegister_Flush:IDEX_rs2_Register|PipelineRegister:PIPE|falling_dffg:\G_nbit_reg:0:MUXI|s_Q        ; EXMEMRegister:EXMEMRegister_inst|PipelineRegister_Flush:EXMEM_PC_jump_adder_Register|PipelineRegister:PIPE|falling_dffg:\G_nbit_reg:31:MUXI|s_Q ; iCLK         ; iCLK        ; 20.000       ; -0.060     ; 19.209     ;
; 0.731 ; PCRegister:PCCounter_inst|pc_dffg:\G_nbit_reg:4:MUXI|s_Q                                                                                 ; PipelineRegister_Flush:IFID_S_Inst_Register|PipelineRegister:PIPE|falling_dffg:\G_nbit_reg:20:MUXI|s_Q                                          ; iCLK         ; iCLK        ; 10.000       ; 0.392      ; 9.660      ;
; 0.734 ; PCRegister:PCCounter_inst|pc_dffg:\G_nbit_reg:7:MUXI|s_Q                                                                                 ; PipelineRegister_Flush:IFID_S_Inst_Register|PipelineRegister:PIPE|falling_dffg:\G_nbit_reg:2:MUXI|s_Q                                           ; iCLK         ; iCLK        ; 10.000       ; 0.363      ; 9.628      ;
; 0.738 ; PCRegister:PCCounter_inst|pc_dffg:\G_nbit_reg:9:MUXI|s_Q                                                                                 ; PipelineRegister_Flush:IFID_S_Inst_Register|PipelineRegister:PIPE|falling_dffg:\G_nbit_reg:1:MUXI|s_Q                                           ; iCLK         ; iCLK        ; 10.000       ; 0.363      ; 9.624      ;
; 0.738 ; PCRegister:PCCounter_inst|pc_dffg:\G_nbit_reg:5:MUXI|s_Q                                                                                 ; PipelineRegister_Flush:IFID_S_Inst_Register|PipelineRegister:PIPE|falling_dffg:\G_nbit_reg:8:MUXI|s_Q                                           ; iCLK         ; iCLK        ; 10.000       ; 0.377      ; 9.638      ;
; 0.750 ; PCRegister:PCCounter_inst|pc_dffg:\G_nbit_reg:5:MUXI|s_Q                                                                                 ; PipelineRegister_Flush:IFID_S_Inst_Register|PipelineRegister:PIPE|falling_dffg:\G_nbit_reg:22:MUXI|s_Q                                          ; iCLK         ; iCLK        ; 10.000       ; 0.012      ; 9.261      ;
; 0.758 ; PCRegister:PCCounter_inst|pc_dffg:\G_nbit_reg:7:MUXI|s_Q                                                                                 ; PipelineRegister_Flush:IFID_S_Inst_Register|PipelineRegister:PIPE|falling_dffg:\G_nbit_reg:22:MUXI|s_Q                                          ; iCLK         ; iCLK        ; 10.000       ; -0.022     ; 9.219      ;
; 0.761 ; PCRegister:PCCounter_inst|pc_dffg:\G_nbit_reg:9:MUXI|s_Q                                                                                 ; PipelineRegister_Flush:IFID_S_Inst_Register|PipelineRegister:PIPE|falling_dffg:\G_nbit_reg:6:MUXI|s_Q                                           ; iCLK         ; iCLK        ; 10.000       ; 0.363      ; 9.601      ;
; 0.764 ; PCRegister:PCCounter_inst|pc_dffg:\G_nbit_reg:9:MUXI|s_Q                                                                                 ; PipelineRegister_Flush:IFID_S_Inst_Register|PipelineRegister:PIPE|falling_dffg:\G_nbit_reg:2:MUXI|s_Q                                           ; iCLK         ; iCLK        ; 10.000       ; 0.363      ; 9.598      ;
; 0.772 ; PCRegister:PCCounter_inst|pc_dffg:\G_nbit_reg:7:MUXI|s_Q                                                                                 ; PipelineRegister_Flush:IFID_S_Inst_Register|PipelineRegister:PIPE|falling_dffg:\G_nbit_reg:1:MUXI|s_Q                                           ; iCLK         ; iCLK        ; 10.000       ; 0.363      ; 9.590      ;
; 0.777 ; PCRegister:PCCounter_inst|pc_dffg:\G_nbit_reg:7:MUXI|s_Q                                                                                 ; PipelineRegister_Flush:IFID_S_Inst_Register|PipelineRegister:PIPE|falling_dffg:\G_nbit_reg:17:MUXI|s_Q                                          ; iCLK         ; iCLK        ; 10.000       ; -0.015     ; 9.207      ;
; 0.781 ; PCRegister:PCCounter_inst|pc_dffg:\G_nbit_reg:3:MUXI|s_Q                                                                                 ; PipelineRegister_Flush:IFID_S_Inst_Register|PipelineRegister:PIPE|falling_dffg:\G_nbit_reg:4:MUXI|s_Q                                           ; iCLK         ; iCLK        ; 10.000       ; 0.383      ; 9.601      ;
; 0.783 ; PCRegister:PCCounter_inst|pc_dffg:\G_nbit_reg:8:MUXI|s_Q                                                                                 ; PipelineRegister_Flush:IFID_S_Inst_Register|PipelineRegister:PIPE|falling_dffg:\G_nbit_reg:25:MUXI|s_Q                                          ; iCLK         ; iCLK        ; 10.000       ; 0.366      ; 9.582      ;
; 0.783 ; PCRegister:PCCounter_inst|pc_dffg:\G_nbit_reg:4:MUXI|s_Q                                                                                 ; PipelineRegister_Flush:IFID_S_Inst_Register|PipelineRegister:PIPE|falling_dffg:\G_nbit_reg:10:MUXI|s_Q                                          ; iCLK         ; iCLK        ; 10.000       ; 0.383      ; 9.599      ;
; 0.789 ; PCRegister:PCCounter_inst|pc_dffg:\G_nbit_reg:3:MUXI|s_Q                                                                                 ; PipelineRegister_Flush:IFID_S_Inst_Register|PipelineRegister:PIPE|falling_dffg:\G_nbit_reg:3:MUXI|s_Q                                           ; iCLK         ; iCLK        ; 10.000       ; 0.376      ; 9.586      ;
; 0.791 ; PCRegister:PCCounter_inst|pc_dffg:\G_nbit_reg:4:MUXI|s_Q                                                                                 ; PipelineRegister_Flush:IFID_S_Inst_Register|PipelineRegister:PIPE|falling_dffg:\G_nbit_reg:30:MUXI|s_Q                                          ; iCLK         ; iCLK        ; 10.000       ; 0.384      ; 9.592      ;
; 0.808 ; PCRegister:PCCounter_inst|pc_dffg:\G_nbit_reg:4:MUXI|s_Q                                                                                 ; PipelineRegister_Flush:IFID_S_Inst_Register|PipelineRegister:PIPE|falling_dffg:\G_nbit_reg:0:MUXI|s_Q                                           ; iCLK         ; iCLK        ; 10.000       ; 0.376      ; 9.567      ;
; 0.810 ; PCRegister:PCCounter_inst|pc_dffg:\G_nbit_reg:3:MUXI|s_Q                                                                                 ; PipelineRegister_Flush:IFID_S_Inst_Register|PipelineRegister:PIPE|falling_dffg:\G_nbit_reg:23:MUXI|s_Q                                          ; iCLK         ; iCLK        ; 10.000       ; 0.018      ; 9.207      ;
; 0.814 ; PCRegister:PCCounter_inst|pc_dffg:\G_nbit_reg:8:MUXI|s_Q                                                                                 ; PipelineRegister_Flush:IFID_S_Inst_Register|PipelineRegister:PIPE|falling_dffg:\G_nbit_reg:13:MUXI|s_Q                                          ; iCLK         ; iCLK        ; 10.000       ; 0.329      ; 9.514      ;
; 0.825 ; PCRegister:PCCounter_inst|pc_dffg:\G_nbit_reg:3:MUXI|s_Q                                                                                 ; PipelineRegister_Flush:IFID_S_Inst_Register|PipelineRegister:PIPE|falling_dffg:\G_nbit_reg:1:MUXI|s_Q                                           ; iCLK         ; iCLK        ; 10.000       ; 0.376      ; 9.550      ;
; 0.826 ; PCRegister:PCCounter_inst|pc_dffg:\G_nbit_reg:4:MUXI|s_Q                                                                                 ; PipelineRegister_Flush:IFID_S_Inst_Register|PipelineRegister:PIPE|falling_dffg:\G_nbit_reg:5:MUXI|s_Q                                           ; iCLK         ; iCLK        ; 10.000       ; 0.372      ; 9.545      ;
; 0.827 ; PCRegister:PCCounter_inst|pc_dffg:\G_nbit_reg:9:MUXI|s_Q                                                                                 ; PipelineRegister_Flush:IFID_S_Inst_Register|PipelineRegister:PIPE|falling_dffg:\G_nbit_reg:0:MUXI|s_Q                                           ; iCLK         ; iCLK        ; 10.000       ; 0.363      ; 9.535      ;
; 0.827 ; PCRegister:PCCounter_inst|pc_dffg:\G_nbit_reg:6:MUXI|s_Q                                                                                 ; PipelineRegister_Flush:IFID_S_Inst_Register|PipelineRegister:PIPE|falling_dffg:\G_nbit_reg:2:MUXI|s_Q                                           ; iCLK         ; iCLK        ; 10.000       ; 0.363      ; 9.535      ;
; 0.838 ; PCRegister:PCCounter_inst|pc_dffg:\G_nbit_reg:4:MUXI|s_Q                                                                                 ; PipelineRegister_Flush:IFID_S_Inst_Register|PipelineRegister:PIPE|falling_dffg:\G_nbit_reg:12:MUXI|s_Q                                          ; iCLK         ; iCLK        ; 10.000       ; 0.384      ; 9.545      ;
; 0.840 ; PCRegister:PCCounter_inst|pc_dffg:\G_nbit_reg:4:MUXI|s_Q                                                                                 ; PipelineRegister_Flush:IFID_S_Inst_Register|PipelineRegister:PIPE|falling_dffg:\G_nbit_reg:18:MUXI|s_Q                                          ; iCLK         ; iCLK        ; 10.000       ; 0.383      ; 9.542      ;
; 0.842 ; PCRegister:PCCounter_inst|pc_dffg:\G_nbit_reg:8:MUXI|s_Q                                                                                 ; PipelineRegister_Flush:IFID_S_Inst_Register|PipelineRegister:PIPE|falling_dffg:\G_nbit_reg:5:MUXI|s_Q                                           ; iCLK         ; iCLK        ; 10.000       ; 0.338      ; 9.495      ;
; 0.846 ; PCRegister:PCCounter_inst|pc_dffg:\G_nbit_reg:8:MUXI|s_Q                                                                                 ; PipelineRegister_Flush:IFID_S_Inst_Register|PipelineRegister:PIPE|falling_dffg:\G_nbit_reg:9:MUXI|s_Q                                           ; iCLK         ; iCLK        ; 10.000       ; 0.331      ; 9.484      ;
; 0.849 ; PCRegister:PCCounter_inst|pc_dffg:\G_nbit_reg:7:MUXI|s_Q                                                                                 ; PipelineRegister_Flush:IFID_S_Inst_Register|PipelineRegister:PIPE|falling_dffg:\G_nbit_reg:14:MUXI|s_Q                                          ; iCLK         ; iCLK        ; 10.000       ; 0.329      ; 9.479      ;
; 0.850 ; PCRegister:PCCounter_inst|pc_dffg:\G_nbit_reg:2:MUXI|s_Q                                                                                 ; PipelineRegister_Flush:IFID_S_Inst_Register|PipelineRegister:PIPE|falling_dffg:\G_nbit_reg:16:MUXI|s_Q                                          ; iCLK         ; iCLK        ; 10.000       ; 0.382      ; 9.531      ;
; 0.851 ; PCRegister:PCCounter_inst|pc_dffg:\G_nbit_reg:2:MUXI|s_Q                                                                                 ; PipelineRegister_Flush:IFID_S_Inst_Register|PipelineRegister:PIPE|falling_dffg:\G_nbit_reg:23:MUXI|s_Q                                          ; iCLK         ; iCLK        ; 10.000       ; 0.018      ; 9.166      ;
; 0.853 ; PCRegister:PCCounter_inst|pc_dffg:\G_nbit_reg:5:MUXI|s_Q                                                                                 ; PipelineRegister_Flush:IFID_S_Inst_Register|PipelineRegister:PIPE|falling_dffg:\G_nbit_reg:23:MUXI|s_Q                                          ; iCLK         ; iCLK        ; 10.000       ; 0.018      ; 9.164      ;
; 0.853 ; PCRegister:PCCounter_inst|pc_dffg:\G_nbit_reg:5:MUXI|s_Q                                                                                 ; PipelineRegister_Flush:IFID_S_Inst_Register|PipelineRegister:PIPE|falling_dffg:\G_nbit_reg:12:MUXI|s_Q                                          ; iCLK         ; iCLK        ; 10.000       ; 0.384      ; 9.530      ;
; 0.856 ; PCRegister:PCCounter_inst|pc_dffg:\G_nbit_reg:4:MUXI|s_Q                                                                                 ; PipelineRegister_Flush:IFID_S_Inst_Register|PipelineRegister:PIPE|falling_dffg:\G_nbit_reg:15:MUXI|s_Q                                          ; iCLK         ; iCLK        ; 10.000       ; 0.406      ; 9.549      ;
; 0.860 ; PCRegister:PCCounter_inst|pc_dffg:\G_nbit_reg:7:MUXI|s_Q                                                                                 ; PipelineRegister_Flush:IFID_S_Inst_Register|PipelineRegister:PIPE|falling_dffg:\G_nbit_reg:8:MUXI|s_Q                                           ; iCLK         ; iCLK        ; 10.000       ; 0.364      ; 9.503      ;
; 0.860 ; PCRegister:PCCounter_inst|pc_dffg:\G_nbit_reg:3:MUXI|s_Q                                                                                 ; PipelineRegister_Flush:IFID_S_Inst_Register|PipelineRegister:PIPE|falling_dffg:\G_nbit_reg:10:MUXI|s_Q                                          ; iCLK         ; iCLK        ; 10.000       ; 0.383      ; 9.522      ;
; 0.864 ; PCRegister:PCCounter_inst|pc_dffg:\G_nbit_reg:4:MUXI|s_Q                                                                                 ; PipelineRegister_Flush:IFID_S_Inst_Register|PipelineRegister:PIPE|falling_dffg:\G_nbit_reg:28:MUXI|s_Q                                          ; iCLK         ; iCLK        ; 10.000       ; 0.370      ; 9.505      ;
; 0.865 ; PCRegister:PCCounter_inst|pc_dffg:\G_nbit_reg:2:MUXI|s_Q                                                                                 ; PipelineRegister_Flush:IFID_S_Inst_Register|PipelineRegister:PIPE|falling_dffg:\G_nbit_reg:18:MUXI|s_Q                                          ; iCLK         ; iCLK        ; 10.000       ; 0.383      ; 9.517      ;
; 0.866 ; PCRegister:PCCounter_inst|pc_dffg:\G_nbit_reg:2:MUXI|s_Q                                                                                 ; PipelineRegister_Flush:IFID_S_Inst_Register|PipelineRegister:PIPE|falling_dffg:\G_nbit_reg:12:MUXI|s_Q                                          ; iCLK         ; iCLK        ; 10.000       ; 0.384      ; 9.517      ;
; 0.870 ; PCRegister:PCCounter_inst|pc_dffg:\G_nbit_reg:7:MUXI|s_Q                                                                                 ; PipelineRegister_Flush:IFID_S_Inst_Register|PipelineRegister:PIPE|falling_dffg:\G_nbit_reg:7:MUXI|s_Q                                           ; iCLK         ; iCLK        ; 10.000       ; 0.358      ; 9.487      ;
; 0.871 ; PCRegister:PCCounter_inst|pc_dffg:\G_nbit_reg:5:MUXI|s_Q                                                                                 ; PipelineRegister_Flush:IFID_S_Inst_Register|PipelineRegister:PIPE|falling_dffg:\G_nbit_reg:6:MUXI|s_Q                                           ; iCLK         ; iCLK        ; 10.000       ; 0.376      ; 9.504      ;
; 0.871 ; PCRegister:PCCounter_inst|pc_dffg:\G_nbit_reg:4:MUXI|s_Q                                                                                 ; PipelineRegister_Flush:IFID_S_Inst_Register|PipelineRegister:PIPE|falling_dffg:\G_nbit_reg:1:MUXI|s_Q                                           ; iCLK         ; iCLK        ; 10.000       ; 0.376      ; 9.504      ;
; 0.874 ; PCRegister:PCCounter_inst|pc_dffg:\G_nbit_reg:9:MUXI|s_Q                                                                                 ; PipelineRegister_Flush:IFID_S_Inst_Register|PipelineRegister:PIPE|falling_dffg:\G_nbit_reg:5:MUXI|s_Q                                           ; iCLK         ; iCLK        ; 10.000       ; 0.338      ; 9.463      ;
; 0.877 ; IDEXRegister:IDEXRegister_inst|PipelineRegister_Flush:IDEX_rs1_Register|PipelineRegister:PIPE|falling_dffg:\G_nbit_reg:26:MUXI|s_Q       ; EXMEMRegister:EXMEMRegister_inst|PipelineRegister_Flush:EXMEM_PC_jump_adder_Register|PipelineRegister:PIPE|falling_dffg:\G_nbit_reg:31:MUXI|s_Q ; iCLK         ; iCLK        ; 20.000       ; -0.061     ; 19.061     ;
; 0.879 ; PCRegister:PCCounter_inst|pc_dffg:\G_nbit_reg:4:MUXI|s_Q                                                                                 ; PipelineRegister_Flush:IFID_S_Inst_Register|PipelineRegister:PIPE|falling_dffg:\G_nbit_reg:13:MUXI|s_Q                                          ; iCLK         ; iCLK        ; 10.000       ; 0.384      ; 9.504      ;
; 0.879 ; PCRegister:PCCounter_inst|pc_dffg:\G_nbit_reg:3:MUXI|s_Q                                                                                 ; PipelineRegister_Flush:IFID_S_Inst_Register|PipelineRegister:PIPE|falling_dffg:\G_nbit_reg:18:MUXI|s_Q                                          ; iCLK         ; iCLK        ; 10.000       ; 0.383      ; 9.503      ;
; 0.880 ; PCRegister:PCCounter_inst|pc_dffg:\G_nbit_reg:9:MUXI|s_Q                                                                                 ; PipelineRegister_Flush:IFID_S_Inst_Register|PipelineRegister:PIPE|falling_dffg:\G_nbit_reg:9:MUXI|s_Q                                           ; iCLK         ; iCLK        ; 10.000       ; 0.331      ; 9.450      ;
; 0.882 ; PCRegister:PCCounter_inst|pc_dffg:\G_nbit_reg:4:MUXI|s_Q                                                                                 ; PipelineRegister_Flush:IFID_S_Inst_Register|PipelineRegister:PIPE|falling_dffg:\G_nbit_reg:26:MUXI|s_Q                                          ; iCLK         ; iCLK        ; 10.000       ; 0.384      ; 9.501      ;
; 0.883 ; PCRegister:PCCounter_inst|pc_dffg:\G_nbit_reg:9:MUXI|s_Q                                                                                 ; PipelineRegister_Flush:IFID_S_Inst_Register|PipelineRegister:PIPE|falling_dffg:\G_nbit_reg:28:MUXI|s_Q                                          ; iCLK         ; iCLK        ; 10.000       ; 0.336      ; 9.452      ;
; 0.885 ; PCRegister:PCCounter_inst|pc_dffg:\G_nbit_reg:5:MUXI|s_Q                                                                                 ; PipelineRegister_Flush:IFID_S_Inst_Register|PipelineRegister:PIPE|falling_dffg:\G_nbit_reg:13:MUXI|s_Q                                          ; iCLK         ; iCLK        ; 10.000       ; 0.384      ; 9.498      ;
; 0.888 ; PCRegister:PCCounter_inst|pc_dffg:\G_nbit_reg:6:MUXI|s_Q                                                                                 ; PipelineRegister_Flush:IFID_S_Inst_Register|PipelineRegister:PIPE|falling_dffg:\G_nbit_reg:1:MUXI|s_Q                                           ; iCLK         ; iCLK        ; 10.000       ; 0.363      ; 9.474      ;
; 0.890 ; PCRegister:PCCounter_inst|pc_dffg:\G_nbit_reg:4:MUXI|s_Q                                                                                 ; PipelineRegister_Flush:IFID_S_Inst_Register|PipelineRegister:PIPE|falling_dffg:\G_nbit_reg:21:MUXI|s_Q                                          ; iCLK         ; iCLK        ; 10.000       ; 0.358      ; 9.467      ;
+-------+------------------------------------------------------------------------------------------------------------------------------------------+-------------------------------------------------------------------------------------------------------------------------------------------------+--------------+-------------+--------------+------------+------------+


+---------------------------------------------------------------------------------------------------------------------------------------------------------------------------------------------------------------------------------------------------------------------------------------------------------------------------------------------------------------------------------+
; Slow 1200mV 0C Model Hold: 'iCLK'                                                                                                                                                                                                                                                                                                                                               ;
+-------+-------------------------------------------------------------------------------------------------------------------------------------------------+-------------------------------------------------------------------------------------------------------------------------------------------------+--------------+-------------+--------------+------------+------------+
; Slack ; From Node                                                                                                                                       ; To Node                                                                                                                                         ; Launch Clock ; Latch Clock ; Relationship ; Clock Skew ; Data Delay ;
+-------+-------------------------------------------------------------------------------------------------------------------------------------------------+-------------------------------------------------------------------------------------------------------------------------------------------------+--------------+-------------+--------------+------------+------------+
; 0.354 ; EXMEMRegister:EXMEMRegister_inst|PipelineRegister_Flush:EXMEM_ALUOut_Register|PipelineRegister:PIPE|falling_dffg:\G_nbit_reg:8:MUXI|s_Q         ; mem:DMem|altsyncram:ram_rtl_0|altsyncram_g8d1:auto_generated|ram_block1a0~portb_address_reg0                                                    ; iCLK         ; iCLK        ; 0.000        ; 0.371      ; 0.926      ;
; 0.384 ; EXMEMRegister:EXMEMRegister_inst|PipelineRegister_Flush:EXMEM_ALUOut_Register|PipelineRegister:PIPE|falling_dffg:\G_nbit_reg:4:MUXI|s_Q         ; mem:DMem|altsyncram:ram_rtl_0|altsyncram_g8d1:auto_generated|ram_block1a0~portb_address_reg0                                                    ; iCLK         ; iCLK        ; 0.000        ; 0.398      ; 0.983      ;
; 0.395 ; IDEXRegister:IDEXRegister_inst|PipelineRegister_Flush:IDEX_PC4_Register|PipelineRegister:PIPE|falling_dffg:\G_nbit_reg:8:MUXI|s_Q               ; EXMEMRegister:EXMEMRegister_inst|PipelineRegister_Flush:EXMEM_PC4_Register|PipelineRegister:PIPE|falling_dffg:\G_nbit_reg:8:MUXI|s_Q            ; iCLK         ; iCLK        ; 0.000        ; 0.073      ; 0.639      ;
; 0.395 ; IDEXRegister:IDEXRegister_inst|PipelineRegister_Flush:IDEX_PC4_Register|PipelineRegister:PIPE|falling_dffg:\G_nbit_reg:28:MUXI|s_Q              ; EXMEMRegister:EXMEMRegister_inst|PipelineRegister_Flush:EXMEM_PC4_Register|PipelineRegister:PIPE|falling_dffg:\G_nbit_reg:28:MUXI|s_Q           ; iCLK         ; iCLK        ; 0.000        ; 0.072      ; 0.638      ;
; 0.396 ; IDEXRegister:IDEXRegister_inst|PipelineRegister_Flush:IDEX_PC4_Register|PipelineRegister:PIPE|falling_dffg:\G_nbit_reg:13:MUXI|s_Q              ; EXMEMRegister:EXMEMRegister_inst|PipelineRegister_Flush:EXMEM_PC4_Register|PipelineRegister:PIPE|falling_dffg:\G_nbit_reg:13:MUXI|s_Q           ; iCLK         ; iCLK        ; 0.000        ; 0.071      ; 0.638      ;
; 0.396 ; IDEXRegister:IDEXRegister_inst|PipelineRegister_Flush:IDEX_PC4_Register|PipelineRegister:PIPE|falling_dffg:\G_nbit_reg:16:MUXI|s_Q              ; EXMEMRegister:EXMEMRegister_inst|PipelineRegister_Flush:EXMEM_PC4_Register|PipelineRegister:PIPE|falling_dffg:\G_nbit_reg:16:MUXI|s_Q           ; iCLK         ; iCLK        ; 0.000        ; 0.071      ; 0.638      ;
; 0.396 ; IDEXRegister:IDEXRegister_inst|PipelineRegister_logic_Flush:IDEX_FlagNFlag_Register|falling_dffg:DFF|s_Q                                        ; EXMEMRegister:EXMEMRegister_inst|PipelineRegister_logic_Flush:EXMEM_FlagNFlag_Register|falling_dffg:DFF|s_Q                                     ; iCLK         ; iCLK        ; 0.000        ; 0.072      ; 0.639      ;
; 0.396 ; IDEXRegister:IDEXRegister_inst|PipelineRegister_Flush:IDEX_PC4_Register|PipelineRegister:PIPE|falling_dffg:\G_nbit_reg:14:MUXI|s_Q              ; EXMEMRegister:EXMEMRegister_inst|PipelineRegister_Flush:EXMEM_PC4_Register|PipelineRegister:PIPE|falling_dffg:\G_nbit_reg:14:MUXI|s_Q           ; iCLK         ; iCLK        ; 0.000        ; 0.072      ; 0.639      ;
; 0.396 ; IDEXRegister:IDEXRegister_inst|PipelineRegister_Flush:IDEX_PC4_Register|PipelineRegister:PIPE|falling_dffg:\G_nbit_reg:9:MUXI|s_Q               ; EXMEMRegister:EXMEMRegister_inst|PipelineRegister_Flush:EXMEM_PC4_Register|PipelineRegister:PIPE|falling_dffg:\G_nbit_reg:9:MUXI|s_Q            ; iCLK         ; iCLK        ; 0.000        ; 0.073      ; 0.640      ;
; 0.396 ; IDEXRegister:IDEXRegister_inst|PipelineRegister_Flush:IDEX_PC4_Register|PipelineRegister:PIPE|falling_dffg:\G_nbit_reg:10:MUXI|s_Q              ; EXMEMRegister:EXMEMRegister_inst|PipelineRegister_Flush:EXMEM_PC4_Register|PipelineRegister:PIPE|falling_dffg:\G_nbit_reg:10:MUXI|s_Q           ; iCLK         ; iCLK        ; 0.000        ; 0.072      ; 0.639      ;
; 0.396 ; IDEXRegister:IDEXRegister_inst|PipelineRegister_logic_Flush:IDEX_Branch_Register|falling_dffg:DFF|s_Q                                           ; EXMEMRegister:EXMEMRegister_inst|PipelineRegister_logic_Flush:EXMEM_Branch_Register|falling_dffg:DFF|s_Q                                        ; iCLK         ; iCLK        ; 0.000        ; 0.072      ; 0.639      ;
; 0.396 ; EXMEMRegister:EXMEMRegister_inst|PipelineRegister_Flush:EXMEM_PC4_Register|PipelineRegister:PIPE|falling_dffg:\G_nbit_reg:8:MUXI|s_Q            ; PipelineRegister:MEMWB_4t1AndLink_Register|falling_dffg:\G_nbit_reg:8:MUXI|s_Q                                                                  ; iCLK         ; iCLK        ; 0.000        ; 0.073      ; 0.640      ;
; 0.396 ; EXMEMRegister:EXMEMRegister_inst|PipelineRegister_Flush:EXMEM_PC4_Register|PipelineRegister:PIPE|falling_dffg:\G_nbit_reg:11:MUXI|s_Q           ; PipelineRegister:MEMWB_4t1AndLink_Register|falling_dffg:\G_nbit_reg:11:MUXI|s_Q                                                                 ; iCLK         ; iCLK        ; 0.000        ; 0.071      ; 0.638      ;
; 0.396 ; EXMEMRegister:EXMEMRegister_inst|PipelineRegister_Flush:EXMEM_PC4_Register|PipelineRegister:PIPE|falling_dffg:\G_nbit_reg:30:MUXI|s_Q           ; PipelineRegister:MEMWB_4t1AndLink_Register|falling_dffg:\G_nbit_reg:30:MUXI|s_Q                                                                 ; iCLK         ; iCLK        ; 0.000        ; 0.072      ; 0.639      ;
; 0.397 ; EXMEMRegister:EXMEMRegister_inst|PipelineRegister_Flush:EXMEM_PC4_Register|PipelineRegister:PIPE|falling_dffg:\G_nbit_reg:22:MUXI|s_Q           ; PipelineRegister:MEMWB_4t1AndLink_Register|falling_dffg:\G_nbit_reg:22:MUXI|s_Q                                                                 ; iCLK         ; iCLK        ; 0.000        ; 0.071      ; 0.639      ;
; 0.397 ; IDEXRegister:IDEXRegister_inst|PipelineRegister_Flush:IDEX_PC4_Register|PipelineRegister:PIPE|falling_dffg:\G_nbit_reg:5:MUXI|s_Q               ; EXMEMRegister:EXMEMRegister_inst|PipelineRegister_Flush:EXMEM_PC4_Register|PipelineRegister:PIPE|falling_dffg:\G_nbit_reg:5:MUXI|s_Q            ; iCLK         ; iCLK        ; 0.000        ; 0.072      ; 0.640      ;
; 0.397 ; IDEXRegister:IDEXRegister_inst|PipelineRegister_Flush:IDEX_PC4_Register|PipelineRegister:PIPE|falling_dffg:\G_nbit_reg:23:MUXI|s_Q              ; EXMEMRegister:EXMEMRegister_inst|PipelineRegister_Flush:EXMEM_PC4_Register|PipelineRegister:PIPE|falling_dffg:\G_nbit_reg:23:MUXI|s_Q           ; iCLK         ; iCLK        ; 0.000        ; 0.072      ; 0.640      ;
; 0.397 ; IDEXRegister:IDEXRegister_inst|PipelineRegister_Flush:IDEX_PC4_Register|PipelineRegister:PIPE|falling_dffg:\G_nbit_reg:26:MUXI|s_Q              ; EXMEMRegister:EXMEMRegister_inst|PipelineRegister_Flush:EXMEM_PC4_Register|PipelineRegister:PIPE|falling_dffg:\G_nbit_reg:26:MUXI|s_Q           ; iCLK         ; iCLK        ; 0.000        ; 0.072      ; 0.640      ;
; 0.397 ; IDEXRegister:IDEXRegister_inst|PipelineRegister_Flush:IDEX_PC4_Register|PipelineRegister:PIPE|falling_dffg:\G_nbit_reg:17:MUXI|s_Q              ; EXMEMRegister:EXMEMRegister_inst|PipelineRegister_Flush:EXMEM_PC4_Register|PipelineRegister:PIPE|falling_dffg:\G_nbit_reg:17:MUXI|s_Q           ; iCLK         ; iCLK        ; 0.000        ; 0.072      ; 0.640      ;
; 0.397 ; IDEXRegister:IDEXRegister_inst|PipelineRegister_Flush:IDEX_PC4_Register|PipelineRegister:PIPE|falling_dffg:\G_nbit_reg:7:MUXI|s_Q               ; EXMEMRegister:EXMEMRegister_inst|PipelineRegister_Flush:EXMEM_PC4_Register|PipelineRegister:PIPE|falling_dffg:\G_nbit_reg:7:MUXI|s_Q            ; iCLK         ; iCLK        ; 0.000        ; 0.072      ; 0.640      ;
; 0.397 ; IDEXRegister:IDEXRegister_inst|PipelineRegister_Flush:IDEX_PC4_Register|PipelineRegister:PIPE|falling_dffg:\G_nbit_reg:24:MUXI|s_Q              ; EXMEMRegister:EXMEMRegister_inst|PipelineRegister_Flush:EXMEM_PC4_Register|PipelineRegister:PIPE|falling_dffg:\G_nbit_reg:24:MUXI|s_Q           ; iCLK         ; iCLK        ; 0.000        ; 0.072      ; 0.640      ;
; 0.397 ; IDEXRegister:IDEXRegister_inst|PipelineRegister_Flush:IDEX_PC4_Register|PipelineRegister:PIPE|falling_dffg:\G_nbit_reg:6:MUXI|s_Q               ; EXMEMRegister:EXMEMRegister_inst|PipelineRegister_Flush:EXMEM_PC4_Register|PipelineRegister:PIPE|falling_dffg:\G_nbit_reg:6:MUXI|s_Q            ; iCLK         ; iCLK        ; 0.000        ; 0.072      ; 0.640      ;
; 0.397 ; IDEXRegister:IDEXRegister_inst|PipelineRegister_logic_Flush:IDEX_Jump_Register|falling_dffg:DFF|s_Q                                             ; EXMEMRegister:EXMEMRegister_inst|PipelineRegister_logic_Flush:EXMEM_Jump_Register|falling_dffg:DFF|s_Q                                          ; iCLK         ; iCLK        ; 0.000        ; 0.072      ; 0.640      ;
; 0.397 ; EXMEMRegister:EXMEMRegister_inst|PipelineRegister_Flush:EXMEM_PC4_Register|PipelineRegister:PIPE|falling_dffg:\G_nbit_reg:1:MUXI|s_Q            ; PipelineRegister:MEMWB_4t1AndLink_Register|falling_dffg:\G_nbit_reg:1:MUXI|s_Q                                                                  ; iCLK         ; iCLK        ; 0.000        ; 0.072      ; 0.640      ;
; 0.397 ; EXMEMRegister:EXMEMRegister_inst|PipelineRegister_Flush:EXMEM_PC4_Register|PipelineRegister:PIPE|falling_dffg:\G_nbit_reg:14:MUXI|s_Q           ; PipelineRegister:MEMWB_4t1AndLink_Register|falling_dffg:\G_nbit_reg:14:MUXI|s_Q                                                                 ; iCLK         ; iCLK        ; 0.000        ; 0.072      ; 0.640      ;
; 0.398 ; EXMEMRegister:EXMEMRegister_inst|PipelineRegister_Flush:EXMEM_PC4_Register|PipelineRegister:PIPE|falling_dffg:\G_nbit_reg:12:MUXI|s_Q           ; PipelineRegister:MEMWB_4t1AndLink_Register|falling_dffg:\G_nbit_reg:12:MUXI|s_Q                                                                 ; iCLK         ; iCLK        ; 0.000        ; 0.071      ; 0.640      ;
; 0.398 ; IDEXRegister:IDEXRegister_inst|PipelineRegister_Flush:IDEX_PC4_Register|PipelineRegister:PIPE|falling_dffg:\G_nbit_reg:18:MUXI|s_Q              ; EXMEMRegister:EXMEMRegister_inst|PipelineRegister_Flush:EXMEM_PC4_Register|PipelineRegister:PIPE|falling_dffg:\G_nbit_reg:18:MUXI|s_Q           ; iCLK         ; iCLK        ; 0.000        ; 0.071      ; 0.640      ;
; 0.398 ; IDEXRegister:IDEXRegister_inst|PipelineRegister_Flush:IDEX_PC4_Register|PipelineRegister:PIPE|falling_dffg:\G_nbit_reg:2:MUXI|s_Q               ; EXMEMRegister:EXMEMRegister_inst|PipelineRegister_Flush:EXMEM_PC4_Register|PipelineRegister:PIPE|falling_dffg:\G_nbit_reg:2:MUXI|s_Q            ; iCLK         ; iCLK        ; 0.000        ; 0.072      ; 0.641      ;
; 0.398 ; IDEXRegister:IDEXRegister_inst|PipelineRegister_Flush:IDEX_funct3_Register|PipelineRegister:PIPE|falling_dffg:\G_nbit_reg:0:MUXI|s_Q            ; EXMEMRegister:EXMEMRegister_inst|PipelineRegister_Flush:EXMEM_funct3_Register|PipelineRegister:PIPE|falling_dffg:\G_nbit_reg:0:MUXI|s_Q         ; iCLK         ; iCLK        ; 0.000        ; 0.071      ; 0.640      ;
; 0.398 ; IDEXRegister:IDEXRegister_inst|PipelineRegister_Flush:IDEX_funct3_Register|PipelineRegister:PIPE|falling_dffg:\G_nbit_reg:1:MUXI|s_Q            ; EXMEMRegister:EXMEMRegister_inst|PipelineRegister_Flush:EXMEM_funct3_Register|PipelineRegister:PIPE|falling_dffg:\G_nbit_reg:1:MUXI|s_Q         ; iCLK         ; iCLK        ; 0.000        ; 0.072      ; 0.641      ;
; 0.398 ; IDEXRegister:IDEXRegister_inst|PipelineRegister_Flush:IDEX_PC4_Register|PipelineRegister:PIPE|falling_dffg:\G_nbit_reg:25:MUXI|s_Q              ; EXMEMRegister:EXMEMRegister_inst|PipelineRegister_Flush:EXMEM_PC4_Register|PipelineRegister:PIPE|falling_dffg:\G_nbit_reg:25:MUXI|s_Q           ; iCLK         ; iCLK        ; 0.000        ; 0.072      ; 0.641      ;
; 0.398 ; EXMEMRegister:EXMEMRegister_inst|PipelineRegister_Flush:EXMEM_PC4_Register|PipelineRegister:PIPE|falling_dffg:\G_nbit_reg:20:MUXI|s_Q           ; PipelineRegister:MEMWB_4t1AndLink_Register|falling_dffg:\G_nbit_reg:20:MUXI|s_Q                                                                 ; iCLK         ; iCLK        ; 0.000        ; 0.072      ; 0.641      ;
; 0.398 ; EXMEMRegister:EXMEMRegister_inst|PipelineRegister_Flush:EXMEM_PC4_Register|PipelineRegister:PIPE|falling_dffg:\G_nbit_reg:27:MUXI|s_Q           ; PipelineRegister:MEMWB_4t1AndLink_Register|falling_dffg:\G_nbit_reg:27:MUXI|s_Q                                                                 ; iCLK         ; iCLK        ; 0.000        ; 0.071      ; 0.640      ;
; 0.399 ; EXMEMRegister:EXMEMRegister_inst|PipelineRegister_Flush:EXMEM_PC4_Register|PipelineRegister:PIPE|falling_dffg:\G_nbit_reg:2:MUXI|s_Q            ; PipelineRegister:MEMWB_4t1AndLink_Register|falling_dffg:\G_nbit_reg:2:MUXI|s_Q                                                                  ; iCLK         ; iCLK        ; 0.000        ; 0.072      ; 0.642      ;
; 0.399 ; IDEXRegister:IDEXRegister_inst|PipelineRegister_Flush:IDEX_PC4_Register|PipelineRegister:PIPE|falling_dffg:\G_nbit_reg:4:MUXI|s_Q               ; EXMEMRegister:EXMEMRegister_inst|PipelineRegister_Flush:EXMEM_PC4_Register|PipelineRegister:PIPE|falling_dffg:\G_nbit_reg:4:MUXI|s_Q            ; iCLK         ; iCLK        ; 0.000        ; 0.071      ; 0.641      ;
; 0.399 ; IDEXRegister:IDEXRegister_inst|PipelineRegister_Flush:IDEX_PC4_Register|PipelineRegister:PIPE|falling_dffg:\G_nbit_reg:19:MUXI|s_Q              ; EXMEMRegister:EXMEMRegister_inst|PipelineRegister_Flush:EXMEM_PC4_Register|PipelineRegister:PIPE|falling_dffg:\G_nbit_reg:19:MUXI|s_Q           ; iCLK         ; iCLK        ; 0.000        ; 0.071      ; 0.641      ;
; 0.399 ; IDEXRegister:IDEXRegister_inst|PipelineRegister_Flush:IDEX_PC4_Register|PipelineRegister:PIPE|falling_dffg:\G_nbit_reg:12:MUXI|s_Q              ; EXMEMRegister:EXMEMRegister_inst|PipelineRegister_Flush:EXMEM_PC4_Register|PipelineRegister:PIPE|falling_dffg:\G_nbit_reg:12:MUXI|s_Q           ; iCLK         ; iCLK        ; 0.000        ; 0.071      ; 0.641      ;
; 0.399 ; IDEXRegister:IDEXRegister_inst|PipelineRegister_Flush:IDEX_PC4_Register|PipelineRegister:PIPE|falling_dffg:\G_nbit_reg:20:MUXI|s_Q              ; EXMEMRegister:EXMEMRegister_inst|PipelineRegister_Flush:EXMEM_PC4_Register|PipelineRegister:PIPE|falling_dffg:\G_nbit_reg:20:MUXI|s_Q           ; iCLK         ; iCLK        ; 0.000        ; 0.072      ; 0.642      ;
; 0.401 ; IDEXRegister:IDEXRegister_inst|PipelineRegister_Flush:IDEX_PC_Register|PipelineRegister:PIPE|falling_dffg:\G_nbit_reg:22:MUXI|s_Q               ; EXMEMRegister:EXMEMRegister_inst|PipelineRegister_Flush:EXMEM_PC_jump_adder_Register|PipelineRegister:PIPE|falling_dffg:\G_nbit_reg:22:MUXI|s_Q ; iCLK         ; iCLK        ; 0.000        ; 0.072      ; 0.644      ;
; 0.402 ; IDEXRegister:IDEXRegister_inst|PipelineRegister_Flush:IDEX_PC_Register|PipelineRegister:PIPE|falling_dffg:\G_nbit_reg:6:MUXI|s_Q                ; EXMEMRegister:EXMEMRegister_inst|PipelineRegister_Flush:EXMEM_PC_jump_adder_Register|PipelineRegister:PIPE|falling_dffg:\G_nbit_reg:6:MUXI|s_Q  ; iCLK         ; iCLK        ; 0.000        ; 0.072      ; 0.645      ;
; 0.403 ; IDEXRegister:IDEXRegister_inst|PipelineRegister_Flush:IDEX_PC4_Register|PipelineRegister:PIPE|falling_dffg:\G_nbit_reg:0:MUXI|s_Q               ; EXMEMRegister:EXMEMRegister_inst|PipelineRegister_Flush:EXMEM_PC4_Register|PipelineRegister:PIPE|falling_dffg:\G_nbit_reg:0:MUXI|s_Q            ; iCLK         ; iCLK        ; 0.000        ; 0.072      ; 0.646      ;
; 0.404 ; EXMEMRegister:EXMEMRegister_inst|PipelineRegister_Flush:EXMEM_PC_jump_adder_Register|PipelineRegister:PIPE|falling_dffg:\G_nbit_reg:16:MUXI|s_Q ; PipelineRegister:MEMWB_PC4OrBranch_Register|falling_dffg:\G_nbit_reg:16:MUXI|s_Q                                                                ; iCLK         ; iCLK        ; 0.000        ; 0.071      ; 0.646      ;
; 0.413 ; EXMEMRegister:EXMEMRegister_inst|PipelineRegister_Flush:EXMEM_ALUOut_Register|PipelineRegister:PIPE|falling_dffg:\G_nbit_reg:7:MUXI|s_Q         ; mem:DMem|altsyncram:ram_rtl_0|altsyncram_g8d1:auto_generated|ram_block1a3~portb_address_reg0                                                    ; iCLK         ; iCLK        ; 0.000        ; 0.378      ; 0.992      ;
; 0.414 ; IDEXRegister:IDEXRegister_inst|PipelineRegister_Flush:IDEX_rs2_Register|PipelineRegister:PIPE|falling_dffg:\G_nbit_reg:28:MUXI|s_Q              ; EXMEMRegister:EXMEMRegister_inst|PipelineRegister_Flush:EXMEM_RS2_Register|PipelineRegister:PIPE|falling_dffg:\G_nbit_reg:28:MUXI|s_Q           ; iCLK         ; iCLK        ; 0.000        ; 0.072      ; 0.657      ;
; 0.417 ; IDEXRegister:IDEXRegister_inst|PipelineRegister_Flush:IDEX_rs2_Register|PipelineRegister:PIPE|falling_dffg:\G_nbit_reg:17:MUXI|s_Q              ; EXMEMRegister:EXMEMRegister_inst|PipelineRegister_Flush:EXMEM_RS2_Register|PipelineRegister:PIPE|falling_dffg:\G_nbit_reg:17:MUXI|s_Q           ; iCLK         ; iCLK        ; 0.000        ; 0.071      ; 0.659      ;
; 0.418 ; IDEXRegister:IDEXRegister_inst|PipelineRegister_Flush:IDEX_rs2_Register|PipelineRegister:PIPE|falling_dffg:\G_nbit_reg:12:MUXI|s_Q              ; EXMEMRegister:EXMEMRegister_inst|PipelineRegister_Flush:EXMEM_RS2_Register|PipelineRegister:PIPE|falling_dffg:\G_nbit_reg:12:MUXI|s_Q           ; iCLK         ; iCLK        ; 0.000        ; 0.071      ; 0.660      ;
; 0.419 ; IDEXRegister:IDEXRegister_inst|PipelineRegister_Flush:IDEX_rs2_Register|PipelineRegister:PIPE|falling_dffg:\G_nbit_reg:20:MUXI|s_Q              ; EXMEMRegister:EXMEMRegister_inst|PipelineRegister_Flush:EXMEM_RS2_Register|PipelineRegister:PIPE|falling_dffg:\G_nbit_reg:20:MUXI|s_Q           ; iCLK         ; iCLK        ; 0.000        ; 0.071      ; 0.661      ;
; 0.421 ; IDEXRegister:IDEXRegister_inst|PipelineRegister_Flush:IDEX_WriteBack_Register|PipelineRegister:PIPE|falling_dffg:\G_nbit_reg:3:MUXI|s_Q         ; EXMEMRegister:EXMEMRegister_inst|PipelineRegister_Flush:EXMEM_WriteBack_Register|PipelineRegister:PIPE|falling_dffg:\G_nbit_reg:3:MUXI|s_Q      ; iCLK         ; iCLK        ; 0.000        ; 0.071      ; 0.663      ;
; 0.423 ; IDEXRegister:IDEXRegister_inst|PipelineRegister_Flush:IDEX_rs2_Register|PipelineRegister:PIPE|falling_dffg:\G_nbit_reg:25:MUXI|s_Q              ; EXMEMRegister:EXMEMRegister_inst|PipelineRegister_Flush:EXMEM_RS2_Register|PipelineRegister:PIPE|falling_dffg:\G_nbit_reg:25:MUXI|s_Q           ; iCLK         ; iCLK        ; 0.000        ; 0.072      ; 0.666      ;
; 0.424 ; EXMEMRegister:EXMEMRegister_inst|PipelineRegister_Flush:EXMEM_ALUOut_Register|PipelineRegister:PIPE|falling_dffg:\G_nbit_reg:9:MUXI|s_Q         ; mem:DMem|altsyncram:ram_rtl_0|altsyncram_g8d1:auto_generated|ram_block1a3~portb_address_reg0                                                    ; iCLK         ; iCLK        ; 0.000        ; 0.370      ; 0.995      ;
; 0.429 ; IDEXRegister:IDEXRegister_inst|PipelineRegister_Flush:IDEX_WriteBack_Register|PipelineRegister:PIPE|falling_dffg:\G_nbit_reg:0:MUXI|s_Q         ; EXMEMRegister:EXMEMRegister_inst|PipelineRegister_Flush:EXMEM_WriteBack_Register|PipelineRegister:PIPE|falling_dffg:\G_nbit_reg:0:MUXI|s_Q      ; iCLK         ; iCLK        ; 0.000        ; 0.071      ; 0.671      ;
; 0.430 ; IDEXRegister:IDEXRegister_inst|PipelineRegister_Flush:IDEX_WriteBack_Register|PipelineRegister:PIPE|falling_dffg:\G_nbit_reg:1:MUXI|s_Q         ; EXMEMRegister:EXMEMRegister_inst|PipelineRegister_Flush:EXMEM_WriteBack_Register|PipelineRegister:PIPE|falling_dffg:\G_nbit_reg:1:MUXI|s_Q      ; iCLK         ; iCLK        ; 0.000        ; 0.071      ; 0.672      ;
; 0.432 ; EXMEMRegister:EXMEMRegister_inst|PipelineRegister_Flush:EXMEM_ALUOut_Register|PipelineRegister:PIPE|falling_dffg:\G_nbit_reg:6:MUXI|s_Q         ; mem:DMem|altsyncram:ram_rtl_0|altsyncram_g8d1:auto_generated|ram_block1a2~portb_address_reg0                                                    ; iCLK         ; iCLK        ; 0.000        ; 0.377      ; 1.010      ;
; 0.441 ; EXMEMRegister:EXMEMRegister_inst|PipelineRegister_Flush:EXMEM_ALUOut_Register|PipelineRegister:PIPE|falling_dffg:\G_nbit_reg:6:MUXI|s_Q         ; mem:DMem|altsyncram:ram_rtl_0|altsyncram_g8d1:auto_generated|ram_block1a1~portb_address_reg0                                                    ; iCLK         ; iCLK        ; 0.000        ; 0.368      ; 1.010      ;
; 0.456 ; EXMEMRegister:EXMEMRegister_inst|PipelineRegister_Flush:EXMEM_ALUOut_Register|PipelineRegister:PIPE|falling_dffg:\G_nbit_reg:9:MUXI|s_Q         ; mem:DMem|altsyncram:ram_rtl_0|altsyncram_g8d1:auto_generated|ram_block1a2~portb_address_reg0                                                    ; iCLK         ; iCLK        ; 0.000        ; 0.377      ; 1.034      ;
; 0.464 ; EXMEMRegister:EXMEMRegister_inst|PipelineRegister_Flush:EXMEM_ALUOut_Register|PipelineRegister:PIPE|falling_dffg:\G_nbit_reg:9:MUXI|s_Q         ; mem:DMem|altsyncram:ram_rtl_0|altsyncram_g8d1:auto_generated|ram_block1a1~portb_address_reg0                                                    ; iCLK         ; iCLK        ; 0.000        ; 0.368      ; 1.033      ;
; 0.468 ; EXMEMRegister:EXMEMRegister_inst|PipelineRegister_Flush:EXMEM_ALUOut_Register|PipelineRegister:PIPE|falling_dffg:\G_nbit_reg:4:MUXI|s_Q         ; mem:DMem|altsyncram:ram_rtl_0|altsyncram_g8d1:auto_generated|ram_block1a3~portb_address_reg0                                                    ; iCLK         ; iCLK        ; 0.000        ; 0.369      ; 1.038      ;
; 0.495 ; EXMEMRegister:EXMEMRegister_inst|PipelineRegister_Flush:EXMEM_ALUOut_Register|PipelineRegister:PIPE|falling_dffg:\G_nbit_reg:4:MUXI|s_Q         ; mem:DMem|altsyncram:ram_rtl_0|altsyncram_g8d1:auto_generated|ram_block1a1~portb_address_reg0                                                    ; iCLK         ; iCLK        ; 0.000        ; 0.367      ; 1.063      ;
; 0.506 ; PipelineRegister_Flush:IFID_PC4_Register|PipelineRegister:PIPE|falling_dffg:\G_nbit_reg:11:MUXI|s_Q                                             ; IDEXRegister:IDEXRegister_inst|PipelineRegister_Flush:IDEX_PC4_Register|PipelineRegister:PIPE|falling_dffg:\G_nbit_reg:11:MUXI|s_Q              ; iCLK         ; iCLK        ; 0.000        ; 0.072      ; 0.749      ;
; 0.506 ; PipelineRegister_Flush:IFID_PC_Register|PipelineRegister:PIPE|falling_dffg:\G_nbit_reg:11:MUXI|s_Q                                              ; IDEXRegister:IDEXRegister_inst|PipelineRegister_Flush:IDEX_PC_Register|PipelineRegister:PIPE|falling_dffg:\G_nbit_reg:11:MUXI|s_Q               ; iCLK         ; iCLK        ; 0.000        ; 0.072      ; 0.749      ;
; 0.507 ; PipelineRegister_Flush:IFID_PC4_Register|PipelineRegister:PIPE|falling_dffg:\G_nbit_reg:27:MUXI|s_Q                                             ; IDEXRegister:IDEXRegister_inst|PipelineRegister_Flush:IDEX_PC4_Register|PipelineRegister:PIPE|falling_dffg:\G_nbit_reg:27:MUXI|s_Q              ; iCLK         ; iCLK        ; 0.000        ; 0.072      ; 0.750      ;
; 0.507 ; PipelineRegister_Flush:IFID_PC4_Register|PipelineRegister:PIPE|falling_dffg:\G_nbit_reg:5:MUXI|s_Q                                              ; IDEXRegister:IDEXRegister_inst|PipelineRegister_Flush:IDEX_PC4_Register|PipelineRegister:PIPE|falling_dffg:\G_nbit_reg:5:MUXI|s_Q               ; iCLK         ; iCLK        ; 0.000        ; 0.072      ; 0.750      ;
; 0.507 ; PipelineRegister_Flush:IFID_PC_Register|PipelineRegister:PIPE|falling_dffg:\G_nbit_reg:23:MUXI|s_Q                                              ; IDEXRegister:IDEXRegister_inst|PipelineRegister_Flush:IDEX_PC_Register|PipelineRegister:PIPE|falling_dffg:\G_nbit_reg:23:MUXI|s_Q               ; iCLK         ; iCLK        ; 0.000        ; 0.072      ; 0.750      ;
; 0.507 ; PipelineRegister_Flush:IFID_PC4_Register|PipelineRegister:PIPE|falling_dffg:\G_nbit_reg:2:MUXI|s_Q                                              ; IDEXRegister:IDEXRegister_inst|PipelineRegister_Flush:IDEX_PC4_Register|PipelineRegister:PIPE|falling_dffg:\G_nbit_reg:2:MUXI|s_Q               ; iCLK         ; iCLK        ; 0.000        ; 0.072      ; 0.750      ;
; 0.507 ; PipelineRegister_Flush:IFID_PC4_Register|PipelineRegister:PIPE|falling_dffg:\G_nbit_reg:8:MUXI|s_Q                                              ; IDEXRegister:IDEXRegister_inst|PipelineRegister_Flush:IDEX_PC4_Register|PipelineRegister:PIPE|falling_dffg:\G_nbit_reg:8:MUXI|s_Q               ; iCLK         ; iCLK        ; 0.000        ; 0.073      ; 0.751      ;
; 0.507 ; PipelineRegister_Flush:IFID_PC_Register|PipelineRegister:PIPE|falling_dffg:\G_nbit_reg:25:MUXI|s_Q                                              ; IDEXRegister:IDEXRegister_inst|PipelineRegister_Flush:IDEX_PC_Register|PipelineRegister:PIPE|falling_dffg:\G_nbit_reg:25:MUXI|s_Q               ; iCLK         ; iCLK        ; 0.000        ; 0.072      ; 0.750      ;
; 0.507 ; PipelineRegister_Flush:IFID_PC4_Register|PipelineRegister:PIPE|falling_dffg:\G_nbit_reg:25:MUXI|s_Q                                             ; IDEXRegister:IDEXRegister_inst|PipelineRegister_Flush:IDEX_PC4_Register|PipelineRegister:PIPE|falling_dffg:\G_nbit_reg:25:MUXI|s_Q              ; iCLK         ; iCLK        ; 0.000        ; 0.072      ; 0.750      ;
; 0.507 ; PipelineRegister_Flush:IFID_PC4_Register|PipelineRegister:PIPE|falling_dffg:\G_nbit_reg:24:MUXI|s_Q                                             ; IDEXRegister:IDEXRegister_inst|PipelineRegister_Flush:IDEX_PC4_Register|PipelineRegister:PIPE|falling_dffg:\G_nbit_reg:24:MUXI|s_Q              ; iCLK         ; iCLK        ; 0.000        ; 0.072      ; 0.750      ;
; 0.507 ; PipelineRegister_Flush:IFID_PC_Register|PipelineRegister:PIPE|falling_dffg:\G_nbit_reg:6:MUXI|s_Q                                               ; IDEXRegister:IDEXRegister_inst|PipelineRegister_Flush:IDEX_PC_Register|PipelineRegister:PIPE|falling_dffg:\G_nbit_reg:6:MUXI|s_Q                ; iCLK         ; iCLK        ; 0.000        ; 0.072      ; 0.750      ;
; 0.507 ; PipelineRegister_Flush:IFID_PC_Register|PipelineRegister:PIPE|falling_dffg:\G_nbit_reg:24:MUXI|s_Q                                              ; IDEXRegister:IDEXRegister_inst|PipelineRegister_Flush:IDEX_PC_Register|PipelineRegister:PIPE|falling_dffg:\G_nbit_reg:24:MUXI|s_Q               ; iCLK         ; iCLK        ; 0.000        ; 0.072      ; 0.750      ;
; 0.508 ; PipelineRegister_Flush:IFID_PC_Register|PipelineRegister:PIPE|falling_dffg:\G_nbit_reg:3:MUXI|s_Q                                               ; IDEXRegister:IDEXRegister_inst|PipelineRegister_Flush:IDEX_PC_Register|PipelineRegister:PIPE|falling_dffg:\G_nbit_reg:3:MUXI|s_Q                ; iCLK         ; iCLK        ; 0.000        ; 0.071      ; 0.750      ;
; 0.508 ; PipelineRegister_Flush:IFID_PC_Register|PipelineRegister:PIPE|falling_dffg:\G_nbit_reg:4:MUXI|s_Q                                               ; IDEXRegister:IDEXRegister_inst|PipelineRegister_Flush:IDEX_PC_Register|PipelineRegister:PIPE|falling_dffg:\G_nbit_reg:4:MUXI|s_Q                ; iCLK         ; iCLK        ; 0.000        ; 0.071      ; 0.750      ;
; 0.508 ; PipelineRegister_Flush:IFID_PC_Register|PipelineRegister:PIPE|falling_dffg:\G_nbit_reg:19:MUXI|s_Q                                              ; IDEXRegister:IDEXRegister_inst|PipelineRegister_Flush:IDEX_PC_Register|PipelineRegister:PIPE|falling_dffg:\G_nbit_reg:19:MUXI|s_Q               ; iCLK         ; iCLK        ; 0.000        ; 0.071      ; 0.750      ;
; 0.508 ; PipelineRegister_Flush:IFID_PC4_Register|PipelineRegister:PIPE|falling_dffg:\G_nbit_reg:18:MUXI|s_Q                                             ; IDEXRegister:IDEXRegister_inst|PipelineRegister_Flush:IDEX_PC4_Register|PipelineRegister:PIPE|falling_dffg:\G_nbit_reg:18:MUXI|s_Q              ; iCLK         ; iCLK        ; 0.000        ; 0.071      ; 0.750      ;
; 0.508 ; IDEXRegister:IDEXRegister_inst|PipelineRegister_logic_Flush:IDEX_MemToReg_Register|falling_dffg:DFF|s_Q                                         ; EXMEMRegister:EXMEMRegister_inst|PipelineRegister_logic_Flush:EXMEM_MemToReg_Register|falling_dffg:DFF|s_Q                                      ; iCLK         ; iCLK        ; 0.000        ; 0.072      ; 0.751      ;
; 0.508 ; PipelineRegister_Flush:IFID_PC4_Register|PipelineRegister:PIPE|falling_dffg:\G_nbit_reg:7:MUXI|s_Q                                              ; IDEXRegister:IDEXRegister_inst|PipelineRegister_Flush:IDEX_PC4_Register|PipelineRegister:PIPE|falling_dffg:\G_nbit_reg:7:MUXI|s_Q               ; iCLK         ; iCLK        ; 0.000        ; 0.072      ; 0.751      ;
; 0.508 ; PipelineRegister_Flush:IFID_PC4_Register|PipelineRegister:PIPE|falling_dffg:\G_nbit_reg:20:MUXI|s_Q                                             ; IDEXRegister:IDEXRegister_inst|PipelineRegister_Flush:IDEX_PC4_Register|PipelineRegister:PIPE|falling_dffg:\G_nbit_reg:20:MUXI|s_Q              ; iCLK         ; iCLK        ; 0.000        ; 0.072      ; 0.751      ;
; 0.508 ; PipelineRegister_Flush:IFID_PC_Register|PipelineRegister:PIPE|falling_dffg:\G_nbit_reg:7:MUXI|s_Q                                               ; IDEXRegister:IDEXRegister_inst|PipelineRegister_Flush:IDEX_PC_Register|PipelineRegister:PIPE|falling_dffg:\G_nbit_reg:7:MUXI|s_Q                ; iCLK         ; iCLK        ; 0.000        ; 0.072      ; 0.751      ;
; 0.508 ; EXMEMRegister:EXMEMRegister_inst|PipelineRegister_Flush:EXMEM_PC4_Register|PipelineRegister:PIPE|falling_dffg:\G_nbit_reg:21:MUXI|s_Q           ; PipelineRegister:MEMWB_4t1AndLink_Register|falling_dffg:\G_nbit_reg:21:MUXI|s_Q                                                                 ; iCLK         ; iCLK        ; 0.000        ; 0.072      ; 0.751      ;
; 0.509 ; PipelineRegister_Flush:IFID_PC4_Register|PipelineRegister:PIPE|falling_dffg:\G_nbit_reg:4:MUXI|s_Q                                              ; IDEXRegister:IDEXRegister_inst|PipelineRegister_Flush:IDEX_PC4_Register|PipelineRegister:PIPE|falling_dffg:\G_nbit_reg:4:MUXI|s_Q               ; iCLK         ; iCLK        ; 0.000        ; 0.071      ; 0.751      ;
; 0.509 ; PipelineRegister_Flush:IFID_PC4_Register|PipelineRegister:PIPE|falling_dffg:\G_nbit_reg:23:MUXI|s_Q                                             ; IDEXRegister:IDEXRegister_inst|PipelineRegister_Flush:IDEX_PC4_Register|PipelineRegister:PIPE|falling_dffg:\G_nbit_reg:23:MUXI|s_Q              ; iCLK         ; iCLK        ; 0.000        ; 0.072      ; 0.752      ;
; 0.509 ; PipelineRegister_Flush:IFID_PC4_Register|PipelineRegister:PIPE|falling_dffg:\G_nbit_reg:16:MUXI|s_Q                                             ; IDEXRegister:IDEXRegister_inst|PipelineRegister_Flush:IDEX_PC4_Register|PipelineRegister:PIPE|falling_dffg:\G_nbit_reg:16:MUXI|s_Q              ; iCLK         ; iCLK        ; 0.000        ; 0.071      ; 0.751      ;
; 0.509 ; PipelineRegister_Flush:IFID_PC_Register|PipelineRegister:PIPE|falling_dffg:\G_nbit_reg:16:MUXI|s_Q                                              ; IDEXRegister:IDEXRegister_inst|PipelineRegister_Flush:IDEX_PC_Register|PipelineRegister:PIPE|falling_dffg:\G_nbit_reg:16:MUXI|s_Q               ; iCLK         ; iCLK        ; 0.000        ; 0.071      ; 0.751      ;
; 0.509 ; PipelineRegister_Flush:IFID_PC_Register|PipelineRegister:PIPE|falling_dffg:\G_nbit_reg:15:MUXI|s_Q                                              ; IDEXRegister:IDEXRegister_inst|PipelineRegister_Flush:IDEX_PC_Register|PipelineRegister:PIPE|falling_dffg:\G_nbit_reg:15:MUXI|s_Q               ; iCLK         ; iCLK        ; 0.000        ; 0.071      ; 0.751      ;
; 0.509 ; PipelineRegister_Flush:IFID_PC_Register|PipelineRegister:PIPE|falling_dffg:\G_nbit_reg:18:MUXI|s_Q                                              ; IDEXRegister:IDEXRegister_inst|PipelineRegister_Flush:IDEX_PC_Register|PipelineRegister:PIPE|falling_dffg:\G_nbit_reg:18:MUXI|s_Q               ; iCLK         ; iCLK        ; 0.000        ; 0.071      ; 0.751      ;
; 0.509 ; PipelineRegister_Flush:IFID_PC_Register|PipelineRegister:PIPE|falling_dffg:\G_nbit_reg:21:MUXI|s_Q                                              ; IDEXRegister:IDEXRegister_inst|PipelineRegister_Flush:IDEX_PC_Register|PipelineRegister:PIPE|falling_dffg:\G_nbit_reg:21:MUXI|s_Q               ; iCLK         ; iCLK        ; 0.000        ; 0.072      ; 0.752      ;
; 0.509 ; PipelineRegister_Flush:IFID_PC4_Register|PipelineRegister:PIPE|falling_dffg:\G_nbit_reg:17:MUXI|s_Q                                             ; IDEXRegister:IDEXRegister_inst|PipelineRegister_Flush:IDEX_PC4_Register|PipelineRegister:PIPE|falling_dffg:\G_nbit_reg:17:MUXI|s_Q              ; iCLK         ; iCLK        ; 0.000        ; 0.072      ; 0.752      ;
; 0.509 ; PipelineRegister_Flush:IFID_PC_Register|PipelineRegister:PIPE|falling_dffg:\G_nbit_reg:8:MUXI|s_Q                                               ; IDEXRegister:IDEXRegister_inst|PipelineRegister_Flush:IDEX_PC_Register|PipelineRegister:PIPE|falling_dffg:\G_nbit_reg:8:MUXI|s_Q                ; iCLK         ; iCLK        ; 0.000        ; 0.073      ; 0.753      ;
; 0.510 ; PipelineRegister_Flush:IFID_PC4_Register|PipelineRegister:PIPE|falling_dffg:\G_nbit_reg:3:MUXI|s_Q                                              ; IDEXRegister:IDEXRegister_inst|PipelineRegister_Flush:IDEX_PC4_Register|PipelineRegister:PIPE|falling_dffg:\G_nbit_reg:3:MUXI|s_Q               ; iCLK         ; iCLK        ; 0.000        ; 0.071      ; 0.752      ;
; 0.510 ; PipelineRegister_Flush:IFID_PC4_Register|PipelineRegister:PIPE|falling_dffg:\G_nbit_reg:19:MUXI|s_Q                                             ; IDEXRegister:IDEXRegister_inst|PipelineRegister_Flush:IDEX_PC4_Register|PipelineRegister:PIPE|falling_dffg:\G_nbit_reg:19:MUXI|s_Q              ; iCLK         ; iCLK        ; 0.000        ; 0.071      ; 0.752      ;
; 0.510 ; PipelineRegister_Flush:IFID_PC4_Register|PipelineRegister:PIPE|falling_dffg:\G_nbit_reg:15:MUXI|s_Q                                             ; IDEXRegister:IDEXRegister_inst|PipelineRegister_Flush:IDEX_PC4_Register|PipelineRegister:PIPE|falling_dffg:\G_nbit_reg:15:MUXI|s_Q              ; iCLK         ; iCLK        ; 0.000        ; 0.071      ; 0.752      ;
; 0.510 ; PipelineRegister_Flush:IFID_PC4_Register|PipelineRegister:PIPE|falling_dffg:\G_nbit_reg:21:MUXI|s_Q                                             ; IDEXRegister:IDEXRegister_inst|PipelineRegister_Flush:IDEX_PC4_Register|PipelineRegister:PIPE|falling_dffg:\G_nbit_reg:21:MUXI|s_Q              ; iCLK         ; iCLK        ; 0.000        ; 0.072      ; 0.753      ;
; 0.510 ; PipelineRegister_Flush:IFID_PC4_Register|PipelineRegister:PIPE|falling_dffg:\G_nbit_reg:6:MUXI|s_Q                                              ; IDEXRegister:IDEXRegister_inst|PipelineRegister_Flush:IDEX_PC4_Register|PipelineRegister:PIPE|falling_dffg:\G_nbit_reg:6:MUXI|s_Q               ; iCLK         ; iCLK        ; 0.000        ; 0.072      ; 0.753      ;
; 0.512 ; IDEXRegister:IDEXRegister_inst|PipelineRegister_Flush:IDEX_PC_Register|PipelineRegister:PIPE|falling_dffg:\G_nbit_reg:7:MUXI|s_Q                ; EXMEMRegister:EXMEMRegister_inst|PipelineRegister_Flush:EXMEM_PC_jump_adder_Register|PipelineRegister:PIPE|falling_dffg:\G_nbit_reg:7:MUXI|s_Q  ; iCLK         ; iCLK        ; 0.000        ; 0.072      ; 0.755      ;
; 0.512 ; EXMEMRegister:EXMEMRegister_inst|PipelineRegister_Flush:EXMEM_PC4_Register|PipelineRegister:PIPE|falling_dffg:\G_nbit_reg:26:MUXI|s_Q           ; PipelineRegister:MEMWB_4t1AndLink_Register|falling_dffg:\G_nbit_reg:26:MUXI|s_Q                                                                 ; iCLK         ; iCLK        ; 0.000        ; 0.072      ; 0.755      ;
; 0.546 ; IDEXRegister:IDEXRegister_inst|PipelineRegister_Flush:IDEX_PC4_Register|PipelineRegister:PIPE|falling_dffg:\G_nbit_reg:15:MUXI|s_Q              ; EXMEMRegister:EXMEMRegister_inst|PipelineRegister_Flush:EXMEM_PC4_Register|PipelineRegister:PIPE|falling_dffg:\G_nbit_reg:15:MUXI|s_Q           ; iCLK         ; iCLK        ; 0.000        ; 0.071      ; 0.788      ;
; 0.564 ; PipelineRegister_Flush:IFID_PC4_Register|PipelineRegister:PIPE|falling_dffg:\G_nbit_reg:0:MUXI|s_Q                                              ; IDEXRegister:IDEXRegister_inst|PipelineRegister_Flush:IDEX_PC4_Register|PipelineRegister:PIPE|falling_dffg:\G_nbit_reg:0:MUXI|s_Q               ; iCLK         ; iCLK        ; 0.000        ; 0.073      ; 0.808      ;
; 0.566 ; IDEXRegister:IDEXRegister_inst|PipelineRegister_Flush:IDEX_PC4_Register|PipelineRegister:PIPE|falling_dffg:\G_nbit_reg:11:MUXI|s_Q              ; EXMEMRegister:EXMEMRegister_inst|PipelineRegister_Flush:EXMEM_PC4_Register|PipelineRegister:PIPE|falling_dffg:\G_nbit_reg:11:MUXI|s_Q           ; iCLK         ; iCLK        ; 0.000        ; 0.072      ; 0.809      ;
; 0.570 ; IDEXRegister:IDEXRegister_inst|PipelineRegister_Flush:IDEX_WriteBack_Register|PipelineRegister:PIPE|falling_dffg:\G_nbit_reg:4:MUXI|s_Q         ; EXMEMRegister:EXMEMRegister_inst|PipelineRegister_Flush:EXMEM_WriteBack_Register|PipelineRegister:PIPE|falling_dffg:\G_nbit_reg:4:MUXI|s_Q      ; iCLK         ; iCLK        ; 0.000        ; 0.071      ; 0.812      ;
; 0.571 ; EXMEMRegister:EXMEMRegister_inst|PipelineRegister_Flush:EXMEM_PC_jump_adder_Register|PipelineRegister:PIPE|falling_dffg:\G_nbit_reg:30:MUXI|s_Q ; PipelineRegister:MEMWB_PC4OrBranch_Register|falling_dffg:\G_nbit_reg:30:MUXI|s_Q                                                                ; iCLK         ; iCLK        ; 0.000        ; 0.073      ; 0.815      ;
+-------+-------------------------------------------------------------------------------------------------------------------------------------------------+-------------------------------------------------------------------------------------------------------------------------------------------------+--------------+-------------+--------------+------------+------------+


----------------------------------------------
; Slow 1200mV 0C Model Metastability Summary ;
----------------------------------------------
No synchronizer chains to report.


+------------------------------------+
; Fast 1200mV 0C Model Setup Summary ;
+-------+-------+--------------------+
; Clock ; Slack ; End Point TNS      ;
+-------+-------+--------------------+
; iCLK  ; 4.691 ; 0.000              ;
+-------+-------+--------------------+


+-----------------------------------+
; Fast 1200mV 0C Model Hold Summary ;
+-------+-------+-------------------+
; Clock ; Slack ; End Point TNS     ;
+-------+-------+-------------------+
; iCLK  ; 0.149 ; 0.000             ;
+-------+-------+-------------------+


-----------------------------------------
; Fast 1200mV 0C Model Recovery Summary ;
-----------------------------------------
No paths to report.


----------------------------------------
; Fast 1200mV 0C Model Removal Summary ;
----------------------------------------
No paths to report.


+--------------------------------------------------+
; Fast 1200mV 0C Model Minimum Pulse Width Summary ;
+-------+-------+----------------------------------+
; Clock ; Slack ; End Point TNS                    ;
+-------+-------+----------------------------------+
; iCLK  ; 9.366 ; 0.000                            ;
+-------+-------+----------------------------------+


+-----------------------------------------------------------------------------------------------------------------------------------------------------------------------------------------------------------------------------------------------------------------------------------------------+
; Fast 1200mV 0C Model Setup: 'iCLK'                                                                                                                                                                                                                                                            ;
+-------+--------------------------------------------------------------------------------------------------------+--------------------------------------------------------------------------------------------------------+--------------+-------------+--------------+------------+------------+
; Slack ; From Node                                                                                              ; To Node                                                                                                ; Launch Clock ; Latch Clock ; Relationship ; Clock Skew ; Data Delay ;
+-------+--------------------------------------------------------------------------------------------------------+--------------------------------------------------------------------------------------------------------+--------------+-------------+--------------+------------+------------+
; 4.691 ; PCRegister:PCCounter_inst|pc_dffg:\G_nbit_reg:9:MUXI|s_Q                                               ; PipelineRegister_Flush:IFID_S_Inst_Register|PipelineRegister:PIPE|falling_dffg:\G_nbit_reg:19:MUXI|s_Q ; iCLK         ; iCLK        ; 10.000       ; 0.337      ; 5.633      ;
; 4.794 ; PCRegister:PCCounter_inst|pc_dffg:\G_nbit_reg:3:MUXI|s_Q                                               ; PipelineRegister_Flush:IFID_S_Inst_Register|PipelineRegister:PIPE|falling_dffg:\G_nbit_reg:22:MUXI|s_Q ; iCLK         ; iCLK        ; 10.000       ; 0.373      ; 5.566      ;
; 4.798 ; PCRegister:PCCounter_inst|pc_dffg:\G_nbit_reg:2:MUXI|s_Q                                               ; PipelineRegister_Flush:IFID_S_Inst_Register|PipelineRegister:PIPE|falling_dffg:\G_nbit_reg:22:MUXI|s_Q ; iCLK         ; iCLK        ; 10.000       ; 0.373      ; 5.562      ;
; 4.802 ; PCRegister:PCCounter_inst|pc_dffg:\G_nbit_reg:9:MUXI|s_Q                                               ; PipelineRegister_Flush:IFID_S_Inst_Register|PipelineRegister:PIPE|falling_dffg:\G_nbit_reg:23:MUXI|s_Q ; iCLK         ; iCLK        ; 10.000       ; 0.350      ; 5.535      ;
; 4.840 ; PCRegister:PCCounter_inst|pc_dffg:\G_nbit_reg:8:MUXI|s_Q                                               ; PipelineRegister_Flush:IFID_S_Inst_Register|PipelineRegister:PIPE|falling_dffg:\G_nbit_reg:22:MUXI|s_Q ; iCLK         ; iCLK        ; 10.000       ; 0.345      ; 5.492      ;
; 4.871 ; PCRegister:PCCounter_inst|pc_dffg:\G_nbit_reg:9:MUXI|s_Q                                               ; PipelineRegister_Flush:IFID_S_Inst_Register|PipelineRegister:PIPE|falling_dffg:\G_nbit_reg:22:MUXI|s_Q ; iCLK         ; iCLK        ; 10.000       ; 0.345      ; 5.461      ;
; 4.900 ; PCRegister:PCCounter_inst|pc_dffg:\G_nbit_reg:4:MUXI|s_Q                                               ; PipelineRegister_Flush:IFID_S_Inst_Register|PipelineRegister:PIPE|falling_dffg:\G_nbit_reg:19:MUXI|s_Q ; iCLK         ; iCLK        ; 10.000       ; 0.380      ; 5.467      ;
; 4.901 ; PCRegister:PCCounter_inst|pc_dffg:\G_nbit_reg:4:MUXI|s_Q                                               ; PipelineRegister_Flush:IFID_S_Inst_Register|PipelineRegister:PIPE|falling_dffg:\G_nbit_reg:27:MUXI|s_Q ; iCLK         ; iCLK        ; 10.000       ; 0.599      ; 5.685      ;
; 4.909 ; PCRegister:PCCounter_inst|pc_dffg:\G_nbit_reg:9:MUXI|s_Q                                               ; PipelineRegister_Flush:IFID_S_Inst_Register|PipelineRegister:PIPE|falling_dffg:\G_nbit_reg:17:MUXI|s_Q ; iCLK         ; iCLK        ; 10.000       ; 0.351      ; 5.429      ;
; 4.910 ; PCRegister:PCCounter_inst|pc_dffg:\G_nbit_reg:8:MUXI|s_Q                                               ; PipelineRegister_Flush:IFID_S_Inst_Register|PipelineRegister:PIPE|falling_dffg:\G_nbit_reg:20:MUXI|s_Q ; iCLK         ; iCLK        ; 10.000       ; 0.571      ; 5.648      ;
; 4.929 ; PCRegister:PCCounter_inst|pc_dffg:\G_nbit_reg:8:MUXI|s_Q                                               ; PipelineRegister_Flush:IFID_S_Inst_Register|PipelineRegister:PIPE|falling_dffg:\G_nbit_reg:23:MUXI|s_Q ; iCLK         ; iCLK        ; 10.000       ; 0.350      ; 5.408      ;
; 4.931 ; PCRegister:PCCounter_inst|pc_dffg:\G_nbit_reg:6:MUXI|s_Q                                               ; PipelineRegister_Flush:IFID_S_Inst_Register|PipelineRegister:PIPE|falling_dffg:\G_nbit_reg:19:MUXI|s_Q ; iCLK         ; iCLK        ; 10.000       ; 0.337      ; 5.393      ;
; 4.945 ; PCRegister:PCCounter_inst|pc_dffg:\G_nbit_reg:3:MUXI|s_Q                                               ; PipelineRegister_Flush:IFID_S_Inst_Register|PipelineRegister:PIPE|falling_dffg:\G_nbit_reg:19:MUXI|s_Q ; iCLK         ; iCLK        ; 10.000       ; 0.380      ; 5.422      ;
; 4.946 ; PCRegister:PCCounter_inst|pc_dffg:\G_nbit_reg:7:MUXI|s_Q                                               ; PipelineRegister_Flush:IFID_S_Inst_Register|PipelineRegister:PIPE|falling_dffg:\G_nbit_reg:19:MUXI|s_Q ; iCLK         ; iCLK        ; 10.000       ; 0.337      ; 5.378      ;
; 4.949 ; PCRegister:PCCounter_inst|pc_dffg:\G_nbit_reg:6:MUXI|s_Q                                               ; PipelineRegister_Flush:IFID_S_Inst_Register|PipelineRegister:PIPE|falling_dffg:\G_nbit_reg:12:MUXI|s_Q ; iCLK         ; iCLK        ; 10.000       ; 0.554      ; 5.592      ;
; 4.960 ; PCRegister:PCCounter_inst|pc_dffg:\G_nbit_reg:2:MUXI|s_Q                                               ; PipelineRegister_Flush:IFID_S_Inst_Register|PipelineRegister:PIPE|falling_dffg:\G_nbit_reg:19:MUXI|s_Q ; iCLK         ; iCLK        ; 10.000       ; 0.380      ; 5.407      ;
; 4.961 ; PCRegister:PCCounter_inst|pc_dffg:\G_nbit_reg:3:MUXI|s_Q                                               ; PipelineRegister_Flush:IFID_S_Inst_Register|PipelineRegister:PIPE|falling_dffg:\G_nbit_reg:17:MUXI|s_Q ; iCLK         ; iCLK        ; 10.000       ; 0.379      ; 5.405      ;
; 4.966 ; PipelineRegister_Flush:IFID_S_Inst_Register|PipelineRegister:PIPE|falling_dffg:\G_nbit_reg:22:MUXI|s_Q ; PCRegister:PCCounter_inst|pc_dffg:\G_nbit_reg:3:MUXI|s_Q                                               ; iCLK         ; iCLK        ; 10.000       ; -0.491     ; 4.530      ;
; 4.966 ; PipelineRegister_Flush:IFID_S_Inst_Register|PipelineRegister:PIPE|falling_dffg:\G_nbit_reg:22:MUXI|s_Q ; PCRegister:PCCounter_inst|pc_dffg:\G_nbit_reg:2:MUXI|s_Q                                               ; iCLK         ; iCLK        ; 10.000       ; -0.491     ; 4.530      ;
; 4.966 ; PipelineRegister_Flush:IFID_S_Inst_Register|PipelineRegister:PIPE|falling_dffg:\G_nbit_reg:22:MUXI|s_Q ; PCRegister:PCCounter_inst|pc_dffg:\G_nbit_reg:5:MUXI|s_Q                                               ; iCLK         ; iCLK        ; 10.000       ; -0.491     ; 4.530      ;
; 4.966 ; PipelineRegister_Flush:IFID_S_Inst_Register|PipelineRegister:PIPE|falling_dffg:\G_nbit_reg:22:MUXI|s_Q ; PCRegister:PCCounter_inst|pc_dffg:\G_nbit_reg:4:MUXI|s_Q                                               ; iCLK         ; iCLK        ; 10.000       ; -0.491     ; 4.530      ;
; 4.970 ; PCRegister:PCCounter_inst|pc_dffg:\G_nbit_reg:7:MUXI|s_Q                                               ; PipelineRegister_Flush:IFID_S_Inst_Register|PipelineRegister:PIPE|falling_dffg:\G_nbit_reg:23:MUXI|s_Q ; iCLK         ; iCLK        ; 10.000       ; 0.350      ; 5.367      ;
; 4.971 ; PCRegister:PCCounter_inst|pc_dffg:\G_nbit_reg:5:MUXI|s_Q                                               ; PipelineRegister_Flush:IFID_S_Inst_Register|PipelineRegister:PIPE|falling_dffg:\G_nbit_reg:17:MUXI|s_Q ; iCLK         ; iCLK        ; 10.000       ; 0.379      ; 5.395      ;
; 4.975 ; PCRegister:PCCounter_inst|pc_dffg:\G_nbit_reg:5:MUXI|s_Q                                               ; PipelineRegister_Flush:IFID_S_Inst_Register|PipelineRegister:PIPE|falling_dffg:\G_nbit_reg:19:MUXI|s_Q ; iCLK         ; iCLK        ; 10.000       ; 0.380      ; 5.392      ;
; 4.982 ; PCRegister:PCCounter_inst|pc_dffg:\G_nbit_reg:4:MUXI|s_Q                                               ; PipelineRegister_Flush:IFID_S_Inst_Register|PipelineRegister:PIPE|falling_dffg:\G_nbit_reg:7:MUXI|s_Q  ; iCLK         ; iCLK        ; 10.000       ; 0.599      ; 5.604      ;
; 4.985 ; PCRegister:PCCounter_inst|pc_dffg:\G_nbit_reg:2:MUXI|s_Q                                               ; PipelineRegister_Flush:IFID_S_Inst_Register|PipelineRegister:PIPE|falling_dffg:\G_nbit_reg:17:MUXI|s_Q ; iCLK         ; iCLK        ; 10.000       ; 0.379      ; 5.381      ;
; 4.987 ; PCRegister:PCCounter_inst|pc_dffg:\G_nbit_reg:5:MUXI|s_Q                                               ; PipelineRegister_Flush:IFID_S_Inst_Register|PipelineRegister:PIPE|falling_dffg:\G_nbit_reg:30:MUXI|s_Q ; iCLK         ; iCLK        ; 10.000       ; 0.596      ; 5.596      ;
; 4.990 ; PCRegister:PCCounter_inst|pc_dffg:\G_nbit_reg:8:MUXI|s_Q                                               ; PipelineRegister_Flush:IFID_S_Inst_Register|PipelineRegister:PIPE|falling_dffg:\G_nbit_reg:19:MUXI|s_Q ; iCLK         ; iCLK        ; 10.000       ; 0.337      ; 5.334      ;
; 4.991 ; PCRegister:PCCounter_inst|pc_dffg:\G_nbit_reg:9:MUXI|s_Q                                               ; PipelineRegister_Flush:IFID_S_Inst_Register|PipelineRegister:PIPE|falling_dffg:\G_nbit_reg:20:MUXI|s_Q ; iCLK         ; iCLK        ; 10.000       ; 0.571      ; 5.567      ;
; 5.016 ; PCRegister:PCCounter_inst|pc_dffg:\G_nbit_reg:9:MUXI|s_Q                                               ; PipelineRegister_Flush:IFID_S_Inst_Register|PipelineRegister:PIPE|falling_dffg:\G_nbit_reg:7:MUXI|s_Q  ; iCLK         ; iCLK        ; 10.000       ; 0.571      ; 5.542      ;
; 5.017 ; PCRegister:PCCounter_inst|pc_dffg:\G_nbit_reg:4:MUXI|s_Q                                               ; PipelineRegister_Flush:IFID_S_Inst_Register|PipelineRegister:PIPE|falling_dffg:\G_nbit_reg:17:MUXI|s_Q ; iCLK         ; iCLK        ; 10.000       ; 0.379      ; 5.349      ;
; 5.019 ; PCRegister:PCCounter_inst|pc_dffg:\G_nbit_reg:5:MUXI|s_Q                                               ; PipelineRegister_Flush:IFID_S_Inst_Register|PipelineRegister:PIPE|falling_dffg:\G_nbit_reg:10:MUXI|s_Q ; iCLK         ; iCLK        ; 10.000       ; 0.596      ; 5.564      ;
; 5.025 ; PCRegister:PCCounter_inst|pc_dffg:\G_nbit_reg:8:MUXI|s_Q                                               ; PipelineRegister_Flush:IFID_S_Inst_Register|PipelineRegister:PIPE|falling_dffg:\G_nbit_reg:12:MUXI|s_Q ; iCLK         ; iCLK        ; 10.000       ; 0.554      ; 5.516      ;
; 5.026 ; PCRegister:PCCounter_inst|pc_dffg:\G_nbit_reg:9:MUXI|s_Q                                               ; PipelineRegister_Flush:IFID_S_Inst_Register|PipelineRegister:PIPE|falling_dffg:\G_nbit_reg:9:MUXI|s_Q  ; iCLK         ; iCLK        ; 10.000       ; 0.557      ; 5.518      ;
; 5.027 ; PCRegister:PCCounter_inst|pc_dffg:\G_nbit_reg:4:MUXI|s_Q                                               ; PipelineRegister_Flush:IFID_S_Inst_Register|PipelineRegister:PIPE|falling_dffg:\G_nbit_reg:22:MUXI|s_Q ; iCLK         ; iCLK        ; 10.000       ; 0.373      ; 5.333      ;
; 5.029 ; PCRegister:PCCounter_inst|pc_dffg:\G_nbit_reg:8:MUXI|s_Q                                               ; PipelineRegister_Flush:IFID_S_Inst_Register|PipelineRegister:PIPE|falling_dffg:\G_nbit_reg:6:MUXI|s_Q  ; iCLK         ; iCLK        ; 10.000       ; 0.576      ; 5.534      ;
; 5.040 ; PCRegister:PCCounter_inst|pc_dffg:\G_nbit_reg:5:MUXI|s_Q                                               ; PipelineRegister_Flush:IFID_S_Inst_Register|PipelineRegister:PIPE|falling_dffg:\G_nbit_reg:27:MUXI|s_Q ; iCLK         ; iCLK        ; 10.000       ; 0.599      ; 5.546      ;
; 5.042 ; PCRegister:PCCounter_inst|pc_dffg:\G_nbit_reg:8:MUXI|s_Q                                               ; PipelineRegister_Flush:IFID_S_Inst_Register|PipelineRegister:PIPE|falling_dffg:\G_nbit_reg:13:MUXI|s_Q ; iCLK         ; iCLK        ; 10.000       ; 0.554      ; 5.499      ;
; 5.052 ; PCRegister:PCCounter_inst|pc_dffg:\G_nbit_reg:7:MUXI|s_Q                                               ; PipelineRegister_Flush:IFID_S_Inst_Register|PipelineRegister:PIPE|falling_dffg:\G_nbit_reg:2:MUXI|s_Q  ; iCLK         ; iCLK        ; 10.000       ; 0.576      ; 5.511      ;
; 5.052 ; PCRegister:PCCounter_inst|pc_dffg:\G_nbit_reg:6:MUXI|s_Q                                               ; PipelineRegister_Flush:IFID_S_Inst_Register|PipelineRegister:PIPE|falling_dffg:\G_nbit_reg:23:MUXI|s_Q ; iCLK         ; iCLK        ; 10.000       ; 0.350      ; 5.285      ;
; 5.054 ; PipelineRegister_Flush:IFID_S_Inst_Register|PipelineRegister:PIPE|falling_dffg:\G_nbit_reg:22:MUXI|s_Q ; PCRegister:PCCounter_inst|pc_dffg:\G_nbit_reg:6:MUXI|s_Q                                               ; iCLK         ; iCLK        ; 10.000       ; -0.464     ; 4.469      ;
; 5.054 ; PipelineRegister_Flush:IFID_S_Inst_Register|PipelineRegister:PIPE|falling_dffg:\G_nbit_reg:22:MUXI|s_Q ; PCRegister:PCCounter_inst|pc_dffg:\G_nbit_reg:9:MUXI|s_Q                                               ; iCLK         ; iCLK        ; 10.000       ; -0.464     ; 4.469      ;
; 5.054 ; PipelineRegister_Flush:IFID_S_Inst_Register|PipelineRegister:PIPE|falling_dffg:\G_nbit_reg:22:MUXI|s_Q ; PCRegister:PCCounter_inst|pc_dffg:\G_nbit_reg:8:MUXI|s_Q                                               ; iCLK         ; iCLK        ; 10.000       ; -0.464     ; 4.469      ;
; 5.054 ; PipelineRegister_Flush:IFID_S_Inst_Register|PipelineRegister:PIPE|falling_dffg:\G_nbit_reg:22:MUXI|s_Q ; PCRegister:PCCounter_inst|pc_dffg:\G_nbit_reg:7:MUXI|s_Q                                               ; iCLK         ; iCLK        ; 10.000       ; -0.464     ; 4.469      ;
; 5.054 ; PipelineRegister_Flush:IFID_S_Inst_Register|PipelineRegister:PIPE|falling_dffg:\G_nbit_reg:22:MUXI|s_Q ; PCRegister:PCCounter_inst|pc_dffg:\G_nbit_reg:10:MUXI|s_Q                                              ; iCLK         ; iCLK        ; 10.000       ; -0.464     ; 4.469      ;
; 5.054 ; PipelineRegister_Flush:IFID_S_Inst_Register|PipelineRegister:PIPE|falling_dffg:\G_nbit_reg:22:MUXI|s_Q ; PCRegister:PCCounter_inst|pc_dffg:\G_nbit_reg:11:MUXI|s_Q                                              ; iCLK         ; iCLK        ; 10.000       ; -0.464     ; 4.469      ;
; 5.062 ; PCRegister:PCCounter_inst|pc_dffg:\G_nbit_reg:7:MUXI|s_Q                                               ; PipelineRegister_Flush:IFID_S_Inst_Register|PipelineRegister:PIPE|falling_dffg:\G_nbit_reg:7:MUXI|s_Q  ; iCLK         ; iCLK        ; 10.000       ; 0.571      ; 5.496      ;
; 5.063 ; PCRegister:PCCounter_inst|pc_dffg:\G_nbit_reg:8:MUXI|s_Q                                               ; PipelineRegister_Flush:IFID_S_Inst_Register|PipelineRegister:PIPE|falling_dffg:\G_nbit_reg:1:MUXI|s_Q  ; iCLK         ; iCLK        ; 10.000       ; 0.576      ; 5.500      ;
; 5.064 ; PCRegister:PCCounter_inst|pc_dffg:\G_nbit_reg:3:MUXI|s_Q                                               ; PipelineRegister_Flush:IFID_S_Inst_Register|PipelineRegister:PIPE|falling_dffg:\G_nbit_reg:4:MUXI|s_Q  ; iCLK         ; iCLK        ; 10.000       ; 0.595      ; 5.518      ;
; 5.065 ; PCRegister:PCCounter_inst|pc_dffg:\G_nbit_reg:2:MUXI|s_Q                                               ; PipelineRegister_Flush:IFID_S_Inst_Register|PipelineRegister:PIPE|falling_dffg:\G_nbit_reg:1:MUXI|s_Q  ; iCLK         ; iCLK        ; 10.000       ; 0.589      ; 5.511      ;
; 5.067 ; PCRegister:PCCounter_inst|pc_dffg:\G_nbit_reg:8:MUXI|s_Q                                               ; PipelineRegister_Flush:IFID_S_Inst_Register|PipelineRegister:PIPE|falling_dffg:\G_nbit_reg:25:MUXI|s_Q ; iCLK         ; iCLK        ; 10.000       ; 0.575      ; 5.495      ;
; 5.072 ; PCRegister:PCCounter_inst|pc_dffg:\G_nbit_reg:9:MUXI|s_Q                                               ; PipelineRegister_Flush:IFID_S_Inst_Register|PipelineRegister:PIPE|falling_dffg:\G_nbit_reg:5:MUXI|s_Q  ; iCLK         ; iCLK        ; 10.000       ; 0.559      ; 5.474      ;
; 5.075 ; PCRegister:PCCounter_inst|pc_dffg:\G_nbit_reg:2:MUXI|s_Q                                               ; PipelineRegister_Flush:IFID_S_Inst_Register|PipelineRegister:PIPE|falling_dffg:\G_nbit_reg:23:MUXI|s_Q ; iCLK         ; iCLK        ; 10.000       ; 0.378      ; 5.290      ;
; 5.076 ; PCRegister:PCCounter_inst|pc_dffg:\G_nbit_reg:4:MUXI|s_Q                                               ; PipelineRegister_Flush:IFID_S_Inst_Register|PipelineRegister:PIPE|falling_dffg:\G_nbit_reg:4:MUXI|s_Q  ; iCLK         ; iCLK        ; 10.000       ; 0.595      ; 5.506      ;
; 5.078 ; PCRegister:PCCounter_inst|pc_dffg:\G_nbit_reg:4:MUXI|s_Q                                               ; PipelineRegister_Flush:IFID_S_Inst_Register|PipelineRegister:PIPE|falling_dffg:\G_nbit_reg:20:MUXI|s_Q ; iCLK         ; iCLK        ; 10.000       ; 0.599      ; 5.508      ;
; 5.079 ; PCRegister:PCCounter_inst|pc_dffg:\G_nbit_reg:9:MUXI|s_Q                                               ; PipelineRegister_Flush:IFID_S_Inst_Register|PipelineRegister:PIPE|falling_dffg:\G_nbit_reg:3:MUXI|s_Q  ; iCLK         ; iCLK        ; 10.000       ; 0.576      ; 5.484      ;
; 5.085 ; PCRegister:PCCounter_inst|pc_dffg:\G_nbit_reg:7:MUXI|s_Q                                               ; PipelineRegister_Flush:IFID_S_Inst_Register|PipelineRegister:PIPE|falling_dffg:\G_nbit_reg:22:MUXI|s_Q ; iCLK         ; iCLK        ; 10.000       ; 0.345      ; 5.247      ;
; 5.085 ; PCRegister:PCCounter_inst|pc_dffg:\G_nbit_reg:9:MUXI|s_Q                                               ; PipelineRegister_Flush:IFID_S_Inst_Register|PipelineRegister:PIPE|falling_dffg:\G_nbit_reg:1:MUXI|s_Q  ; iCLK         ; iCLK        ; 10.000       ; 0.576      ; 5.478      ;
; 5.087 ; PCRegister:PCCounter_inst|pc_dffg:\G_nbit_reg:8:MUXI|s_Q                                               ; PipelineRegister_Flush:IFID_S_Inst_Register|PipelineRegister:PIPE|falling_dffg:\G_nbit_reg:5:MUXI|s_Q  ; iCLK         ; iCLK        ; 10.000       ; 0.559      ; 5.459      ;
; 5.089 ; PCRegister:PCCounter_inst|pc_dffg:\G_nbit_reg:7:MUXI|s_Q                                               ; PipelineRegister_Flush:IFID_S_Inst_Register|PipelineRegister:PIPE|falling_dffg:\G_nbit_reg:12:MUXI|s_Q ; iCLK         ; iCLK        ; 10.000       ; 0.554      ; 5.452      ;
; 5.093 ; PCRegister:PCCounter_inst|pc_dffg:\G_nbit_reg:8:MUXI|s_Q                                               ; PipelineRegister_Flush:IFID_S_Inst_Register|PipelineRegister:PIPE|falling_dffg:\G_nbit_reg:17:MUXI|s_Q ; iCLK         ; iCLK        ; 10.000       ; 0.351      ; 5.245      ;
; 5.094 ; PCRegister:PCCounter_inst|pc_dffg:\G_nbit_reg:9:MUXI|s_Q                                               ; PipelineRegister_Flush:IFID_S_Inst_Register|PipelineRegister:PIPE|falling_dffg:\G_nbit_reg:2:MUXI|s_Q  ; iCLK         ; iCLK        ; 10.000       ; 0.576      ; 5.469      ;
; 5.095 ; PCRegister:PCCounter_inst|pc_dffg:\G_nbit_reg:7:MUXI|s_Q                                               ; PipelineRegister_Flush:IFID_S_Inst_Register|PipelineRegister:PIPE|falling_dffg:\G_nbit_reg:17:MUXI|s_Q ; iCLK         ; iCLK        ; 10.000       ; 0.351      ; 5.243      ;
; 5.097 ; PCRegister:PCCounter_inst|pc_dffg:\G_nbit_reg:5:MUXI|s_Q                                               ; PipelineRegister_Flush:IFID_S_Inst_Register|PipelineRegister:PIPE|falling_dffg:\G_nbit_reg:20:MUXI|s_Q ; iCLK         ; iCLK        ; 10.000       ; 0.599      ; 5.489      ;
; 5.098 ; PCRegister:PCCounter_inst|pc_dffg:\G_nbit_reg:9:MUXI|s_Q                                               ; PipelineRegister_Flush:IFID_S_Inst_Register|PipelineRegister:PIPE|falling_dffg:\G_nbit_reg:12:MUXI|s_Q ; iCLK         ; iCLK        ; 10.000       ; 0.554      ; 5.443      ;
; 5.098 ; PCRegister:PCCounter_inst|pc_dffg:\G_nbit_reg:5:MUXI|s_Q                                               ; PipelineRegister_Flush:IFID_S_Inst_Register|PipelineRegister:PIPE|falling_dffg:\G_nbit_reg:22:MUXI|s_Q ; iCLK         ; iCLK        ; 10.000       ; 0.373      ; 5.262      ;
; 5.103 ; PCRegister:PCCounter_inst|pc_dffg:\G_nbit_reg:8:MUXI|s_Q                                               ; PipelineRegister_Flush:IFID_S_Inst_Register|PipelineRegister:PIPE|falling_dffg:\G_nbit_reg:28:MUXI|s_Q ; iCLK         ; iCLK        ; 10.000       ; 0.559      ; 5.443      ;
; 5.104 ; PCRegister:PCCounter_inst|pc_dffg:\G_nbit_reg:2:MUXI|s_Q                                               ; PipelineRegister_Flush:IFID_S_Inst_Register|PipelineRegister:PIPE|falling_dffg:\G_nbit_reg:16:MUXI|s_Q ; iCLK         ; iCLK        ; 10.000       ; 0.595      ; 5.478      ;
; 5.105 ; PipelineRegister_Flush:IFID_S_Inst_Register|PipelineRegister:PIPE|falling_dffg:\G_nbit_reg:15:MUXI|s_Q ; PCRegister:PCCounter_inst|pc_dffg:\G_nbit_reg:2:MUXI|s_Q                                               ; iCLK         ; iCLK        ; 10.000       ; -0.736     ; 4.146      ;
; 5.105 ; PipelineRegister_Flush:IFID_S_Inst_Register|PipelineRegister:PIPE|falling_dffg:\G_nbit_reg:15:MUXI|s_Q ; PCRegister:PCCounter_inst|pc_dffg:\G_nbit_reg:3:MUXI|s_Q                                               ; iCLK         ; iCLK        ; 10.000       ; -0.736     ; 4.146      ;
; 5.105 ; PipelineRegister_Flush:IFID_S_Inst_Register|PipelineRegister:PIPE|falling_dffg:\G_nbit_reg:15:MUXI|s_Q ; PCRegister:PCCounter_inst|pc_dffg:\G_nbit_reg:5:MUXI|s_Q                                               ; iCLK         ; iCLK        ; 10.000       ; -0.736     ; 4.146      ;
; 5.105 ; PipelineRegister_Flush:IFID_S_Inst_Register|PipelineRegister:PIPE|falling_dffg:\G_nbit_reg:15:MUXI|s_Q ; PCRegister:PCCounter_inst|pc_dffg:\G_nbit_reg:4:MUXI|s_Q                                               ; iCLK         ; iCLK        ; 10.000       ; -0.736     ; 4.146      ;
; 5.105 ; PCRegister:PCCounter_inst|pc_dffg:\G_nbit_reg:9:MUXI|s_Q                                               ; PipelineRegister_Flush:IFID_S_Inst_Register|PipelineRegister:PIPE|falling_dffg:\G_nbit_reg:28:MUXI|s_Q ; iCLK         ; iCLK        ; 10.000       ; 0.559      ; 5.441      ;
; 5.106 ; PCRegister:PCCounter_inst|pc_dffg:\G_nbit_reg:6:MUXI|s_Q                                               ; PipelineRegister_Flush:IFID_S_Inst_Register|PipelineRegister:PIPE|falling_dffg:\G_nbit_reg:1:MUXI|s_Q  ; iCLK         ; iCLK        ; 10.000       ; 0.576      ; 5.457      ;
; 5.107 ; PCRegister:PCCounter_inst|pc_dffg:\G_nbit_reg:3:MUXI|s_Q                                               ; PipelineRegister_Flush:IFID_S_Inst_Register|PipelineRegister:PIPE|falling_dffg:\G_nbit_reg:18:MUXI|s_Q ; iCLK         ; iCLK        ; 10.000       ; 0.595      ; 5.475      ;
; 5.108 ; PCRegister:PCCounter_inst|pc_dffg:\G_nbit_reg:9:MUXI|s_Q                                               ; PipelineRegister_Flush:IFID_S_Inst_Register|PipelineRegister:PIPE|falling_dffg:\G_nbit_reg:6:MUXI|s_Q  ; iCLK         ; iCLK        ; 10.000       ; 0.576      ; 5.455      ;
; 5.112 ; PCRegister:PCCounter_inst|pc_dffg:\G_nbit_reg:8:MUXI|s_Q                                               ; PipelineRegister_Flush:IFID_S_Inst_Register|PipelineRegister:PIPE|falling_dffg:\G_nbit_reg:14:MUXI|s_Q ; iCLK         ; iCLK        ; 10.000       ; 0.554      ; 5.429      ;
; 5.114 ; PCRegister:PCCounter_inst|pc_dffg:\G_nbit_reg:3:MUXI|s_Q                                               ; PipelineRegister_Flush:IFID_S_Inst_Register|PipelineRegister:PIPE|falling_dffg:\G_nbit_reg:20:MUXI|s_Q ; iCLK         ; iCLK        ; 10.000       ; 0.599      ; 5.472      ;
; 5.114 ; PCRegister:PCCounter_inst|pc_dffg:\G_nbit_reg:4:MUXI|s_Q                                               ; PipelineRegister_Flush:IFID_S_Inst_Register|PipelineRegister:PIPE|falling_dffg:\G_nbit_reg:18:MUXI|s_Q ; iCLK         ; iCLK        ; 10.000       ; 0.595      ; 5.468      ;
; 5.118 ; PCRegister:PCCounter_inst|pc_dffg:\G_nbit_reg:9:MUXI|s_Q                                               ; PipelineRegister_Flush:IFID_S_Inst_Register|PipelineRegister:PIPE|falling_dffg:\G_nbit_reg:0:MUXI|s_Q  ; iCLK         ; iCLK        ; 10.000       ; 0.576      ; 5.445      ;
; 5.118 ; PCRegister:PCCounter_inst|pc_dffg:\G_nbit_reg:8:MUXI|s_Q                                               ; PipelineRegister_Flush:IFID_S_Inst_Register|PipelineRegister:PIPE|falling_dffg:\G_nbit_reg:0:MUXI|s_Q  ; iCLK         ; iCLK        ; 10.000       ; 0.576      ; 5.445      ;
; 5.119 ; PCRegister:PCCounter_inst|pc_dffg:\G_nbit_reg:2:MUXI|s_Q                                               ; PipelineRegister_Flush:IFID_S_Inst_Register|PipelineRegister:PIPE|falling_dffg:\G_nbit_reg:18:MUXI|s_Q ; iCLK         ; iCLK        ; 10.000       ; 0.595      ; 5.463      ;
; 5.120 ; PCRegister:PCCounter_inst|pc_dffg:\G_nbit_reg:9:MUXI|s_Q                                               ; PipelineRegister_Flush:IFID_S_Inst_Register|PipelineRegister:PIPE|falling_dffg:\G_nbit_reg:26:MUXI|s_Q ; iCLK         ; iCLK        ; 10.000       ; 0.568      ; 5.435      ;
; 5.121 ; PCRegister:PCCounter_inst|pc_dffg:\G_nbit_reg:7:MUXI|s_Q                                               ; PipelineRegister_Flush:IFID_S_Inst_Register|PipelineRegister:PIPE|falling_dffg:\G_nbit_reg:8:MUXI|s_Q  ; iCLK         ; iCLK        ; 10.000       ; 0.577      ; 5.443      ;
; 5.121 ; PCRegister:PCCounter_inst|pc_dffg:\G_nbit_reg:3:MUXI|s_Q                                               ; PipelineRegister_Flush:IFID_S_Inst_Register|PipelineRegister:PIPE|falling_dffg:\G_nbit_reg:26:MUXI|s_Q ; iCLK         ; iCLK        ; 10.000       ; 0.596      ; 5.462      ;
; 5.122 ; PCRegister:PCCounter_inst|pc_dffg:\G_nbit_reg:9:MUXI|s_Q                                               ; PipelineRegister_Flush:IFID_S_Inst_Register|PipelineRegister:PIPE|falling_dffg:\G_nbit_reg:25:MUXI|s_Q ; iCLK         ; iCLK        ; 10.000       ; 0.575      ; 5.440      ;
; 5.123 ; PCRegister:PCCounter_inst|pc_dffg:\G_nbit_reg:5:MUXI|s_Q                                               ; PipelineRegister_Flush:IFID_S_Inst_Register|PipelineRegister:PIPE|falling_dffg:\G_nbit_reg:8:MUXI|s_Q  ; iCLK         ; iCLK        ; 10.000       ; 0.590      ; 5.454      ;
; 5.126 ; PCRegister:PCCounter_inst|pc_dffg:\G_nbit_reg:8:MUXI|s_Q                                               ; PipelineRegister_Flush:IFID_S_Inst_Register|PipelineRegister:PIPE|falling_dffg:\G_nbit_reg:7:MUXI|s_Q  ; iCLK         ; iCLK        ; 10.000       ; 0.571      ; 5.432      ;
; 5.126 ; PCRegister:PCCounter_inst|pc_dffg:\G_nbit_reg:6:MUXI|s_Q                                               ; PipelineRegister_Flush:IFID_S_Inst_Register|PipelineRegister:PIPE|falling_dffg:\G_nbit_reg:2:MUXI|s_Q  ; iCLK         ; iCLK        ; 10.000       ; 0.576      ; 5.437      ;
; 5.127 ; PCRegister:PCCounter_inst|pc_dffg:\G_nbit_reg:8:MUXI|s_Q                                               ; PipelineRegister_Flush:IFID_S_Inst_Register|PipelineRegister:PIPE|falling_dffg:\G_nbit_reg:3:MUXI|s_Q  ; iCLK         ; iCLK        ; 10.000       ; 0.576      ; 5.436      ;
; 5.129 ; PCRegister:PCCounter_inst|pc_dffg:\G_nbit_reg:4:MUXI|s_Q                                               ; PipelineRegister_Flush:IFID_S_Inst_Register|PipelineRegister:PIPE|falling_dffg:\G_nbit_reg:0:MUXI|s_Q  ; iCLK         ; iCLK        ; 10.000       ; 0.589      ; 5.447      ;
; 5.132 ; PCRegister:PCCounter_inst|pc_dffg:\G_nbit_reg:5:MUXI|s_Q                                               ; PipelineRegister_Flush:IFID_S_Inst_Register|PipelineRegister:PIPE|falling_dffg:\G_nbit_reg:6:MUXI|s_Q  ; iCLK         ; iCLK        ; 10.000       ; 0.589      ; 5.444      ;
; 5.134 ; mem:IMem|ram~10817                                                                                     ; PipelineRegister_Flush:IFID_S_Inst_Register|PipelineRegister:PIPE|falling_dffg:\G_nbit_reg:22:MUXI|s_Q ; iCLK         ; iCLK        ; 10.000       ; 0.374      ; 5.227      ;
; 5.136 ; PCRegister:PCCounter_inst|pc_dffg:\G_nbit_reg:3:MUXI|s_Q                                               ; PipelineRegister_Flush:IFID_S_Inst_Register|PipelineRegister:PIPE|falling_dffg:\G_nbit_reg:2:MUXI|s_Q  ; iCLK         ; iCLK        ; 10.000       ; 0.589      ; 5.440      ;
; 5.137 ; PCRegister:PCCounter_inst|pc_dffg:\G_nbit_reg:8:MUXI|s_Q                                               ; PipelineRegister_Flush:IFID_S_Inst_Register|PipelineRegister:PIPE|falling_dffg:\G_nbit_reg:27:MUXI|s_Q ; iCLK         ; iCLK        ; 10.000       ; 0.571      ; 5.421      ;
; 5.137 ; PCRegister:PCCounter_inst|pc_dffg:\G_nbit_reg:3:MUXI|s_Q                                               ; PipelineRegister_Flush:IFID_S_Inst_Register|PipelineRegister:PIPE|falling_dffg:\G_nbit_reg:3:MUXI|s_Q  ; iCLK         ; iCLK        ; 10.000       ; 0.589      ; 5.439      ;
; 5.137 ; PCRegister:PCCounter_inst|pc_dffg:\G_nbit_reg:2:MUXI|s_Q                                               ; PipelineRegister_Flush:IFID_S_Inst_Register|PipelineRegister:PIPE|falling_dffg:\G_nbit_reg:30:MUXI|s_Q ; iCLK         ; iCLK        ; 10.000       ; 0.596      ; 5.446      ;
; 5.137 ; PCRegister:PCCounter_inst|pc_dffg:\G_nbit_reg:3:MUXI|s_Q                                               ; PipelineRegister_Flush:IFID_S_Inst_Register|PipelineRegister:PIPE|falling_dffg:\G_nbit_reg:1:MUXI|s_Q  ; iCLK         ; iCLK        ; 10.000       ; 0.589      ; 5.439      ;
; 5.141 ; PCRegister:PCCounter_inst|pc_dffg:\G_nbit_reg:4:MUXI|s_Q                                               ; PipelineRegister_Flush:IFID_S_Inst_Register|PipelineRegister:PIPE|falling_dffg:\G_nbit_reg:12:MUXI|s_Q ; iCLK         ; iCLK        ; 10.000       ; 0.597      ; 5.443      ;
; 5.142 ; PCRegister:PCCounter_inst|pc_dffg:\G_nbit_reg:8:MUXI|s_Q                                               ; PipelineRegister_Flush:IFID_S_Inst_Register|PipelineRegister:PIPE|falling_dffg:\G_nbit_reg:2:MUXI|s_Q  ; iCLK         ; iCLK        ; 10.000       ; 0.576      ; 5.421      ;
+-------+--------------------------------------------------------------------------------------------------------+--------------------------------------------------------------------------------------------------------+--------------+-------------+--------------+------------+------------+


+---------------------------------------------------------------------------------------------------------------------------------------------------------------------------------------------------------------------------------------------------------------------------------------------------------------------------------------------------------------------------------+
; Fast 1200mV 0C Model Hold: 'iCLK'                                                                                                                                                                                                                                                                                                                                               ;
+-------+-------------------------------------------------------------------------------------------------------------------------------------------------+-------------------------------------------------------------------------------------------------------------------------------------------------+--------------+-------------+--------------+------------+------------+
; Slack ; From Node                                                                                                                                       ; To Node                                                                                                                                         ; Launch Clock ; Latch Clock ; Relationship ; Clock Skew ; Data Delay ;
+-------+-------------------------------------------------------------------------------------------------------------------------------------------------+-------------------------------------------------------------------------------------------------------------------------------------------------+--------------+-------------+--------------+------------+------------+
; 0.149 ; EXMEMRegister:EXMEMRegister_inst|PipelineRegister_Flush:EXMEM_ALUOut_Register|PipelineRegister:PIPE|falling_dffg:\G_nbit_reg:8:MUXI|s_Q         ; mem:DMem|altsyncram:ram_rtl_0|altsyncram_g8d1:auto_generated|ram_block1a0~portb_address_reg0                                                    ; iCLK         ; iCLK        ; 0.000        ; 0.203      ; 0.456      ;
; 0.177 ; EXMEMRegister:EXMEMRegister_inst|PipelineRegister_Flush:EXMEM_ALUOut_Register|PipelineRegister:PIPE|falling_dffg:\G_nbit_reg:4:MUXI|s_Q         ; mem:DMem|altsyncram:ram_rtl_0|altsyncram_g8d1:auto_generated|ram_block1a0~portb_address_reg0                                                    ; iCLK         ; iCLK        ; 0.000        ; 0.219      ; 0.500      ;
; 0.184 ; IDEXRegister:IDEXRegister_inst|PipelineRegister_Flush:IDEX_PC4_Register|PipelineRegister:PIPE|falling_dffg:\G_nbit_reg:8:MUXI|s_Q               ; EXMEMRegister:EXMEMRegister_inst|PipelineRegister_Flush:EXMEM_PC4_Register|PipelineRegister:PIPE|falling_dffg:\G_nbit_reg:8:MUXI|s_Q            ; iCLK         ; iCLK        ; 0.000        ; 0.046      ; 0.314      ;
; 0.184 ; IDEXRegister:IDEXRegister_inst|PipelineRegister_Flush:IDEX_PC4_Register|PipelineRegister:PIPE|falling_dffg:\G_nbit_reg:14:MUXI|s_Q              ; EXMEMRegister:EXMEMRegister_inst|PipelineRegister_Flush:EXMEM_PC4_Register|PipelineRegister:PIPE|falling_dffg:\G_nbit_reg:14:MUXI|s_Q           ; iCLK         ; iCLK        ; 0.000        ; 0.046      ; 0.314      ;
; 0.184 ; IDEXRegister:IDEXRegister_inst|PipelineRegister_Flush:IDEX_PC4_Register|PipelineRegister:PIPE|falling_dffg:\G_nbit_reg:28:MUXI|s_Q              ; EXMEMRegister:EXMEMRegister_inst|PipelineRegister_Flush:EXMEM_PC4_Register|PipelineRegister:PIPE|falling_dffg:\G_nbit_reg:28:MUXI|s_Q           ; iCLK         ; iCLK        ; 0.000        ; 0.045      ; 0.313      ;
; 0.184 ; EXMEMRegister:EXMEMRegister_inst|PipelineRegister_Flush:EXMEM_PC4_Register|PipelineRegister:PIPE|falling_dffg:\G_nbit_reg:11:MUXI|s_Q           ; PipelineRegister:MEMWB_4t1AndLink_Register|falling_dffg:\G_nbit_reg:11:MUXI|s_Q                                                                 ; iCLK         ; iCLK        ; 0.000        ; 0.045      ; 0.313      ;
; 0.184 ; EXMEMRegister:EXMEMRegister_inst|PipelineRegister_Flush:EXMEM_PC4_Register|PipelineRegister:PIPE|falling_dffg:\G_nbit_reg:14:MUXI|s_Q           ; PipelineRegister:MEMWB_4t1AndLink_Register|falling_dffg:\G_nbit_reg:14:MUXI|s_Q                                                                 ; iCLK         ; iCLK        ; 0.000        ; 0.046      ; 0.314      ;
; 0.185 ; EXMEMRegister:EXMEMRegister_inst|PipelineRegister_Flush:EXMEM_PC4_Register|PipelineRegister:PIPE|falling_dffg:\G_nbit_reg:22:MUXI|s_Q           ; PipelineRegister:MEMWB_4t1AndLink_Register|falling_dffg:\G_nbit_reg:22:MUXI|s_Q                                                                 ; iCLK         ; iCLK        ; 0.000        ; 0.045      ; 0.314      ;
; 0.185 ; IDEXRegister:IDEXRegister_inst|PipelineRegister_Flush:IDEX_PC4_Register|PipelineRegister:PIPE|falling_dffg:\G_nbit_reg:13:MUXI|s_Q              ; EXMEMRegister:EXMEMRegister_inst|PipelineRegister_Flush:EXMEM_PC4_Register|PipelineRegister:PIPE|falling_dffg:\G_nbit_reg:13:MUXI|s_Q           ; iCLK         ; iCLK        ; 0.000        ; 0.044      ; 0.313      ;
; 0.185 ; IDEXRegister:IDEXRegister_inst|PipelineRegister_Flush:IDEX_PC4_Register|PipelineRegister:PIPE|falling_dffg:\G_nbit_reg:18:MUXI|s_Q              ; EXMEMRegister:EXMEMRegister_inst|PipelineRegister_Flush:EXMEM_PC4_Register|PipelineRegister:PIPE|falling_dffg:\G_nbit_reg:18:MUXI|s_Q           ; iCLK         ; iCLK        ; 0.000        ; 0.045      ; 0.314      ;
; 0.185 ; IDEXRegister:IDEXRegister_inst|PipelineRegister_Flush:IDEX_PC4_Register|PipelineRegister:PIPE|falling_dffg:\G_nbit_reg:16:MUXI|s_Q              ; EXMEMRegister:EXMEMRegister_inst|PipelineRegister_Flush:EXMEM_PC4_Register|PipelineRegister:PIPE|falling_dffg:\G_nbit_reg:16:MUXI|s_Q           ; iCLK         ; iCLK        ; 0.000        ; 0.044      ; 0.313      ;
; 0.185 ; IDEXRegister:IDEXRegister_inst|PipelineRegister_Flush:IDEX_PC4_Register|PipelineRegister:PIPE|falling_dffg:\G_nbit_reg:26:MUXI|s_Q              ; EXMEMRegister:EXMEMRegister_inst|PipelineRegister_Flush:EXMEM_PC4_Register|PipelineRegister:PIPE|falling_dffg:\G_nbit_reg:26:MUXI|s_Q           ; iCLK         ; iCLK        ; 0.000        ; 0.045      ; 0.314      ;
; 0.185 ; IDEXRegister:IDEXRegister_inst|PipelineRegister_Flush:IDEX_PC4_Register|PipelineRegister:PIPE|falling_dffg:\G_nbit_reg:9:MUXI|s_Q               ; EXMEMRegister:EXMEMRegister_inst|PipelineRegister_Flush:EXMEM_PC4_Register|PipelineRegister:PIPE|falling_dffg:\G_nbit_reg:9:MUXI|s_Q            ; iCLK         ; iCLK        ; 0.000        ; 0.045      ; 0.314      ;
; 0.185 ; IDEXRegister:IDEXRegister_inst|PipelineRegister_Flush:IDEX_PC4_Register|PipelineRegister:PIPE|falling_dffg:\G_nbit_reg:17:MUXI|s_Q              ; EXMEMRegister:EXMEMRegister_inst|PipelineRegister_Flush:EXMEM_PC4_Register|PipelineRegister:PIPE|falling_dffg:\G_nbit_reg:17:MUXI|s_Q           ; iCLK         ; iCLK        ; 0.000        ; 0.045      ; 0.314      ;
; 0.185 ; IDEXRegister:IDEXRegister_inst|PipelineRegister_Flush:IDEX_PC4_Register|PipelineRegister:PIPE|falling_dffg:\G_nbit_reg:7:MUXI|s_Q               ; EXMEMRegister:EXMEMRegister_inst|PipelineRegister_Flush:EXMEM_PC4_Register|PipelineRegister:PIPE|falling_dffg:\G_nbit_reg:7:MUXI|s_Q            ; iCLK         ; iCLK        ; 0.000        ; 0.045      ; 0.314      ;
; 0.185 ; IDEXRegister:IDEXRegister_inst|PipelineRegister_Flush:IDEX_PC4_Register|PipelineRegister:PIPE|falling_dffg:\G_nbit_reg:24:MUXI|s_Q              ; EXMEMRegister:EXMEMRegister_inst|PipelineRegister_Flush:EXMEM_PC4_Register|PipelineRegister:PIPE|falling_dffg:\G_nbit_reg:24:MUXI|s_Q           ; iCLK         ; iCLK        ; 0.000        ; 0.045      ; 0.314      ;
; 0.185 ; IDEXRegister:IDEXRegister_inst|PipelineRegister_Flush:IDEX_PC4_Register|PipelineRegister:PIPE|falling_dffg:\G_nbit_reg:10:MUXI|s_Q              ; EXMEMRegister:EXMEMRegister_inst|PipelineRegister_Flush:EXMEM_PC4_Register|PipelineRegister:PIPE|falling_dffg:\G_nbit_reg:10:MUXI|s_Q           ; iCLK         ; iCLK        ; 0.000        ; 0.045      ; 0.314      ;
; 0.185 ; IDEXRegister:IDEXRegister_inst|PipelineRegister_logic_Flush:IDEX_Branch_Register|falling_dffg:DFF|s_Q                                           ; EXMEMRegister:EXMEMRegister_inst|PipelineRegister_logic_Flush:EXMEM_Branch_Register|falling_dffg:DFF|s_Q                                        ; iCLK         ; iCLK        ; 0.000        ; 0.045      ; 0.314      ;
; 0.185 ; EXMEMRegister:EXMEMRegister_inst|PipelineRegister_Flush:EXMEM_PC4_Register|PipelineRegister:PIPE|falling_dffg:\G_nbit_reg:30:MUXI|s_Q           ; PipelineRegister:MEMWB_4t1AndLink_Register|falling_dffg:\G_nbit_reg:30:MUXI|s_Q                                                                 ; iCLK         ; iCLK        ; 0.000        ; 0.045      ; 0.314      ;
; 0.185 ; EXMEMRegister:EXMEMRegister_inst|PipelineRegister_Flush:EXMEM_PC4_Register|PipelineRegister:PIPE|falling_dffg:\G_nbit_reg:27:MUXI|s_Q           ; PipelineRegister:MEMWB_4t1AndLink_Register|falling_dffg:\G_nbit_reg:27:MUXI|s_Q                                                                 ; iCLK         ; iCLK        ; 0.000        ; 0.045      ; 0.314      ;
; 0.186 ; IDEXRegister:IDEXRegister_inst|PipelineRegister_Flush:IDEX_PC4_Register|PipelineRegister:PIPE|falling_dffg:\G_nbit_reg:19:MUXI|s_Q              ; EXMEMRegister:EXMEMRegister_inst|PipelineRegister_Flush:EXMEM_PC4_Register|PipelineRegister:PIPE|falling_dffg:\G_nbit_reg:19:MUXI|s_Q           ; iCLK         ; iCLK        ; 0.000        ; 0.045      ; 0.315      ;
; 0.186 ; IDEXRegister:IDEXRegister_inst|PipelineRegister_Flush:IDEX_PC4_Register|PipelineRegister:PIPE|falling_dffg:\G_nbit_reg:23:MUXI|s_Q              ; EXMEMRegister:EXMEMRegister_inst|PipelineRegister_Flush:EXMEM_PC4_Register|PipelineRegister:PIPE|falling_dffg:\G_nbit_reg:23:MUXI|s_Q           ; iCLK         ; iCLK        ; 0.000        ; 0.045      ; 0.315      ;
; 0.186 ; IDEXRegister:IDEXRegister_inst|PipelineRegister_Flush:IDEX_PC4_Register|PipelineRegister:PIPE|falling_dffg:\G_nbit_reg:2:MUXI|s_Q               ; EXMEMRegister:EXMEMRegister_inst|PipelineRegister_Flush:EXMEM_PC4_Register|PipelineRegister:PIPE|falling_dffg:\G_nbit_reg:2:MUXI|s_Q            ; iCLK         ; iCLK        ; 0.000        ; 0.045      ; 0.315      ;
; 0.186 ; IDEXRegister:IDEXRegister_inst|PipelineRegister_logic_Flush:IDEX_FlagNFlag_Register|falling_dffg:DFF|s_Q                                        ; EXMEMRegister:EXMEMRegister_inst|PipelineRegister_logic_Flush:EXMEM_FlagNFlag_Register|falling_dffg:DFF|s_Q                                     ; iCLK         ; iCLK        ; 0.000        ; 0.044      ; 0.314      ;
; 0.186 ; IDEXRegister:IDEXRegister_inst|PipelineRegister_Flush:IDEX_PC4_Register|PipelineRegister:PIPE|falling_dffg:\G_nbit_reg:6:MUXI|s_Q               ; EXMEMRegister:EXMEMRegister_inst|PipelineRegister_Flush:EXMEM_PC4_Register|PipelineRegister:PIPE|falling_dffg:\G_nbit_reg:6:MUXI|s_Q            ; iCLK         ; iCLK        ; 0.000        ; 0.045      ; 0.315      ;
; 0.186 ; IDEXRegister:IDEXRegister_inst|PipelineRegister_logic_Flush:IDEX_Jump_Register|falling_dffg:DFF|s_Q                                             ; EXMEMRegister:EXMEMRegister_inst|PipelineRegister_logic_Flush:EXMEM_Jump_Register|falling_dffg:DFF|s_Q                                          ; iCLK         ; iCLK        ; 0.000        ; 0.045      ; 0.315      ;
; 0.186 ; EXMEMRegister:EXMEMRegister_inst|PipelineRegister_Flush:EXMEM_PC4_Register|PipelineRegister:PIPE|falling_dffg:\G_nbit_reg:8:MUXI|s_Q            ; PipelineRegister:MEMWB_4t1AndLink_Register|falling_dffg:\G_nbit_reg:8:MUXI|s_Q                                                                  ; iCLK         ; iCLK        ; 0.000        ; 0.046      ; 0.316      ;
; 0.186 ; EXMEMRegister:EXMEMRegister_inst|PipelineRegister_Flush:EXMEM_PC4_Register|PipelineRegister:PIPE|falling_dffg:\G_nbit_reg:1:MUXI|s_Q            ; PipelineRegister:MEMWB_4t1AndLink_Register|falling_dffg:\G_nbit_reg:1:MUXI|s_Q                                                                  ; iCLK         ; iCLK        ; 0.000        ; 0.045      ; 0.315      ;
; 0.187 ; EXMEMRegister:EXMEMRegister_inst|PipelineRegister_Flush:EXMEM_PC4_Register|PipelineRegister:PIPE|falling_dffg:\G_nbit_reg:12:MUXI|s_Q           ; PipelineRegister:MEMWB_4t1AndLink_Register|falling_dffg:\G_nbit_reg:12:MUXI|s_Q                                                                 ; iCLK         ; iCLK        ; 0.000        ; 0.044      ; 0.315      ;
; 0.187 ; IDEXRegister:IDEXRegister_inst|PipelineRegister_Flush:IDEX_PC4_Register|PipelineRegister:PIPE|falling_dffg:\G_nbit_reg:5:MUXI|s_Q               ; EXMEMRegister:EXMEMRegister_inst|PipelineRegister_Flush:EXMEM_PC4_Register|PipelineRegister:PIPE|falling_dffg:\G_nbit_reg:5:MUXI|s_Q            ; iCLK         ; iCLK        ; 0.000        ; 0.044      ; 0.315      ;
; 0.187 ; IDEXRegister:IDEXRegister_inst|PipelineRegister_Flush:IDEX_funct3_Register|PipelineRegister:PIPE|falling_dffg:\G_nbit_reg:0:MUXI|s_Q            ; EXMEMRegister:EXMEMRegister_inst|PipelineRegister_Flush:EXMEM_funct3_Register|PipelineRegister:PIPE|falling_dffg:\G_nbit_reg:0:MUXI|s_Q         ; iCLK         ; iCLK        ; 0.000        ; 0.044      ; 0.315      ;
; 0.187 ; IDEXRegister:IDEXRegister_inst|PipelineRegister_Flush:IDEX_funct3_Register|PipelineRegister:PIPE|falling_dffg:\G_nbit_reg:1:MUXI|s_Q            ; EXMEMRegister:EXMEMRegister_inst|PipelineRegister_Flush:EXMEM_funct3_Register|PipelineRegister:PIPE|falling_dffg:\G_nbit_reg:1:MUXI|s_Q         ; iCLK         ; iCLK        ; 0.000        ; 0.045      ; 0.316      ;
; 0.187 ; IDEXRegister:IDEXRegister_inst|PipelineRegister_Flush:IDEX_PC4_Register|PipelineRegister:PIPE|falling_dffg:\G_nbit_reg:25:MUXI|s_Q              ; EXMEMRegister:EXMEMRegister_inst|PipelineRegister_Flush:EXMEM_PC4_Register|PipelineRegister:PIPE|falling_dffg:\G_nbit_reg:25:MUXI|s_Q           ; iCLK         ; iCLK        ; 0.000        ; 0.045      ; 0.316      ;
; 0.187 ; EXMEMRegister:EXMEMRegister_inst|PipelineRegister_Flush:EXMEM_PC4_Register|PipelineRegister:PIPE|falling_dffg:\G_nbit_reg:20:MUXI|s_Q           ; PipelineRegister:MEMWB_4t1AndLink_Register|falling_dffg:\G_nbit_reg:20:MUXI|s_Q                                                                 ; iCLK         ; iCLK        ; 0.000        ; 0.045      ; 0.316      ;
; 0.188 ; EXMEMRegister:EXMEMRegister_inst|PipelineRegister_Flush:EXMEM_PC4_Register|PipelineRegister:PIPE|falling_dffg:\G_nbit_reg:2:MUXI|s_Q            ; PipelineRegister:MEMWB_4t1AndLink_Register|falling_dffg:\G_nbit_reg:2:MUXI|s_Q                                                                  ; iCLK         ; iCLK        ; 0.000        ; 0.045      ; 0.317      ;
; 0.188 ; IDEXRegister:IDEXRegister_inst|PipelineRegister_Flush:IDEX_PC4_Register|PipelineRegister:PIPE|falling_dffg:\G_nbit_reg:4:MUXI|s_Q               ; EXMEMRegister:EXMEMRegister_inst|PipelineRegister_Flush:EXMEM_PC4_Register|PipelineRegister:PIPE|falling_dffg:\G_nbit_reg:4:MUXI|s_Q            ; iCLK         ; iCLK        ; 0.000        ; 0.044      ; 0.316      ;
; 0.188 ; IDEXRegister:IDEXRegister_inst|PipelineRegister_Flush:IDEX_PC4_Register|PipelineRegister:PIPE|falling_dffg:\G_nbit_reg:12:MUXI|s_Q              ; EXMEMRegister:EXMEMRegister_inst|PipelineRegister_Flush:EXMEM_PC4_Register|PipelineRegister:PIPE|falling_dffg:\G_nbit_reg:12:MUXI|s_Q           ; iCLK         ; iCLK        ; 0.000        ; 0.044      ; 0.316      ;
; 0.188 ; IDEXRegister:IDEXRegister_inst|PipelineRegister_Flush:IDEX_PC4_Register|PipelineRegister:PIPE|falling_dffg:\G_nbit_reg:20:MUXI|s_Q              ; EXMEMRegister:EXMEMRegister_inst|PipelineRegister_Flush:EXMEM_PC4_Register|PipelineRegister:PIPE|falling_dffg:\G_nbit_reg:20:MUXI|s_Q           ; iCLK         ; iCLK        ; 0.000        ; 0.045      ; 0.317      ;
; 0.189 ; IDEXRegister:IDEXRegister_inst|PipelineRegister_Flush:IDEX_PC4_Register|PipelineRegister:PIPE|falling_dffg:\G_nbit_reg:0:MUXI|s_Q               ; EXMEMRegister:EXMEMRegister_inst|PipelineRegister_Flush:EXMEM_PC4_Register|PipelineRegister:PIPE|falling_dffg:\G_nbit_reg:0:MUXI|s_Q            ; iCLK         ; iCLK        ; 0.000        ; 0.045      ; 0.318      ;
; 0.190 ; EXMEMRegister:EXMEMRegister_inst|PipelineRegister_Flush:EXMEM_PC_jump_adder_Register|PipelineRegister:PIPE|falling_dffg:\G_nbit_reg:16:MUXI|s_Q ; PipelineRegister:MEMWB_PC4OrBranch_Register|falling_dffg:\G_nbit_reg:16:MUXI|s_Q                                                                ; iCLK         ; iCLK        ; 0.000        ; 0.044      ; 0.318      ;
; 0.192 ; EXMEMRegister:EXMEMRegister_inst|PipelineRegister_Flush:EXMEM_ALUOut_Register|PipelineRegister:PIPE|falling_dffg:\G_nbit_reg:7:MUXI|s_Q         ; mem:DMem|altsyncram:ram_rtl_0|altsyncram_g8d1:auto_generated|ram_block1a3~portb_address_reg0                                                    ; iCLK         ; iCLK        ; 0.000        ; 0.209      ; 0.505      ;
; 0.196 ; IDEXRegister:IDEXRegister_inst|PipelineRegister_Flush:IDEX_rs2_Register|PipelineRegister:PIPE|falling_dffg:\G_nbit_reg:28:MUXI|s_Q              ; EXMEMRegister:EXMEMRegister_inst|PipelineRegister_Flush:EXMEM_RS2_Register|PipelineRegister:PIPE|falling_dffg:\G_nbit_reg:28:MUXI|s_Q           ; iCLK         ; iCLK        ; 0.000        ; 0.045      ; 0.325      ;
; 0.197 ; IDEXRegister:IDEXRegister_inst|PipelineRegister_Flush:IDEX_rs2_Register|PipelineRegister:PIPE|falling_dffg:\G_nbit_reg:17:MUXI|s_Q              ; EXMEMRegister:EXMEMRegister_inst|PipelineRegister_Flush:EXMEM_RS2_Register|PipelineRegister:PIPE|falling_dffg:\G_nbit_reg:17:MUXI|s_Q           ; iCLK         ; iCLK        ; 0.000        ; 0.044      ; 0.325      ;
; 0.198 ; IDEXRegister:IDEXRegister_inst|PipelineRegister_Flush:IDEX_PC_Register|PipelineRegister:PIPE|falling_dffg:\G_nbit_reg:22:MUXI|s_Q               ; EXMEMRegister:EXMEMRegister_inst|PipelineRegister_Flush:EXMEM_PC_jump_adder_Register|PipelineRegister:PIPE|falling_dffg:\G_nbit_reg:22:MUXI|s_Q ; iCLK         ; iCLK        ; 0.000        ; 0.045      ; 0.327      ;
; 0.199 ; IDEXRegister:IDEXRegister_inst|PipelineRegister_Flush:IDEX_PC_Register|PipelineRegister:PIPE|falling_dffg:\G_nbit_reg:6:MUXI|s_Q                ; EXMEMRegister:EXMEMRegister_inst|PipelineRegister_Flush:EXMEM_PC_jump_adder_Register|PipelineRegister:PIPE|falling_dffg:\G_nbit_reg:6:MUXI|s_Q  ; iCLK         ; iCLK        ; 0.000        ; 0.045      ; 0.328      ;
; 0.199 ; IDEXRegister:IDEXRegister_inst|PipelineRegister_Flush:IDEX_rs2_Register|PipelineRegister:PIPE|falling_dffg:\G_nbit_reg:20:MUXI|s_Q              ; EXMEMRegister:EXMEMRegister_inst|PipelineRegister_Flush:EXMEM_RS2_Register|PipelineRegister:PIPE|falling_dffg:\G_nbit_reg:20:MUXI|s_Q           ; iCLK         ; iCLK        ; 0.000        ; 0.044      ; 0.327      ;
; 0.199 ; IDEXRegister:IDEXRegister_inst|PipelineRegister_Flush:IDEX_rs2_Register|PipelineRegister:PIPE|falling_dffg:\G_nbit_reg:12:MUXI|s_Q              ; EXMEMRegister:EXMEMRegister_inst|PipelineRegister_Flush:EXMEM_RS2_Register|PipelineRegister:PIPE|falling_dffg:\G_nbit_reg:12:MUXI|s_Q           ; iCLK         ; iCLK        ; 0.000        ; 0.045      ; 0.328      ;
; 0.199 ; EXMEMRegister:EXMEMRegister_inst|PipelineRegister_Flush:EXMEM_ALUOut_Register|PipelineRegister:PIPE|falling_dffg:\G_nbit_reg:9:MUXI|s_Q         ; mem:DMem|altsyncram:ram_rtl_0|altsyncram_g8d1:auto_generated|ram_block1a3~portb_address_reg0                                                    ; iCLK         ; iCLK        ; 0.000        ; 0.201      ; 0.504      ;
; 0.200 ; IDEXRegister:IDEXRegister_inst|PipelineRegister_Flush:IDEX_WriteBack_Register|PipelineRegister:PIPE|falling_dffg:\G_nbit_reg:3:MUXI|s_Q         ; EXMEMRegister:EXMEMRegister_inst|PipelineRegister_Flush:EXMEM_WriteBack_Register|PipelineRegister:PIPE|falling_dffg:\G_nbit_reg:3:MUXI|s_Q      ; iCLK         ; iCLK        ; 0.000        ; 0.045      ; 0.329      ;
; 0.202 ; IDEXRegister:IDEXRegister_inst|PipelineRegister_Flush:IDEX_rs2_Register|PipelineRegister:PIPE|falling_dffg:\G_nbit_reg:25:MUXI|s_Q              ; EXMEMRegister:EXMEMRegister_inst|PipelineRegister_Flush:EXMEM_RS2_Register|PipelineRegister:PIPE|falling_dffg:\G_nbit_reg:25:MUXI|s_Q           ; iCLK         ; iCLK        ; 0.000        ; 0.045      ; 0.331      ;
; 0.204 ; IDEXRegister:IDEXRegister_inst|PipelineRegister_Flush:IDEX_WriteBack_Register|PipelineRegister:PIPE|falling_dffg:\G_nbit_reg:1:MUXI|s_Q         ; EXMEMRegister:EXMEMRegister_inst|PipelineRegister_Flush:EXMEM_WriteBack_Register|PipelineRegister:PIPE|falling_dffg:\G_nbit_reg:1:MUXI|s_Q      ; iCLK         ; iCLK        ; 0.000        ; 0.045      ; 0.333      ;
; 0.204 ; IDEXRegister:IDEXRegister_inst|PipelineRegister_Flush:IDEX_WriteBack_Register|PipelineRegister:PIPE|falling_dffg:\G_nbit_reg:0:MUXI|s_Q         ; EXMEMRegister:EXMEMRegister_inst|PipelineRegister_Flush:EXMEM_WriteBack_Register|PipelineRegister:PIPE|falling_dffg:\G_nbit_reg:0:MUXI|s_Q      ; iCLK         ; iCLK        ; 0.000        ; 0.045      ; 0.333      ;
; 0.206 ; EXMEMRegister:EXMEMRegister_inst|PipelineRegister_Flush:EXMEM_ALUOut_Register|PipelineRegister:PIPE|falling_dffg:\G_nbit_reg:6:MUXI|s_Q         ; mem:DMem|altsyncram:ram_rtl_0|altsyncram_g8d1:auto_generated|ram_block1a2~portb_address_reg0                                                    ; iCLK         ; iCLK        ; 0.000        ; 0.205      ; 0.515      ;
; 0.211 ; EXMEMRegister:EXMEMRegister_inst|PipelineRegister_Flush:EXMEM_ALUOut_Register|PipelineRegister:PIPE|falling_dffg:\G_nbit_reg:6:MUXI|s_Q         ; mem:DMem|altsyncram:ram_rtl_0|altsyncram_g8d1:auto_generated|ram_block1a1~portb_address_reg0                                                    ; iCLK         ; iCLK        ; 0.000        ; 0.199      ; 0.514      ;
; 0.215 ; EXMEMRegister:EXMEMRegister_inst|PipelineRegister_Flush:EXMEM_ALUOut_Register|PipelineRegister:PIPE|falling_dffg:\G_nbit_reg:9:MUXI|s_Q         ; mem:DMem|altsyncram:ram_rtl_0|altsyncram_g8d1:auto_generated|ram_block1a2~portb_address_reg0                                                    ; iCLK         ; iCLK        ; 0.000        ; 0.205      ; 0.524      ;
; 0.221 ; EXMEMRegister:EXMEMRegister_inst|PipelineRegister_Flush:EXMEM_ALUOut_Register|PipelineRegister:PIPE|falling_dffg:\G_nbit_reg:9:MUXI|s_Q         ; mem:DMem|altsyncram:ram_rtl_0|altsyncram_g8d1:auto_generated|ram_block1a1~portb_address_reg0                                                    ; iCLK         ; iCLK        ; 0.000        ; 0.199      ; 0.524      ;
; 0.223 ; EXMEMRegister:EXMEMRegister_inst|PipelineRegister_Flush:EXMEM_ALUOut_Register|PipelineRegister:PIPE|falling_dffg:\G_nbit_reg:4:MUXI|s_Q         ; mem:DMem|altsyncram:ram_rtl_0|altsyncram_g8d1:auto_generated|ram_block1a3~portb_address_reg0                                                    ; iCLK         ; iCLK        ; 0.000        ; 0.201      ; 0.528      ;
; 0.236 ; EXMEMRegister:EXMEMRegister_inst|PipelineRegister_Flush:EXMEM_ALUOut_Register|PipelineRegister:PIPE|falling_dffg:\G_nbit_reg:4:MUXI|s_Q         ; mem:DMem|altsyncram:ram_rtl_0|altsyncram_g8d1:auto_generated|ram_block1a1~portb_address_reg0                                                    ; iCLK         ; iCLK        ; 0.000        ; 0.199      ; 0.539      ;
; 0.243 ; PipelineRegister_Flush:IFID_PC_Register|PipelineRegister:PIPE|falling_dffg:\G_nbit_reg:11:MUXI|s_Q                                              ; IDEXRegister:IDEXRegister_inst|PipelineRegister_Flush:IDEX_PC_Register|PipelineRegister:PIPE|falling_dffg:\G_nbit_reg:11:MUXI|s_Q               ; iCLK         ; iCLK        ; 0.000        ; 0.045      ; 0.372      ;
; 0.244 ; PipelineRegister_Flush:IFID_PC4_Register|PipelineRegister:PIPE|falling_dffg:\G_nbit_reg:18:MUXI|s_Q                                             ; IDEXRegister:IDEXRegister_inst|PipelineRegister_Flush:IDEX_PC4_Register|PipelineRegister:PIPE|falling_dffg:\G_nbit_reg:18:MUXI|s_Q              ; iCLK         ; iCLK        ; 0.000        ; 0.045      ; 0.373      ;
; 0.244 ; PipelineRegister_Flush:IFID_PC4_Register|PipelineRegister:PIPE|falling_dffg:\G_nbit_reg:2:MUXI|s_Q                                              ; IDEXRegister:IDEXRegister_inst|PipelineRegister_Flush:IDEX_PC4_Register|PipelineRegister:PIPE|falling_dffg:\G_nbit_reg:2:MUXI|s_Q               ; iCLK         ; iCLK        ; 0.000        ; 0.045      ; 0.373      ;
; 0.244 ; PipelineRegister_Flush:IFID_PC4_Register|PipelineRegister:PIPE|falling_dffg:\G_nbit_reg:11:MUXI|s_Q                                             ; IDEXRegister:IDEXRegister_inst|PipelineRegister_Flush:IDEX_PC4_Register|PipelineRegister:PIPE|falling_dffg:\G_nbit_reg:11:MUXI|s_Q              ; iCLK         ; iCLK        ; 0.000        ; 0.045      ; 0.373      ;
; 0.244 ; PipelineRegister_Flush:IFID_PC_Register|PipelineRegister:PIPE|falling_dffg:\G_nbit_reg:25:MUXI|s_Q                                              ; IDEXRegister:IDEXRegister_inst|PipelineRegister_Flush:IDEX_PC_Register|PipelineRegister:PIPE|falling_dffg:\G_nbit_reg:25:MUXI|s_Q               ; iCLK         ; iCLK        ; 0.000        ; 0.045      ; 0.373      ;
; 0.244 ; PipelineRegister_Flush:IFID_PC4_Register|PipelineRegister:PIPE|falling_dffg:\G_nbit_reg:25:MUXI|s_Q                                             ; IDEXRegister:IDEXRegister_inst|PipelineRegister_Flush:IDEX_PC4_Register|PipelineRegister:PIPE|falling_dffg:\G_nbit_reg:25:MUXI|s_Q              ; iCLK         ; iCLK        ; 0.000        ; 0.045      ; 0.373      ;
; 0.244 ; PipelineRegister_Flush:IFID_PC4_Register|PipelineRegister:PIPE|falling_dffg:\G_nbit_reg:17:MUXI|s_Q                                             ; IDEXRegister:IDEXRegister_inst|PipelineRegister_Flush:IDEX_PC4_Register|PipelineRegister:PIPE|falling_dffg:\G_nbit_reg:17:MUXI|s_Q              ; iCLK         ; iCLK        ; 0.000        ; 0.045      ; 0.373      ;
; 0.244 ; PipelineRegister_Flush:IFID_PC4_Register|PipelineRegister:PIPE|falling_dffg:\G_nbit_reg:24:MUXI|s_Q                                             ; IDEXRegister:IDEXRegister_inst|PipelineRegister_Flush:IDEX_PC4_Register|PipelineRegister:PIPE|falling_dffg:\G_nbit_reg:24:MUXI|s_Q              ; iCLK         ; iCLK        ; 0.000        ; 0.045      ; 0.373      ;
; 0.244 ; PipelineRegister_Flush:IFID_PC_Register|PipelineRegister:PIPE|falling_dffg:\G_nbit_reg:6:MUXI|s_Q                                               ; IDEXRegister:IDEXRegister_inst|PipelineRegister_Flush:IDEX_PC_Register|PipelineRegister:PIPE|falling_dffg:\G_nbit_reg:6:MUXI|s_Q                ; iCLK         ; iCLK        ; 0.000        ; 0.045      ; 0.373      ;
; 0.244 ; PipelineRegister_Flush:IFID_PC_Register|PipelineRegister:PIPE|falling_dffg:\G_nbit_reg:24:MUXI|s_Q                                              ; IDEXRegister:IDEXRegister_inst|PipelineRegister_Flush:IDEX_PC_Register|PipelineRegister:PIPE|falling_dffg:\G_nbit_reg:24:MUXI|s_Q               ; iCLK         ; iCLK        ; 0.000        ; 0.045      ; 0.373      ;
; 0.244 ; EXMEMRegister:EXMEMRegister_inst|PipelineRegister_Flush:EXMEM_PC4_Register|PipelineRegister:PIPE|falling_dffg:\G_nbit_reg:21:MUXI|s_Q           ; PipelineRegister:MEMWB_4t1AndLink_Register|falling_dffg:\G_nbit_reg:21:MUXI|s_Q                                                                 ; iCLK         ; iCLK        ; 0.000        ; 0.045      ; 0.373      ;
; 0.245 ; PipelineRegister_Flush:IFID_PC_Register|PipelineRegister:PIPE|falling_dffg:\G_nbit_reg:3:MUXI|s_Q                                               ; IDEXRegister:IDEXRegister_inst|PipelineRegister_Flush:IDEX_PC_Register|PipelineRegister:PIPE|falling_dffg:\G_nbit_reg:3:MUXI|s_Q                ; iCLK         ; iCLK        ; 0.000        ; 0.044      ; 0.373      ;
; 0.245 ; PipelineRegister_Flush:IFID_PC4_Register|PipelineRegister:PIPE|falling_dffg:\G_nbit_reg:27:MUXI|s_Q                                             ; IDEXRegister:IDEXRegister_inst|PipelineRegister_Flush:IDEX_PC4_Register|PipelineRegister:PIPE|falling_dffg:\G_nbit_reg:27:MUXI|s_Q              ; iCLK         ; iCLK        ; 0.000        ; 0.044      ; 0.373      ;
; 0.245 ; PipelineRegister_Flush:IFID_PC4_Register|PipelineRegister:PIPE|falling_dffg:\G_nbit_reg:5:MUXI|s_Q                                              ; IDEXRegister:IDEXRegister_inst|PipelineRegister_Flush:IDEX_PC4_Register|PipelineRegister:PIPE|falling_dffg:\G_nbit_reg:5:MUXI|s_Q               ; iCLK         ; iCLK        ; 0.000        ; 0.044      ; 0.373      ;
; 0.245 ; PipelineRegister_Flush:IFID_PC_Register|PipelineRegister:PIPE|falling_dffg:\G_nbit_reg:23:MUXI|s_Q                                              ; IDEXRegister:IDEXRegister_inst|PipelineRegister_Flush:IDEX_PC_Register|PipelineRegister:PIPE|falling_dffg:\G_nbit_reg:23:MUXI|s_Q               ; iCLK         ; iCLK        ; 0.000        ; 0.044      ; 0.373      ;
; 0.245 ; PipelineRegister_Flush:IFID_PC_Register|PipelineRegister:PIPE|falling_dffg:\G_nbit_reg:18:MUXI|s_Q                                              ; IDEXRegister:IDEXRegister_inst|PipelineRegister_Flush:IDEX_PC_Register|PipelineRegister:PIPE|falling_dffg:\G_nbit_reg:18:MUXI|s_Q               ; iCLK         ; iCLK        ; 0.000        ; 0.045      ; 0.374      ;
; 0.245 ; IDEXRegister:IDEXRegister_inst|PipelineRegister_logic_Flush:IDEX_MemToReg_Register|falling_dffg:DFF|s_Q                                         ; EXMEMRegister:EXMEMRegister_inst|PipelineRegister_logic_Flush:EXMEM_MemToReg_Register|falling_dffg:DFF|s_Q                                      ; iCLK         ; iCLK        ; 0.000        ; 0.044      ; 0.373      ;
; 0.245 ; PipelineRegister_Flush:IFID_PC4_Register|PipelineRegister:PIPE|falling_dffg:\G_nbit_reg:8:MUXI|s_Q                                              ; IDEXRegister:IDEXRegister_inst|PipelineRegister_Flush:IDEX_PC4_Register|PipelineRegister:PIPE|falling_dffg:\G_nbit_reg:8:MUXI|s_Q               ; iCLK         ; iCLK        ; 0.000        ; 0.046      ; 0.375      ;
; 0.245 ; PipelineRegister_Flush:IFID_PC4_Register|PipelineRegister:PIPE|falling_dffg:\G_nbit_reg:7:MUXI|s_Q                                              ; IDEXRegister:IDEXRegister_inst|PipelineRegister_Flush:IDEX_PC4_Register|PipelineRegister:PIPE|falling_dffg:\G_nbit_reg:7:MUXI|s_Q               ; iCLK         ; iCLK        ; 0.000        ; 0.045      ; 0.374      ;
; 0.245 ; PipelineRegister_Flush:IFID_PC4_Register|PipelineRegister:PIPE|falling_dffg:\G_nbit_reg:20:MUXI|s_Q                                             ; IDEXRegister:IDEXRegister_inst|PipelineRegister_Flush:IDEX_PC4_Register|PipelineRegister:PIPE|falling_dffg:\G_nbit_reg:20:MUXI|s_Q              ; iCLK         ; iCLK        ; 0.000        ; 0.045      ; 0.374      ;
; 0.245 ; PipelineRegister_Flush:IFID_PC_Register|PipelineRegister:PIPE|falling_dffg:\G_nbit_reg:7:MUXI|s_Q                                               ; IDEXRegister:IDEXRegister_inst|PipelineRegister_Flush:IDEX_PC_Register|PipelineRegister:PIPE|falling_dffg:\G_nbit_reg:7:MUXI|s_Q                ; iCLK         ; iCLK        ; 0.000        ; 0.045      ; 0.374      ;
; 0.246 ; PipelineRegister_Flush:IFID_PC_Register|PipelineRegister:PIPE|falling_dffg:\G_nbit_reg:4:MUXI|s_Q                                               ; IDEXRegister:IDEXRegister_inst|PipelineRegister_Flush:IDEX_PC_Register|PipelineRegister:PIPE|falling_dffg:\G_nbit_reg:4:MUXI|s_Q                ; iCLK         ; iCLK        ; 0.000        ; 0.044      ; 0.374      ;
; 0.246 ; PipelineRegister_Flush:IFID_PC4_Register|PipelineRegister:PIPE|falling_dffg:\G_nbit_reg:4:MUXI|s_Q                                              ; IDEXRegister:IDEXRegister_inst|PipelineRegister_Flush:IDEX_PC4_Register|PipelineRegister:PIPE|falling_dffg:\G_nbit_reg:4:MUXI|s_Q               ; iCLK         ; iCLK        ; 0.000        ; 0.044      ; 0.374      ;
; 0.246 ; PipelineRegister_Flush:IFID_PC4_Register|PipelineRegister:PIPE|falling_dffg:\G_nbit_reg:19:MUXI|s_Q                                             ; IDEXRegister:IDEXRegister_inst|PipelineRegister_Flush:IDEX_PC4_Register|PipelineRegister:PIPE|falling_dffg:\G_nbit_reg:19:MUXI|s_Q              ; iCLK         ; iCLK        ; 0.000        ; 0.045      ; 0.375      ;
; 0.246 ; PipelineRegister_Flush:IFID_PC_Register|PipelineRegister:PIPE|falling_dffg:\G_nbit_reg:19:MUXI|s_Q                                              ; IDEXRegister:IDEXRegister_inst|PipelineRegister_Flush:IDEX_PC_Register|PipelineRegister:PIPE|falling_dffg:\G_nbit_reg:19:MUXI|s_Q               ; iCLK         ; iCLK        ; 0.000        ; 0.044      ; 0.374      ;
; 0.246 ; PipelineRegister_Flush:IFID_PC4_Register|PipelineRegister:PIPE|falling_dffg:\G_nbit_reg:23:MUXI|s_Q                                             ; IDEXRegister:IDEXRegister_inst|PipelineRegister_Flush:IDEX_PC4_Register|PipelineRegister:PIPE|falling_dffg:\G_nbit_reg:23:MUXI|s_Q              ; iCLK         ; iCLK        ; 0.000        ; 0.045      ; 0.375      ;
; 0.246 ; PipelineRegister_Flush:IFID_PC4_Register|PipelineRegister:PIPE|falling_dffg:\G_nbit_reg:16:MUXI|s_Q                                             ; IDEXRegister:IDEXRegister_inst|PipelineRegister_Flush:IDEX_PC4_Register|PipelineRegister:PIPE|falling_dffg:\G_nbit_reg:16:MUXI|s_Q              ; iCLK         ; iCLK        ; 0.000        ; 0.044      ; 0.374      ;
; 0.246 ; PipelineRegister_Flush:IFID_PC_Register|PipelineRegister:PIPE|falling_dffg:\G_nbit_reg:16:MUXI|s_Q                                              ; IDEXRegister:IDEXRegister_inst|PipelineRegister_Flush:IDEX_PC_Register|PipelineRegister:PIPE|falling_dffg:\G_nbit_reg:16:MUXI|s_Q               ; iCLK         ; iCLK        ; 0.000        ; 0.044      ; 0.374      ;
; 0.246 ; PipelineRegister_Flush:IFID_PC_Register|PipelineRegister:PIPE|falling_dffg:\G_nbit_reg:15:MUXI|s_Q                                              ; IDEXRegister:IDEXRegister_inst|PipelineRegister_Flush:IDEX_PC_Register|PipelineRegister:PIPE|falling_dffg:\G_nbit_reg:15:MUXI|s_Q               ; iCLK         ; iCLK        ; 0.000        ; 0.044      ; 0.374      ;
; 0.246 ; PipelineRegister_Flush:IFID_PC_Register|PipelineRegister:PIPE|falling_dffg:\G_nbit_reg:21:MUXI|s_Q                                              ; IDEXRegister:IDEXRegister_inst|PipelineRegister_Flush:IDEX_PC_Register|PipelineRegister:PIPE|falling_dffg:\G_nbit_reg:21:MUXI|s_Q               ; iCLK         ; iCLK        ; 0.000        ; 0.045      ; 0.375      ;
; 0.246 ; PipelineRegister_Flush:IFID_PC_Register|PipelineRegister:PIPE|falling_dffg:\G_nbit_reg:8:MUXI|s_Q                                               ; IDEXRegister:IDEXRegister_inst|PipelineRegister_Flush:IDEX_PC_Register|PipelineRegister:PIPE|falling_dffg:\G_nbit_reg:8:MUXI|s_Q                ; iCLK         ; iCLK        ; 0.000        ; 0.046      ; 0.376      ;
; 0.247 ; PipelineRegister_Flush:IFID_PC4_Register|PipelineRegister:PIPE|falling_dffg:\G_nbit_reg:3:MUXI|s_Q                                              ; IDEXRegister:IDEXRegister_inst|PipelineRegister_Flush:IDEX_PC4_Register|PipelineRegister:PIPE|falling_dffg:\G_nbit_reg:3:MUXI|s_Q               ; iCLK         ; iCLK        ; 0.000        ; 0.044      ; 0.375      ;
; 0.247 ; PipelineRegister_Flush:IFID_PC4_Register|PipelineRegister:PIPE|falling_dffg:\G_nbit_reg:15:MUXI|s_Q                                             ; IDEXRegister:IDEXRegister_inst|PipelineRegister_Flush:IDEX_PC4_Register|PipelineRegister:PIPE|falling_dffg:\G_nbit_reg:15:MUXI|s_Q              ; iCLK         ; iCLK        ; 0.000        ; 0.044      ; 0.375      ;
; 0.247 ; PipelineRegister_Flush:IFID_PC4_Register|PipelineRegister:PIPE|falling_dffg:\G_nbit_reg:21:MUXI|s_Q                                             ; IDEXRegister:IDEXRegister_inst|PipelineRegister_Flush:IDEX_PC4_Register|PipelineRegister:PIPE|falling_dffg:\G_nbit_reg:21:MUXI|s_Q              ; iCLK         ; iCLK        ; 0.000        ; 0.045      ; 0.376      ;
; 0.247 ; PipelineRegister_Flush:IFID_PC4_Register|PipelineRegister:PIPE|falling_dffg:\G_nbit_reg:6:MUXI|s_Q                                              ; IDEXRegister:IDEXRegister_inst|PipelineRegister_Flush:IDEX_PC4_Register|PipelineRegister:PIPE|falling_dffg:\G_nbit_reg:6:MUXI|s_Q               ; iCLK         ; iCLK        ; 0.000        ; 0.045      ; 0.376      ;
; 0.247 ; EXMEMRegister:EXMEMRegister_inst|PipelineRegister_Flush:EXMEM_PC4_Register|PipelineRegister:PIPE|falling_dffg:\G_nbit_reg:26:MUXI|s_Q           ; PipelineRegister:MEMWB_4t1AndLink_Register|falling_dffg:\G_nbit_reg:26:MUXI|s_Q                                                                 ; iCLK         ; iCLK        ; 0.000        ; 0.045      ; 0.376      ;
; 0.251 ; IDEXRegister:IDEXRegister_inst|PipelineRegister_Flush:IDEX_PC4_Register|PipelineRegister:PIPE|falling_dffg:\G_nbit_reg:15:MUXI|s_Q              ; EXMEMRegister:EXMEMRegister_inst|PipelineRegister_Flush:EXMEM_PC4_Register|PipelineRegister:PIPE|falling_dffg:\G_nbit_reg:15:MUXI|s_Q           ; iCLK         ; iCLK        ; 0.000        ; 0.044      ; 0.379      ;
; 0.254 ; IDEXRegister:IDEXRegister_inst|PipelineRegister_Flush:IDEX_PC_Register|PipelineRegister:PIPE|falling_dffg:\G_nbit_reg:7:MUXI|s_Q                ; EXMEMRegister:EXMEMRegister_inst|PipelineRegister_Flush:EXMEM_PC_jump_adder_Register|PipelineRegister:PIPE|falling_dffg:\G_nbit_reg:7:MUXI|s_Q  ; iCLK         ; iCLK        ; 0.000        ; 0.045      ; 0.383      ;
; 0.260 ; PipelineRegister_Flush:IFID_PC4_Register|PipelineRegister:PIPE|falling_dffg:\G_nbit_reg:0:MUXI|s_Q                                              ; IDEXRegister:IDEXRegister_inst|PipelineRegister_Flush:IDEX_PC4_Register|PipelineRegister:PIPE|falling_dffg:\G_nbit_reg:0:MUXI|s_Q               ; iCLK         ; iCLK        ; 0.000        ; 0.046      ; 0.390      ;
; 0.262 ; IDEXRegister:IDEXRegister_inst|PipelineRegister_Flush:IDEX_PC4_Register|PipelineRegister:PIPE|falling_dffg:\G_nbit_reg:11:MUXI|s_Q              ; EXMEMRegister:EXMEMRegister_inst|PipelineRegister_Flush:EXMEM_PC4_Register|PipelineRegister:PIPE|falling_dffg:\G_nbit_reg:11:MUXI|s_Q           ; iCLK         ; iCLK        ; 0.000        ; 0.045      ; 0.391      ;
; 0.263 ; IDEXRegister:IDEXRegister_inst|PipelineRegister_Flush:IDEX_PC4_Register|PipelineRegister:PIPE|falling_dffg:\G_nbit_reg:31:MUXI|s_Q              ; EXMEMRegister:EXMEMRegister_inst|PipelineRegister_Flush:EXMEM_PC4_Register|PipelineRegister:PIPE|falling_dffg:\G_nbit_reg:31:MUXI|s_Q           ; iCLK         ; iCLK        ; 0.000        ; 0.045      ; 0.392      ;
; 0.263 ; IDEXRegister:IDEXRegister_inst|PipelineRegister_Flush:IDEX_WriteBack_Register|PipelineRegister:PIPE|falling_dffg:\G_nbit_reg:4:MUXI|s_Q         ; EXMEMRegister:EXMEMRegister_inst|PipelineRegister_Flush:EXMEM_WriteBack_Register|PipelineRegister:PIPE|falling_dffg:\G_nbit_reg:4:MUXI|s_Q      ; iCLK         ; iCLK        ; 0.000        ; 0.045      ; 0.392      ;
+-------+-------------------------------------------------------------------------------------------------------------------------------------------------+-------------------------------------------------------------------------------------------------------------------------------------------------+--------------+-------------+--------------+------------+------------+


----------------------------------------------
; Fast 1200mV 0C Model Metastability Summary ;
----------------------------------------------
No synchronizer chains to report.


+------------------------------------------------------------------------------+
; Multicorner Timing Analysis Summary                                          ;
+------------------+--------+-------+----------+---------+---------------------+
; Clock            ; Setup  ; Hold  ; Recovery ; Removal ; Minimum Pulse Width ;
+------------------+--------+-------+----------+---------+---------------------+
; Worst-case Slack ; -1.157 ; 0.149 ; N/A      ; N/A     ; 9.366               ;
;  iCLK            ; -1.157 ; 0.149 ; N/A      ; N/A     ; 9.366               ;
; Design-wide TNS  ; -7.686 ; 0.0   ; 0.0      ; 0.0     ; 0.0                 ;
;  iCLK            ; -7.686 ; 0.000 ; N/A      ; N/A     ; 0.000               ;
+------------------+--------+-------+----------+---------+---------------------+


+------------------------------------------------------------------------------------------------------------------------------------------------------------------------------------------------------------------------------------------------------------------------------------------------------------------------------------------------------------------------------------------------------------------+
; Board Trace Model Assignments                                                                                                                                                                                                                                                                                                                                                                                    ;
+---------------+--------------+-------------------+-------------------------+-------------------------+---------------+---------------------+----------------+------------------+--------+------------------+------------------------+------------------------+--------------+---------------+-----------------+-------+---------------------+--------------------+---------------+-----------------+-------------+
; Pin           ; I/O Standard ; Near Tline Length ; Near Tline L per Length ; Near Tline C per Length ; Near Series R ; Near Differential R ; Near Pull-up R ; Near Pull-down R ; Near C ; Far Tline Length ; Far Tline L per Length ; Far Tline C per Length ; Far Series R ; Far Pull-up R ; Far Pull-down R ; Far C ; Termination Voltage ; Far Differential R ; EBD File Name ; EBD Signal Name ; EBD Far-end ;
+---------------+--------------+-------------------+-------------------------+-------------------------+---------------+---------------------+----------------+------------------+--------+------------------+------------------------+------------------------+--------------+---------------+-----------------+-------+---------------------+--------------------+---------------+-----------------+-------------+
; oALUOut[0]    ; 2.5 V        ; 0 in              ; 0 H/in                  ; 0 F/in                  ; short         ; -                   ; open           ; open             ; open   ; 0 in             ; 0 H/in                 ; 0 F/in                 ; short        ; open          ; open            ; open  ; 0 V                 ; -                  ; n/a           ; n/a             ; n/a         ;
; oALUOut[1]    ; 2.5 V        ; 0 in              ; 0 H/in                  ; 0 F/in                  ; short         ; -                   ; open           ; open             ; open   ; 0 in             ; 0 H/in                 ; 0 F/in                 ; short        ; open          ; open            ; open  ; 0 V                 ; -                  ; n/a           ; n/a             ; n/a         ;
; oALUOut[2]    ; 2.5 V        ; 0 in              ; 0 H/in                  ; 0 F/in                  ; short         ; -                   ; open           ; open             ; open   ; 0 in             ; 0 H/in                 ; 0 F/in                 ; short        ; open          ; open            ; open  ; 0 V                 ; -                  ; n/a           ; n/a             ; n/a         ;
; oALUOut[3]    ; 2.5 V        ; 0 in              ; 0 H/in                  ; 0 F/in                  ; short         ; -                   ; open           ; open             ; open   ; 0 in             ; 0 H/in                 ; 0 F/in                 ; short        ; open          ; open            ; open  ; 0 V                 ; -                  ; n/a           ; n/a             ; n/a         ;
; oALUOut[4]    ; 2.5 V        ; 0 in              ; 0 H/in                  ; 0 F/in                  ; short         ; -                   ; open           ; open             ; open   ; 0 in             ; 0 H/in                 ; 0 F/in                 ; short        ; open          ; open            ; open  ; 0 V                 ; -                  ; n/a           ; n/a             ; n/a         ;
; oALUOut[5]    ; 2.5 V        ; 0 in              ; 0 H/in                  ; 0 F/in                  ; short         ; -                   ; open           ; open             ; open   ; 0 in             ; 0 H/in                 ; 0 F/in                 ; short        ; open          ; open            ; open  ; 0 V                 ; -                  ; n/a           ; n/a             ; n/a         ;
; oALUOut[6]    ; 2.5 V        ; 0 in              ; 0 H/in                  ; 0 F/in                  ; short         ; -                   ; open           ; open             ; open   ; 0 in             ; 0 H/in                 ; 0 F/in                 ; short        ; open          ; open            ; open  ; 0 V                 ; -                  ; n/a           ; n/a             ; n/a         ;
; oALUOut[7]    ; 2.5 V        ; 0 in              ; 0 H/in                  ; 0 F/in                  ; short         ; -                   ; open           ; open             ; open   ; 0 in             ; 0 H/in                 ; 0 F/in                 ; short        ; open          ; open            ; open  ; 0 V                 ; -                  ; n/a           ; n/a             ; n/a         ;
; oALUOut[8]    ; 2.5 V        ; 0 in              ; 0 H/in                  ; 0 F/in                  ; short         ; -                   ; open           ; open             ; open   ; 0 in             ; 0 H/in                 ; 0 F/in                 ; short        ; open          ; open            ; open  ; 0 V                 ; -                  ; n/a           ; n/a             ; n/a         ;
; oALUOut[9]    ; 2.5 V        ; 0 in              ; 0 H/in                  ; 0 F/in                  ; short         ; -                   ; open           ; open             ; open   ; 0 in             ; 0 H/in                 ; 0 F/in                 ; short        ; open          ; open            ; open  ; 0 V                 ; -                  ; n/a           ; n/a             ; n/a         ;
; oALUOut[10]   ; 2.5 V        ; 0 in              ; 0 H/in                  ; 0 F/in                  ; short         ; -                   ; open           ; open             ; open   ; 0 in             ; 0 H/in                 ; 0 F/in                 ; short        ; open          ; open            ; open  ; 0 V                 ; -                  ; n/a           ; n/a             ; n/a         ;
; oALUOut[11]   ; 2.5 V        ; 0 in              ; 0 H/in                  ; 0 F/in                  ; short         ; -                   ; open           ; open             ; open   ; 0 in             ; 0 H/in                 ; 0 F/in                 ; short        ; open          ; open            ; open  ; 0 V                 ; -                  ; n/a           ; n/a             ; n/a         ;
; oALUOut[12]   ; 2.5 V        ; 0 in              ; 0 H/in                  ; 0 F/in                  ; short         ; -                   ; open           ; open             ; open   ; 0 in             ; 0 H/in                 ; 0 F/in                 ; short        ; open          ; open            ; open  ; 0 V                 ; -                  ; n/a           ; n/a             ; n/a         ;
; oALUOut[13]   ; 2.5 V        ; 0 in              ; 0 H/in                  ; 0 F/in                  ; short         ; -                   ; open           ; open             ; open   ; 0 in             ; 0 H/in                 ; 0 F/in                 ; short        ; open          ; open            ; open  ; 0 V                 ; -                  ; n/a           ; n/a             ; n/a         ;
; oALUOut[14]   ; 2.5 V        ; 0 in              ; 0 H/in                  ; 0 F/in                  ; short         ; -                   ; open           ; open             ; open   ; 0 in             ; 0 H/in                 ; 0 F/in                 ; short        ; open          ; open            ; open  ; 0 V                 ; -                  ; n/a           ; n/a             ; n/a         ;
; oALUOut[15]   ; 2.5 V        ; 0 in              ; 0 H/in                  ; 0 F/in                  ; short         ; -                   ; open           ; open             ; open   ; 0 in             ; 0 H/in                 ; 0 F/in                 ; short        ; open          ; open            ; open  ; 0 V                 ; -                  ; n/a           ; n/a             ; n/a         ;
; oALUOut[16]   ; 2.5 V        ; 0 in              ; 0 H/in                  ; 0 F/in                  ; short         ; -                   ; open           ; open             ; open   ; 0 in             ; 0 H/in                 ; 0 F/in                 ; short        ; open          ; open            ; open  ; 0 V                 ; -                  ; n/a           ; n/a             ; n/a         ;
; oALUOut[17]   ; 2.5 V        ; 0 in              ; 0 H/in                  ; 0 F/in                  ; short         ; -                   ; open           ; open             ; open   ; 0 in             ; 0 H/in                 ; 0 F/in                 ; short        ; open          ; open            ; open  ; 0 V                 ; -                  ; n/a           ; n/a             ; n/a         ;
; oALUOut[18]   ; 2.5 V        ; 0 in              ; 0 H/in                  ; 0 F/in                  ; short         ; -                   ; open           ; open             ; open   ; 0 in             ; 0 H/in                 ; 0 F/in                 ; short        ; open          ; open            ; open  ; 0 V                 ; -                  ; n/a           ; n/a             ; n/a         ;
; oALUOut[19]   ; 2.5 V        ; 0 in              ; 0 H/in                  ; 0 F/in                  ; short         ; -                   ; open           ; open             ; open   ; 0 in             ; 0 H/in                 ; 0 F/in                 ; short        ; open          ; open            ; open  ; 0 V                 ; -                  ; n/a           ; n/a             ; n/a         ;
; oALUOut[20]   ; 2.5 V        ; 0 in              ; 0 H/in                  ; 0 F/in                  ; short         ; -                   ; open           ; open             ; open   ; 0 in             ; 0 H/in                 ; 0 F/in                 ; short        ; open          ; open            ; open  ; 0 V                 ; -                  ; n/a           ; n/a             ; n/a         ;
; oALUOut[21]   ; 2.5 V        ; 0 in              ; 0 H/in                  ; 0 F/in                  ; short         ; -                   ; open           ; open             ; open   ; 0 in             ; 0 H/in                 ; 0 F/in                 ; short        ; open          ; open            ; open  ; 0 V                 ; -                  ; n/a           ; n/a             ; n/a         ;
; oALUOut[22]   ; 2.5 V        ; 0 in              ; 0 H/in                  ; 0 F/in                  ; short         ; -                   ; open           ; open             ; open   ; 0 in             ; 0 H/in                 ; 0 F/in                 ; short        ; open          ; open            ; open  ; 0 V                 ; -                  ; n/a           ; n/a             ; n/a         ;
; oALUOut[23]   ; 2.5 V        ; 0 in              ; 0 H/in                  ; 0 F/in                  ; short         ; -                   ; open           ; open             ; open   ; 0 in             ; 0 H/in                 ; 0 F/in                 ; short        ; open          ; open            ; open  ; 0 V                 ; -                  ; n/a           ; n/a             ; n/a         ;
; oALUOut[24]   ; 2.5 V        ; 0 in              ; 0 H/in                  ; 0 F/in                  ; short         ; -                   ; open           ; open             ; open   ; 0 in             ; 0 H/in                 ; 0 F/in                 ; short        ; open          ; open            ; open  ; 0 V                 ; -                  ; n/a           ; n/a             ; n/a         ;
; oALUOut[25]   ; 2.5 V        ; 0 in              ; 0 H/in                  ; 0 F/in                  ; short         ; -                   ; open           ; open             ; open   ; 0 in             ; 0 H/in                 ; 0 F/in                 ; short        ; open          ; open            ; open  ; 0 V                 ; -                  ; n/a           ; n/a             ; n/a         ;
; oALUOut[26]   ; 2.5 V        ; 0 in              ; 0 H/in                  ; 0 F/in                  ; short         ; -                   ; open           ; open             ; open   ; 0 in             ; 0 H/in                 ; 0 F/in                 ; short        ; open          ; open            ; open  ; 0 V                 ; -                  ; n/a           ; n/a             ; n/a         ;
; oALUOut[27]   ; 2.5 V        ; 0 in              ; 0 H/in                  ; 0 F/in                  ; short         ; -                   ; open           ; open             ; open   ; 0 in             ; 0 H/in                 ; 0 F/in                 ; short        ; open          ; open            ; open  ; 0 V                 ; -                  ; n/a           ; n/a             ; n/a         ;
; oALUOut[28]   ; 2.5 V        ; 0 in              ; 0 H/in                  ; 0 F/in                  ; short         ; -                   ; open           ; open             ; open   ; 0 in             ; 0 H/in                 ; 0 F/in                 ; short        ; open          ; open            ; open  ; 0 V                 ; -                  ; n/a           ; n/a             ; n/a         ;
; oALUOut[29]   ; 2.5 V        ; 0 in              ; 0 H/in                  ; 0 F/in                  ; short         ; -                   ; open           ; open             ; open   ; 0 in             ; 0 H/in                 ; 0 F/in                 ; short        ; open          ; open            ; open  ; 0 V                 ; -                  ; n/a           ; n/a             ; n/a         ;
; oALUOut[30]   ; 2.5 V        ; 0 in              ; 0 H/in                  ; 0 F/in                  ; short         ; -                   ; open           ; open             ; open   ; 0 in             ; 0 H/in                 ; 0 F/in                 ; short        ; open          ; open            ; open  ; 0 V                 ; -                  ; n/a           ; n/a             ; n/a         ;
; oALUOut[31]   ; 2.5 V        ; 0 in              ; 0 H/in                  ; 0 F/in                  ; short         ; -                   ; open           ; open             ; open   ; 0 in             ; 0 H/in                 ; 0 F/in                 ; short        ; open          ; open            ; open  ; 0 V                 ; -                  ; n/a           ; n/a             ; n/a         ;
; ~ALTERA_DCLK~ ; 2.5 V        ; 0 in              ; 0 H/in                  ; 0 F/in                  ; short         ; -                   ; open           ; open             ; open   ; 0 in             ; 0 H/in                 ; 0 F/in                 ; short        ; open          ; open            ; open  ; 0 V                 ; -                  ; n/a           ; n/a             ; n/a         ;
; ~ALTERA_nCEO~ ; 2.5 V        ; 0 in              ; 0 H/in                  ; 0 F/in                  ; short         ; -                   ; open           ; open             ; open   ; 0 in             ; 0 H/in                 ; 0 F/in                 ; short        ; open          ; open            ; open  ; 0 V                 ; -                  ; n/a           ; n/a             ; n/a         ;
+---------------+--------------+-------------------+-------------------------+-------------------------+---------------+---------------------+----------------+------------------+--------+------------------+------------------------+------------------------+--------------+---------------+-----------------+-------+---------------------+--------------------+---------------+-----------------+-------------+


+----------------------------------------------------------------------------+
; Input Transition Times                                                     ;
+-------------------------+--------------+-----------------+-----------------+
; Pin                     ; I/O Standard ; 10-90 Rise Time ; 90-10 Fall Time ;
+-------------------------+--------------+-----------------+-----------------+
; iInstAddr[0]            ; 2.5 V        ; 2000 ps         ; 2000 ps         ;
; iInstAddr[1]            ; 2.5 V        ; 2000 ps         ; 2000 ps         ;
; iInstAddr[12]           ; 2.5 V        ; 2000 ps         ; 2000 ps         ;
; iInstAddr[13]           ; 2.5 V        ; 2000 ps         ; 2000 ps         ;
; iInstAddr[14]           ; 2.5 V        ; 2000 ps         ; 2000 ps         ;
; iInstAddr[15]           ; 2.5 V        ; 2000 ps         ; 2000 ps         ;
; iInstAddr[16]           ; 2.5 V        ; 2000 ps         ; 2000 ps         ;
; iInstAddr[17]           ; 2.5 V        ; 2000 ps         ; 2000 ps         ;
; iInstAddr[18]           ; 2.5 V        ; 2000 ps         ; 2000 ps         ;
; iInstAddr[19]           ; 2.5 V        ; 2000 ps         ; 2000 ps         ;
; iInstAddr[20]           ; 2.5 V        ; 2000 ps         ; 2000 ps         ;
; iInstAddr[21]           ; 2.5 V        ; 2000 ps         ; 2000 ps         ;
; iInstAddr[22]           ; 2.5 V        ; 2000 ps         ; 2000 ps         ;
; iInstAddr[23]           ; 2.5 V        ; 2000 ps         ; 2000 ps         ;
; iInstAddr[24]           ; 2.5 V        ; 2000 ps         ; 2000 ps         ;
; iInstAddr[25]           ; 2.5 V        ; 2000 ps         ; 2000 ps         ;
; iInstAddr[26]           ; 2.5 V        ; 2000 ps         ; 2000 ps         ;
; iInstAddr[27]           ; 2.5 V        ; 2000 ps         ; 2000 ps         ;
; iInstAddr[28]           ; 2.5 V        ; 2000 ps         ; 2000 ps         ;
; iInstAddr[29]           ; 2.5 V        ; 2000 ps         ; 2000 ps         ;
; iInstAddr[30]           ; 2.5 V        ; 2000 ps         ; 2000 ps         ;
; iInstAddr[31]           ; 2.5 V        ; 2000 ps         ; 2000 ps         ;
; iCLK                    ; 2.5 V        ; 2000 ps         ; 2000 ps         ;
; iRST                    ; 2.5 V        ; 2000 ps         ; 2000 ps         ;
; iInstAddr[8]            ; 2.5 V        ; 2000 ps         ; 2000 ps         ;
; iInstLd                 ; 2.5 V        ; 2000 ps         ; 2000 ps         ;
; iInstAddr[9]            ; 2.5 V        ; 2000 ps         ; 2000 ps         ;
; iInstAddr[5]            ; 2.5 V        ; 2000 ps         ; 2000 ps         ;
; iInstAddr[4]            ; 2.5 V        ; 2000 ps         ; 2000 ps         ;
; iInstAddr[7]            ; 2.5 V        ; 2000 ps         ; 2000 ps         ;
; iInstAddr[6]            ; 2.5 V        ; 2000 ps         ; 2000 ps         ;
; iInstAddr[2]            ; 2.5 V        ; 2000 ps         ; 2000 ps         ;
; iInstAddr[3]            ; 2.5 V        ; 2000 ps         ; 2000 ps         ;
; iInstAddr[10]           ; 2.5 V        ; 2000 ps         ; 2000 ps         ;
; iInstAddr[11]           ; 2.5 V        ; 2000 ps         ; 2000 ps         ;
; iInstExt[5]             ; 2.5 V        ; 2000 ps         ; 2000 ps         ;
; iInstExt[0]             ; 2.5 V        ; 2000 ps         ; 2000 ps         ;
; iInstExt[1]             ; 2.5 V        ; 2000 ps         ; 2000 ps         ;
; iInstExt[3]             ; 2.5 V        ; 2000 ps         ; 2000 ps         ;
; iInstExt[6]             ; 2.5 V        ; 2000 ps         ; 2000 ps         ;
; iInstExt[2]             ; 2.5 V        ; 2000 ps         ; 2000 ps         ;
; iInstExt[4]             ; 2.5 V        ; 2000 ps         ; 2000 ps         ;
; iInstExt[16]            ; 2.5 V        ; 2000 ps         ; 2000 ps         ;
; iInstExt[15]            ; 2.5 V        ; 2000 ps         ; 2000 ps         ;
; iInstExt[18]            ; 2.5 V        ; 2000 ps         ; 2000 ps         ;
; iInstExt[17]            ; 2.5 V        ; 2000 ps         ; 2000 ps         ;
; iInstExt[19]            ; 2.5 V        ; 2000 ps         ; 2000 ps         ;
; iInstExt[21]            ; 2.5 V        ; 2000 ps         ; 2000 ps         ;
; iInstExt[20]            ; 2.5 V        ; 2000 ps         ; 2000 ps         ;
; iInstExt[23]            ; 2.5 V        ; 2000 ps         ; 2000 ps         ;
; iInstExt[22]            ; 2.5 V        ; 2000 ps         ; 2000 ps         ;
; iInstExt[24]            ; 2.5 V        ; 2000 ps         ; 2000 ps         ;
; iInstExt[14]            ; 2.5 V        ; 2000 ps         ; 2000 ps         ;
; iInstExt[12]            ; 2.5 V        ; 2000 ps         ; 2000 ps         ;
; iInstExt[13]            ; 2.5 V        ; 2000 ps         ; 2000 ps         ;
; iInstExt[25]            ; 2.5 V        ; 2000 ps         ; 2000 ps         ;
; iInstExt[26]            ; 2.5 V        ; 2000 ps         ; 2000 ps         ;
; iInstExt[27]            ; 2.5 V        ; 2000 ps         ; 2000 ps         ;
; iInstExt[28]            ; 2.5 V        ; 2000 ps         ; 2000 ps         ;
; iInstExt[30]            ; 2.5 V        ; 2000 ps         ; 2000 ps         ;
; iInstExt[29]            ; 2.5 V        ; 2000 ps         ; 2000 ps         ;
; iInstExt[31]            ; 2.5 V        ; 2000 ps         ; 2000 ps         ;
; iInstExt[10]            ; 2.5 V        ; 2000 ps         ; 2000 ps         ;
; iInstExt[7]             ; 2.5 V        ; 2000 ps         ; 2000 ps         ;
; iInstExt[8]             ; 2.5 V        ; 2000 ps         ; 2000 ps         ;
; iInstExt[9]             ; 2.5 V        ; 2000 ps         ; 2000 ps         ;
; iInstExt[11]            ; 2.5 V        ; 2000 ps         ; 2000 ps         ;
; ~ALTERA_ASDO_DATA1~     ; 2.5 V        ; 2000 ps         ; 2000 ps         ;
; ~ALTERA_FLASH_nCE_nCSO~ ; 2.5 V        ; 2000 ps         ; 2000 ps         ;
; ~ALTERA_DATA0~          ; 2.5 V        ; 2000 ps         ; 2000 ps         ;
+-------------------------+--------------+-----------------+-----------------+


+--------------------------------------------------------------------------------------------------------------------------------------------------------------------------------------------------------------------------------------------------------------------------------------------------------------------------------------------------------------------------------------------------------------------------------------------------------------------------------------------------------------------------------------------------------------------------------------------------------------------------------------------------------------------------------------------+
; Signal Integrity Metrics (Slow 1200mv 0c Model)                                                                                                                                                                                                                                                                                                                                                                                                                                                                                                                                                                                                                                            ;
+---------------+--------------+---------------------+---------------------+------------------------------+------------------------------+---------------------+---------------------+--------------------------------------+--------------------------------------+-----------------------------+-----------------------------+----------------------------+----------------------------+-----------------------------+-----------------------------+--------------------+--------------------+-------------------------------------+-------------------------------------+----------------------------+----------------------------+---------------------------+---------------------------+
; Pin           ; I/O Standard ; Board Delay on Rise ; Board Delay on Fall ; Steady State Voh at FPGA Pin ; Steady State Vol at FPGA Pin ; Voh Max at FPGA Pin ; Vol Min at FPGA Pin ; Ringback Voltage on Rise at FPGA Pin ; Ringback Voltage on Fall at FPGA Pin ; 10-90 Rise Time at FPGA Pin ; 90-10 Fall Time at FPGA Pin ; Monotonic Rise at FPGA Pin ; Monotonic Fall at FPGA Pin ; Steady State Voh at Far-end ; Steady State Vol at Far-end ; Voh Max at Far-end ; Vol Min at Far-end ; Ringback Voltage on Rise at Far-end ; Ringback Voltage on Fall at Far-end ; 10-90 Rise Time at Far-end ; 90-10 Fall Time at Far-end ; Monotonic Rise at Far-end ; Monotonic Fall at Far-end ;
+---------------+--------------+---------------------+---------------------+------------------------------+------------------------------+---------------------+---------------------+--------------------------------------+--------------------------------------+-----------------------------+-----------------------------+----------------------------+----------------------------+-----------------------------+-----------------------------+--------------------+--------------------+-------------------------------------+-------------------------------------+----------------------------+----------------------------+---------------------------+---------------------------+
; oALUOut[0]    ; 2.5 V        ; 0 s                 ; 0 s                 ; 2.32 V                       ; 3.07e-09 V                   ; 2.37 V              ; -0.00994 V          ; 0.186 V                              ; 0.028 V                              ; 4.98e-10 s                  ; 4.96e-10 s                  ; Yes                        ; Yes                        ; 2.32 V                      ; 3.07e-09 V                  ; 2.37 V             ; -0.00994 V         ; 0.186 V                             ; 0.028 V                             ; 4.98e-10 s                 ; 4.96e-10 s                 ; Yes                       ; Yes                       ;
; oALUOut[1]    ; 2.5 V        ; 0 s                 ; 0 s                 ; 2.32 V                       ; 3.07e-09 V                   ; 2.37 V              ; -0.00994 V          ; 0.186 V                              ; 0.028 V                              ; 4.98e-10 s                  ; 4.96e-10 s                  ; Yes                        ; Yes                        ; 2.32 V                      ; 3.07e-09 V                  ; 2.37 V             ; -0.00994 V         ; 0.186 V                             ; 0.028 V                             ; 4.98e-10 s                 ; 4.96e-10 s                 ; Yes                       ; Yes                       ;
; oALUOut[2]    ; 2.5 V        ; 0 s                 ; 0 s                 ; 2.32 V                       ; 3.07e-09 V                   ; 2.33 V              ; -0.00496 V          ; 0.223 V                              ; 0.086 V                              ; 2.9e-09 s                   ; 2.73e-09 s                  ; Yes                        ; Yes                        ; 2.32 V                      ; 3.07e-09 V                  ; 2.33 V             ; -0.00496 V         ; 0.223 V                             ; 0.086 V                             ; 2.9e-09 s                  ; 2.73e-09 s                 ; Yes                       ; Yes                       ;
; oALUOut[3]    ; 2.5 V        ; 0 s                 ; 0 s                 ; 2.32 V                       ; 3.07e-09 V                   ; 2.37 V              ; -0.00994 V          ; 0.186 V                              ; 0.028 V                              ; 4.98e-10 s                  ; 4.96e-10 s                  ; Yes                        ; Yes                        ; 2.32 V                      ; 3.07e-09 V                  ; 2.37 V             ; -0.00994 V         ; 0.186 V                             ; 0.028 V                             ; 4.98e-10 s                 ; 4.96e-10 s                 ; Yes                       ; Yes                       ;
; oALUOut[4]    ; 2.5 V        ; 0 s                 ; 0 s                 ; 2.32 V                       ; 3.07e-09 V                   ; 2.37 V              ; -0.00994 V          ; 0.186 V                              ; 0.028 V                              ; 4.98e-10 s                  ; 4.96e-10 s                  ; Yes                        ; Yes                        ; 2.32 V                      ; 3.07e-09 V                  ; 2.37 V             ; -0.00994 V         ; 0.186 V                             ; 0.028 V                             ; 4.98e-10 s                 ; 4.96e-10 s                 ; Yes                       ; Yes                       ;
; oALUOut[5]    ; 2.5 V        ; 0 s                 ; 0 s                 ; 2.32 V                       ; 3.07e-09 V                   ; 2.38 V              ; -0.0144 V           ; 0.227 V                              ; 0.024 V                              ; 3.14e-10 s                  ; 3.39e-10 s                  ; Yes                        ; Yes                        ; 2.32 V                      ; 3.07e-09 V                  ; 2.38 V             ; -0.0144 V          ; 0.227 V                             ; 0.024 V                             ; 3.14e-10 s                 ; 3.39e-10 s                 ; Yes                       ; Yes                       ;
; oALUOut[6]    ; 2.5 V        ; 0 s                 ; 0 s                 ; 2.32 V                       ; 3.07e-09 V                   ; 2.37 V              ; -0.00994 V          ; 0.186 V                              ; 0.028 V                              ; 4.98e-10 s                  ; 4.96e-10 s                  ; Yes                        ; Yes                        ; 2.32 V                      ; 3.07e-09 V                  ; 2.37 V             ; -0.00994 V         ; 0.186 V                             ; 0.028 V                             ; 4.98e-10 s                 ; 4.96e-10 s                 ; Yes                       ; Yes                       ;
; oALUOut[7]    ; 2.5 V        ; 0 s                 ; 0 s                 ; 2.32 V                       ; 3.07e-09 V                   ; 2.37 V              ; -0.00994 V          ; 0.186 V                              ; 0.028 V                              ; 4.98e-10 s                  ; 4.96e-10 s                  ; Yes                        ; Yes                        ; 2.32 V                      ; 3.07e-09 V                  ; 2.37 V             ; -0.00994 V         ; 0.186 V                             ; 0.028 V                             ; 4.98e-10 s                 ; 4.96e-10 s                 ; Yes                       ; Yes                       ;
; oALUOut[8]    ; 2.5 V        ; 0 s                 ; 0 s                 ; 2.32 V                       ; 3.07e-09 V                   ; 2.37 V              ; -0.00994 V          ; 0.186 V                              ; 0.028 V                              ; 4.98e-10 s                  ; 4.96e-10 s                  ; Yes                        ; Yes                        ; 2.32 V                      ; 3.07e-09 V                  ; 2.37 V             ; -0.00994 V         ; 0.186 V                             ; 0.028 V                             ; 4.98e-10 s                 ; 4.96e-10 s                 ; Yes                       ; Yes                       ;
; oALUOut[9]    ; 2.5 V        ; 0 s                 ; 0 s                 ; 2.32 V                       ; 3.07e-09 V                   ; 2.37 V              ; -0.00994 V          ; 0.186 V                              ; 0.028 V                              ; 4.98e-10 s                  ; 4.96e-10 s                  ; Yes                        ; Yes                        ; 2.32 V                      ; 3.07e-09 V                  ; 2.37 V             ; -0.00994 V         ; 0.186 V                             ; 0.028 V                             ; 4.98e-10 s                 ; 4.96e-10 s                 ; Yes                       ; Yes                       ;
; oALUOut[10]   ; 2.5 V        ; 0 s                 ; 0 s                 ; 2.32 V                       ; 3.07e-09 V                   ; 2.37 V              ; -0.00994 V          ; 0.186 V                              ; 0.028 V                              ; 4.98e-10 s                  ; 4.96e-10 s                  ; Yes                        ; Yes                        ; 2.32 V                      ; 3.07e-09 V                  ; 2.37 V             ; -0.00994 V         ; 0.186 V                             ; 0.028 V                             ; 4.98e-10 s                 ; 4.96e-10 s                 ; Yes                       ; Yes                       ;
; oALUOut[11]   ; 2.5 V        ; 0 s                 ; 0 s                 ; 2.32 V                       ; 3.07e-09 V                   ; 2.37 V              ; -0.00994 V          ; 0.186 V                              ; 0.028 V                              ; 4.98e-10 s                  ; 4.96e-10 s                  ; Yes                        ; Yes                        ; 2.32 V                      ; 3.07e-09 V                  ; 2.37 V             ; -0.00994 V         ; 0.186 V                             ; 0.028 V                             ; 4.98e-10 s                 ; 4.96e-10 s                 ; Yes                       ; Yes                       ;
; oALUOut[12]   ; 2.5 V        ; 0 s                 ; 0 s                 ; 2.32 V                       ; 3.07e-09 V                   ; 2.33 V              ; -0.00496 V          ; 0.223 V                              ; 0.086 V                              ; 2.9e-09 s                   ; 2.73e-09 s                  ; Yes                        ; Yes                        ; 2.32 V                      ; 3.07e-09 V                  ; 2.33 V             ; -0.00496 V         ; 0.223 V                             ; 0.086 V                             ; 2.9e-09 s                  ; 2.73e-09 s                 ; Yes                       ; Yes                       ;
; oALUOut[13]   ; 2.5 V        ; 0 s                 ; 0 s                 ; 2.32 V                       ; 3.07e-09 V                   ; 2.37 V              ; -0.00994 V          ; 0.186 V                              ; 0.028 V                              ; 4.98e-10 s                  ; 4.96e-10 s                  ; Yes                        ; Yes                        ; 2.32 V                      ; 3.07e-09 V                  ; 2.37 V             ; -0.00994 V         ; 0.186 V                             ; 0.028 V                             ; 4.98e-10 s                 ; 4.96e-10 s                 ; Yes                       ; Yes                       ;
; oALUOut[14]   ; 2.5 V        ; 0 s                 ; 0 s                 ; 2.32 V                       ; 3.07e-09 V                   ; 2.37 V              ; -0.00994 V          ; 0.186 V                              ; 0.028 V                              ; 4.98e-10 s                  ; 4.96e-10 s                  ; Yes                        ; Yes                        ; 2.32 V                      ; 3.07e-09 V                  ; 2.37 V             ; -0.00994 V         ; 0.186 V                             ; 0.028 V                             ; 4.98e-10 s                 ; 4.96e-10 s                 ; Yes                       ; Yes                       ;
; oALUOut[15]   ; 2.5 V        ; 0 s                 ; 0 s                 ; 2.32 V                       ; 3.07e-09 V                   ; 2.37 V              ; -0.00994 V          ; 0.186 V                              ; 0.028 V                              ; 4.98e-10 s                  ; 4.96e-10 s                  ; Yes                        ; Yes                        ; 2.32 V                      ; 3.07e-09 V                  ; 2.37 V             ; -0.00994 V         ; 0.186 V                             ; 0.028 V                             ; 4.98e-10 s                 ; 4.96e-10 s                 ; Yes                       ; Yes                       ;
; oALUOut[16]   ; 2.5 V        ; 0 s                 ; 0 s                 ; 2.32 V                       ; 3.07e-09 V                   ; 2.37 V              ; -0.00994 V          ; 0.186 V                              ; 0.028 V                              ; 4.98e-10 s                  ; 4.96e-10 s                  ; Yes                        ; Yes                        ; 2.32 V                      ; 3.07e-09 V                  ; 2.37 V             ; -0.00994 V         ; 0.186 V                             ; 0.028 V                             ; 4.98e-10 s                 ; 4.96e-10 s                 ; Yes                       ; Yes                       ;
; oALUOut[17]   ; 2.5 V        ; 0 s                 ; 0 s                 ; 2.32 V                       ; 3.07e-09 V                   ; 2.37 V              ; -0.00994 V          ; 0.186 V                              ; 0.028 V                              ; 4.98e-10 s                  ; 4.96e-10 s                  ; Yes                        ; Yes                        ; 2.32 V                      ; 3.07e-09 V                  ; 2.37 V             ; -0.00994 V         ; 0.186 V                             ; 0.028 V                             ; 4.98e-10 s                 ; 4.96e-10 s                 ; Yes                       ; Yes                       ;
; oALUOut[18]   ; 2.5 V        ; 0 s                 ; 0 s                 ; 2.32 V                       ; 3.07e-09 V                   ; 2.37 V              ; -0.00994 V          ; 0.186 V                              ; 0.028 V                              ; 4.98e-10 s                  ; 4.96e-10 s                  ; Yes                        ; Yes                        ; 2.32 V                      ; 3.07e-09 V                  ; 2.37 V             ; -0.00994 V         ; 0.186 V                             ; 0.028 V                             ; 4.98e-10 s                 ; 4.96e-10 s                 ; Yes                       ; Yes                       ;
; oALUOut[19]   ; 2.5 V        ; 0 s                 ; 0 s                 ; 2.32 V                       ; 3.07e-09 V                   ; 2.37 V              ; -0.00994 V          ; 0.186 V                              ; 0.028 V                              ; 4.98e-10 s                  ; 4.96e-10 s                  ; Yes                        ; Yes                        ; 2.32 V                      ; 3.07e-09 V                  ; 2.37 V             ; -0.00994 V         ; 0.186 V                             ; 0.028 V                             ; 4.98e-10 s                 ; 4.96e-10 s                 ; Yes                       ; Yes                       ;
; oALUOut[20]   ; 2.5 V        ; 0 s                 ; 0 s                 ; 2.32 V                       ; 3.07e-09 V                   ; 2.37 V              ; -0.00994 V          ; 0.186 V                              ; 0.028 V                              ; 4.98e-10 s                  ; 4.96e-10 s                  ; Yes                        ; Yes                        ; 2.32 V                      ; 3.07e-09 V                  ; 2.37 V             ; -0.00994 V         ; 0.186 V                             ; 0.028 V                             ; 4.98e-10 s                 ; 4.96e-10 s                 ; Yes                       ; Yes                       ;
; oALUOut[21]   ; 2.5 V        ; 0 s                 ; 0 s                 ; 2.32 V                       ; 3.07e-09 V                   ; 2.37 V              ; -0.00994 V          ; 0.186 V                              ; 0.028 V                              ; 4.98e-10 s                  ; 4.96e-10 s                  ; Yes                        ; Yes                        ; 2.32 V                      ; 3.07e-09 V                  ; 2.37 V             ; -0.00994 V         ; 0.186 V                             ; 0.028 V                             ; 4.98e-10 s                 ; 4.96e-10 s                 ; Yes                       ; Yes                       ;
; oALUOut[22]   ; 2.5 V        ; 0 s                 ; 0 s                 ; 2.32 V                       ; 3.07e-09 V                   ; 2.37 V              ; -0.00994 V          ; 0.186 V                              ; 0.028 V                              ; 4.98e-10 s                  ; 4.96e-10 s                  ; Yes                        ; Yes                        ; 2.32 V                      ; 3.07e-09 V                  ; 2.37 V             ; -0.00994 V         ; 0.186 V                             ; 0.028 V                             ; 4.98e-10 s                 ; 4.96e-10 s                 ; Yes                       ; Yes                       ;
; oALUOut[23]   ; 2.5 V        ; 0 s                 ; 0 s                 ; 2.32 V                       ; 3.07e-09 V                   ; 2.38 V              ; -0.0144 V           ; 0.227 V                              ; 0.024 V                              ; 3.14e-10 s                  ; 3.39e-10 s                  ; Yes                        ; Yes                        ; 2.32 V                      ; 3.07e-09 V                  ; 2.38 V             ; -0.0144 V          ; 0.227 V                             ; 0.024 V                             ; 3.14e-10 s                 ; 3.39e-10 s                 ; Yes                       ; Yes                       ;
; oALUOut[24]   ; 2.5 V        ; 0 s                 ; 0 s                 ; 2.32 V                       ; 3.07e-09 V                   ; 2.37 V              ; -0.00994 V          ; 0.186 V                              ; 0.028 V                              ; 4.98e-10 s                  ; 4.96e-10 s                  ; Yes                        ; Yes                        ; 2.32 V                      ; 3.07e-09 V                  ; 2.37 V             ; -0.00994 V         ; 0.186 V                             ; 0.028 V                             ; 4.98e-10 s                 ; 4.96e-10 s                 ; Yes                       ; Yes                       ;
; oALUOut[25]   ; 2.5 V        ; 0 s                 ; 0 s                 ; 2.32 V                       ; 3.07e-09 V                   ; 2.37 V              ; -0.00994 V          ; 0.186 V                              ; 0.028 V                              ; 4.98e-10 s                  ; 4.96e-10 s                  ; Yes                        ; Yes                        ; 2.32 V                      ; 3.07e-09 V                  ; 2.37 V             ; -0.00994 V         ; 0.186 V                             ; 0.028 V                             ; 4.98e-10 s                 ; 4.96e-10 s                 ; Yes                       ; Yes                       ;
; oALUOut[26]   ; 2.5 V        ; 0 s                 ; 0 s                 ; 2.32 V                       ; 3.07e-09 V                   ; 2.37 V              ; -0.00994 V          ; 0.186 V                              ; 0.028 V                              ; 4.98e-10 s                  ; 4.96e-10 s                  ; Yes                        ; Yes                        ; 2.32 V                      ; 3.07e-09 V                  ; 2.37 V             ; -0.00994 V         ; 0.186 V                             ; 0.028 V                             ; 4.98e-10 s                 ; 4.96e-10 s                 ; Yes                       ; Yes                       ;
; oALUOut[27]   ; 2.5 V        ; 0 s                 ; 0 s                 ; 2.32 V                       ; 3.07e-09 V                   ; 2.37 V              ; -0.00994 V          ; 0.186 V                              ; 0.028 V                              ; 4.98e-10 s                  ; 4.96e-10 s                  ; Yes                        ; Yes                        ; 2.32 V                      ; 3.07e-09 V                  ; 2.37 V             ; -0.00994 V         ; 0.186 V                             ; 0.028 V                             ; 4.98e-10 s                 ; 4.96e-10 s                 ; Yes                       ; Yes                       ;
; oALUOut[28]   ; 2.5 V        ; 0 s                 ; 0 s                 ; 2.32 V                       ; 3.07e-09 V                   ; 2.38 V              ; -0.0144 V           ; 0.227 V                              ; 0.024 V                              ; 3.14e-10 s                  ; 3.39e-10 s                  ; Yes                        ; Yes                        ; 2.32 V                      ; 3.07e-09 V                  ; 2.38 V             ; -0.0144 V          ; 0.227 V                             ; 0.024 V                             ; 3.14e-10 s                 ; 3.39e-10 s                 ; Yes                       ; Yes                       ;
; oALUOut[29]   ; 2.5 V        ; 0 s                 ; 0 s                 ; 2.32 V                       ; 3.07e-09 V                   ; 2.37 V              ; -0.00994 V          ; 0.186 V                              ; 0.028 V                              ; 4.98e-10 s                  ; 4.96e-10 s                  ; Yes                        ; Yes                        ; 2.32 V                      ; 3.07e-09 V                  ; 2.37 V             ; -0.00994 V         ; 0.186 V                             ; 0.028 V                             ; 4.98e-10 s                 ; 4.96e-10 s                 ; Yes                       ; Yes                       ;
; oALUOut[30]   ; 2.5 V        ; 0 s                 ; 0 s                 ; 2.32 V                       ; 3.07e-09 V                   ; 2.38 V              ; -0.0144 V           ; 0.227 V                              ; 0.024 V                              ; 3.14e-10 s                  ; 3.39e-10 s                  ; Yes                        ; Yes                        ; 2.32 V                      ; 3.07e-09 V                  ; 2.38 V             ; -0.0144 V          ; 0.227 V                             ; 0.024 V                             ; 3.14e-10 s                 ; 3.39e-10 s                 ; Yes                       ; Yes                       ;
; oALUOut[31]   ; 2.5 V        ; 0 s                 ; 0 s                 ; 2.32 V                       ; 3.07e-09 V                   ; 2.37 V              ; -0.00994 V          ; 0.186 V                              ; 0.028 V                              ; 4.98e-10 s                  ; 4.96e-10 s                  ; Yes                        ; Yes                        ; 2.32 V                      ; 3.07e-09 V                  ; 2.37 V             ; -0.00994 V         ; 0.186 V                             ; 0.028 V                             ; 4.98e-10 s                 ; 4.96e-10 s                 ; Yes                       ; Yes                       ;
; ~ALTERA_DCLK~ ; 2.5 V        ; 0 s                 ; 0 s                 ; 2.32 V                       ; 2.67e-09 V                   ; 2.38 V              ; -0.0485 V           ; 0.167 V                              ; 0.096 V                              ; 2.95e-10 s                  ; 2.73e-10 s                  ; Yes                        ; Yes                        ; 2.32 V                      ; 2.67e-09 V                  ; 2.38 V             ; -0.0485 V          ; 0.167 V                             ; 0.096 V                             ; 2.95e-10 s                 ; 2.73e-10 s                 ; Yes                       ; Yes                       ;
; ~ALTERA_nCEO~ ; 2.5 V        ; 0 s                 ; 0 s                 ; 2.32 V                       ; 4.18e-09 V                   ; 2.38 V              ; -0.00483 V          ; 0.152 V                              ; 0.012 V                              ; 4.81e-10 s                  ; 6.29e-10 s                  ; Yes                        ; Yes                        ; 2.32 V                      ; 4.18e-09 V                  ; 2.38 V             ; -0.00483 V         ; 0.152 V                             ; 0.012 V                             ; 4.81e-10 s                 ; 6.29e-10 s                 ; Yes                       ; Yes                       ;
+---------------+--------------+---------------------+---------------------+------------------------------+------------------------------+---------------------+---------------------+--------------------------------------+--------------------------------------+-----------------------------+-----------------------------+----------------------------+----------------------------+-----------------------------+-----------------------------+--------------------+--------------------+-------------------------------------+-------------------------------------+----------------------------+----------------------------+---------------------------+---------------------------+


+--------------------------------------------------------------------------------------------------------------------------------------------------------------------------------------------------------------------------------------------------------------------------------------------------------------------------------------------------------------------------------------------------------------------------------------------------------------------------------------------------------------------------------------------------------------------------------------------------------------------------------------------------------------------------------------------+
; Signal Integrity Metrics (Slow 1200mv 85c Model)                                                                                                                                                                                                                                                                                                                                                                                                                                                                                                                                                                                                                                           ;
+---------------+--------------+---------------------+---------------------+------------------------------+------------------------------+---------------------+---------------------+--------------------------------------+--------------------------------------+-----------------------------+-----------------------------+----------------------------+----------------------------+-----------------------------+-----------------------------+--------------------+--------------------+-------------------------------------+-------------------------------------+----------------------------+----------------------------+---------------------------+---------------------------+
; Pin           ; I/O Standard ; Board Delay on Rise ; Board Delay on Fall ; Steady State Voh at FPGA Pin ; Steady State Vol at FPGA Pin ; Voh Max at FPGA Pin ; Vol Min at FPGA Pin ; Ringback Voltage on Rise at FPGA Pin ; Ringback Voltage on Fall at FPGA Pin ; 10-90 Rise Time at FPGA Pin ; 90-10 Fall Time at FPGA Pin ; Monotonic Rise at FPGA Pin ; Monotonic Fall at FPGA Pin ; Steady State Voh at Far-end ; Steady State Vol at Far-end ; Voh Max at Far-end ; Vol Min at Far-end ; Ringback Voltage on Rise at Far-end ; Ringback Voltage on Fall at Far-end ; 10-90 Rise Time at Far-end ; 90-10 Fall Time at Far-end ; Monotonic Rise at Far-end ; Monotonic Fall at Far-end ;
+---------------+--------------+---------------------+---------------------+------------------------------+------------------------------+---------------------+---------------------+--------------------------------------+--------------------------------------+-----------------------------+-----------------------------+----------------------------+----------------------------+-----------------------------+-----------------------------+--------------------+--------------------+-------------------------------------+-------------------------------------+----------------------------+----------------------------+---------------------------+---------------------------+
; oALUOut[0]    ; 2.5 V        ; 0 s                 ; 0 s                 ; 2.32 V                       ; 4.67e-07 V                   ; 2.35 V              ; -0.00942 V          ; 0.116 V                              ; 0.033 V                              ; 6.66e-10 s                  ; 6.27e-10 s                  ; Yes                        ; Yes                        ; 2.32 V                      ; 4.67e-07 V                  ; 2.35 V             ; -0.00942 V         ; 0.116 V                             ; 0.033 V                             ; 6.66e-10 s                 ; 6.27e-10 s                 ; Yes                       ; Yes                       ;
; oALUOut[1]    ; 2.5 V        ; 0 s                 ; 0 s                 ; 2.32 V                       ; 4.67e-07 V                   ; 2.35 V              ; -0.00942 V          ; 0.116 V                              ; 0.033 V                              ; 6.66e-10 s                  ; 6.27e-10 s                  ; Yes                        ; Yes                        ; 2.32 V                      ; 4.67e-07 V                  ; 2.35 V             ; -0.00942 V         ; 0.116 V                             ; 0.033 V                             ; 6.66e-10 s                 ; 6.27e-10 s                 ; Yes                       ; Yes                       ;
; oALUOut[2]    ; 2.5 V        ; 0 s                 ; 0 s                 ; 2.32 V                       ; 4.67e-07 V                   ; 2.33 V              ; -0.00269 V          ; 0.13 V                               ; 0.055 V                              ; 3.54e-09 s                  ; 3.29e-09 s                  ; Yes                        ; Yes                        ; 2.32 V                      ; 4.67e-07 V                  ; 2.33 V             ; -0.00269 V         ; 0.13 V                              ; 0.055 V                             ; 3.54e-09 s                 ; 3.29e-09 s                 ; Yes                       ; Yes                       ;
; oALUOut[3]    ; 2.5 V        ; 0 s                 ; 0 s                 ; 2.32 V                       ; 4.67e-07 V                   ; 2.35 V              ; -0.00942 V          ; 0.116 V                              ; 0.033 V                              ; 6.66e-10 s                  ; 6.27e-10 s                  ; Yes                        ; Yes                        ; 2.32 V                      ; 4.67e-07 V                  ; 2.35 V             ; -0.00942 V         ; 0.116 V                             ; 0.033 V                             ; 6.66e-10 s                 ; 6.27e-10 s                 ; Yes                       ; Yes                       ;
; oALUOut[4]    ; 2.5 V        ; 0 s                 ; 0 s                 ; 2.32 V                       ; 4.67e-07 V                   ; 2.35 V              ; -0.00942 V          ; 0.116 V                              ; 0.033 V                              ; 6.66e-10 s                  ; 6.27e-10 s                  ; Yes                        ; Yes                        ; 2.32 V                      ; 4.67e-07 V                  ; 2.35 V             ; -0.00942 V         ; 0.116 V                             ; 0.033 V                             ; 6.66e-10 s                 ; 6.27e-10 s                 ; Yes                       ; Yes                       ;
; oALUOut[5]    ; 2.5 V        ; 0 s                 ; 0 s                 ; 2.32 V                       ; 4.67e-07 V                   ; 2.36 V              ; -0.00552 V          ; 0.11 V                               ; 0.007 V                              ; 4.54e-10 s                  ; 4.35e-10 s                  ; Yes                        ; Yes                        ; 2.32 V                      ; 4.67e-07 V                  ; 2.36 V             ; -0.00552 V         ; 0.11 V                              ; 0.007 V                             ; 4.54e-10 s                 ; 4.35e-10 s                 ; Yes                       ; Yes                       ;
; oALUOut[6]    ; 2.5 V        ; 0 s                 ; 0 s                 ; 2.32 V                       ; 4.67e-07 V                   ; 2.35 V              ; -0.00942 V          ; 0.116 V                              ; 0.033 V                              ; 6.66e-10 s                  ; 6.27e-10 s                  ; Yes                        ; Yes                        ; 2.32 V                      ; 4.67e-07 V                  ; 2.35 V             ; -0.00942 V         ; 0.116 V                             ; 0.033 V                             ; 6.66e-10 s                 ; 6.27e-10 s                 ; Yes                       ; Yes                       ;
; oALUOut[7]    ; 2.5 V        ; 0 s                 ; 0 s                 ; 2.32 V                       ; 4.67e-07 V                   ; 2.35 V              ; -0.00942 V          ; 0.116 V                              ; 0.033 V                              ; 6.66e-10 s                  ; 6.27e-10 s                  ; Yes                        ; Yes                        ; 2.32 V                      ; 4.67e-07 V                  ; 2.35 V             ; -0.00942 V         ; 0.116 V                             ; 0.033 V                             ; 6.66e-10 s                 ; 6.27e-10 s                 ; Yes                       ; Yes                       ;
; oALUOut[8]    ; 2.5 V        ; 0 s                 ; 0 s                 ; 2.32 V                       ; 4.67e-07 V                   ; 2.35 V              ; -0.00942 V          ; 0.116 V                              ; 0.033 V                              ; 6.66e-10 s                  ; 6.27e-10 s                  ; Yes                        ; Yes                        ; 2.32 V                      ; 4.67e-07 V                  ; 2.35 V             ; -0.00942 V         ; 0.116 V                             ; 0.033 V                             ; 6.66e-10 s                 ; 6.27e-10 s                 ; Yes                       ; Yes                       ;
; oALUOut[9]    ; 2.5 V        ; 0 s                 ; 0 s                 ; 2.32 V                       ; 4.67e-07 V                   ; 2.35 V              ; -0.00942 V          ; 0.116 V                              ; 0.033 V                              ; 6.66e-10 s                  ; 6.27e-10 s                  ; Yes                        ; Yes                        ; 2.32 V                      ; 4.67e-07 V                  ; 2.35 V             ; -0.00942 V         ; 0.116 V                             ; 0.033 V                             ; 6.66e-10 s                 ; 6.27e-10 s                 ; Yes                       ; Yes                       ;
; oALUOut[10]   ; 2.5 V        ; 0 s                 ; 0 s                 ; 2.32 V                       ; 4.67e-07 V                   ; 2.35 V              ; -0.00942 V          ; 0.116 V                              ; 0.033 V                              ; 6.66e-10 s                  ; 6.27e-10 s                  ; Yes                        ; Yes                        ; 2.32 V                      ; 4.67e-07 V                  ; 2.35 V             ; -0.00942 V         ; 0.116 V                             ; 0.033 V                             ; 6.66e-10 s                 ; 6.27e-10 s                 ; Yes                       ; Yes                       ;
; oALUOut[11]   ; 2.5 V        ; 0 s                 ; 0 s                 ; 2.32 V                       ; 4.67e-07 V                   ; 2.35 V              ; -0.00942 V          ; 0.116 V                              ; 0.033 V                              ; 6.66e-10 s                  ; 6.27e-10 s                  ; Yes                        ; Yes                        ; 2.32 V                      ; 4.67e-07 V                  ; 2.35 V             ; -0.00942 V         ; 0.116 V                             ; 0.033 V                             ; 6.66e-10 s                 ; 6.27e-10 s                 ; Yes                       ; Yes                       ;
; oALUOut[12]   ; 2.5 V        ; 0 s                 ; 0 s                 ; 2.32 V                       ; 4.67e-07 V                   ; 2.33 V              ; -0.00269 V          ; 0.13 V                               ; 0.055 V                              ; 3.54e-09 s                  ; 3.29e-09 s                  ; Yes                        ; Yes                        ; 2.32 V                      ; 4.67e-07 V                  ; 2.33 V             ; -0.00269 V         ; 0.13 V                              ; 0.055 V                             ; 3.54e-09 s                 ; 3.29e-09 s                 ; Yes                       ; Yes                       ;
; oALUOut[13]   ; 2.5 V        ; 0 s                 ; 0 s                 ; 2.32 V                       ; 4.67e-07 V                   ; 2.35 V              ; -0.00942 V          ; 0.116 V                              ; 0.033 V                              ; 6.66e-10 s                  ; 6.27e-10 s                  ; Yes                        ; Yes                        ; 2.32 V                      ; 4.67e-07 V                  ; 2.35 V             ; -0.00942 V         ; 0.116 V                             ; 0.033 V                             ; 6.66e-10 s                 ; 6.27e-10 s                 ; Yes                       ; Yes                       ;
; oALUOut[14]   ; 2.5 V        ; 0 s                 ; 0 s                 ; 2.32 V                       ; 4.67e-07 V                   ; 2.35 V              ; -0.00942 V          ; 0.116 V                              ; 0.033 V                              ; 6.66e-10 s                  ; 6.27e-10 s                  ; Yes                        ; Yes                        ; 2.32 V                      ; 4.67e-07 V                  ; 2.35 V             ; -0.00942 V         ; 0.116 V                             ; 0.033 V                             ; 6.66e-10 s                 ; 6.27e-10 s                 ; Yes                       ; Yes                       ;
; oALUOut[15]   ; 2.5 V        ; 0 s                 ; 0 s                 ; 2.32 V                       ; 4.67e-07 V                   ; 2.35 V              ; -0.00942 V          ; 0.116 V                              ; 0.033 V                              ; 6.66e-10 s                  ; 6.27e-10 s                  ; Yes                        ; Yes                        ; 2.32 V                      ; 4.67e-07 V                  ; 2.35 V             ; -0.00942 V         ; 0.116 V                             ; 0.033 V                             ; 6.66e-10 s                 ; 6.27e-10 s                 ; Yes                       ; Yes                       ;
; oALUOut[16]   ; 2.5 V        ; 0 s                 ; 0 s                 ; 2.32 V                       ; 4.67e-07 V                   ; 2.35 V              ; -0.00942 V          ; 0.116 V                              ; 0.033 V                              ; 6.66e-10 s                  ; 6.27e-10 s                  ; Yes                        ; Yes                        ; 2.32 V                      ; 4.67e-07 V                  ; 2.35 V             ; -0.00942 V         ; 0.116 V                             ; 0.033 V                             ; 6.66e-10 s                 ; 6.27e-10 s                 ; Yes                       ; Yes                       ;
; oALUOut[17]   ; 2.5 V        ; 0 s                 ; 0 s                 ; 2.32 V                       ; 4.67e-07 V                   ; 2.35 V              ; -0.00942 V          ; 0.116 V                              ; 0.033 V                              ; 6.66e-10 s                  ; 6.27e-10 s                  ; Yes                        ; Yes                        ; 2.32 V                      ; 4.67e-07 V                  ; 2.35 V             ; -0.00942 V         ; 0.116 V                             ; 0.033 V                             ; 6.66e-10 s                 ; 6.27e-10 s                 ; Yes                       ; Yes                       ;
; oALUOut[18]   ; 2.5 V        ; 0 s                 ; 0 s                 ; 2.32 V                       ; 4.67e-07 V                   ; 2.35 V              ; -0.00942 V          ; 0.116 V                              ; 0.033 V                              ; 6.66e-10 s                  ; 6.27e-10 s                  ; Yes                        ; Yes                        ; 2.32 V                      ; 4.67e-07 V                  ; 2.35 V             ; -0.00942 V         ; 0.116 V                             ; 0.033 V                             ; 6.66e-10 s                 ; 6.27e-10 s                 ; Yes                       ; Yes                       ;
; oALUOut[19]   ; 2.5 V        ; 0 s                 ; 0 s                 ; 2.32 V                       ; 4.67e-07 V                   ; 2.35 V              ; -0.00942 V          ; 0.116 V                              ; 0.033 V                              ; 6.66e-10 s                  ; 6.27e-10 s                  ; Yes                        ; Yes                        ; 2.32 V                      ; 4.67e-07 V                  ; 2.35 V             ; -0.00942 V         ; 0.116 V                             ; 0.033 V                             ; 6.66e-10 s                 ; 6.27e-10 s                 ; Yes                       ; Yes                       ;
; oALUOut[20]   ; 2.5 V        ; 0 s                 ; 0 s                 ; 2.32 V                       ; 4.67e-07 V                   ; 2.35 V              ; -0.00942 V          ; 0.116 V                              ; 0.033 V                              ; 6.66e-10 s                  ; 6.27e-10 s                  ; Yes                        ; Yes                        ; 2.32 V                      ; 4.67e-07 V                  ; 2.35 V             ; -0.00942 V         ; 0.116 V                             ; 0.033 V                             ; 6.66e-10 s                 ; 6.27e-10 s                 ; Yes                       ; Yes                       ;
; oALUOut[21]   ; 2.5 V        ; 0 s                 ; 0 s                 ; 2.32 V                       ; 4.67e-07 V                   ; 2.35 V              ; -0.00942 V          ; 0.116 V                              ; 0.033 V                              ; 6.66e-10 s                  ; 6.27e-10 s                  ; Yes                        ; Yes                        ; 2.32 V                      ; 4.67e-07 V                  ; 2.35 V             ; -0.00942 V         ; 0.116 V                             ; 0.033 V                             ; 6.66e-10 s                 ; 6.27e-10 s                 ; Yes                       ; Yes                       ;
; oALUOut[22]   ; 2.5 V        ; 0 s                 ; 0 s                 ; 2.32 V                       ; 4.67e-07 V                   ; 2.35 V              ; -0.00942 V          ; 0.116 V                              ; 0.033 V                              ; 6.66e-10 s                  ; 6.27e-10 s                  ; Yes                        ; Yes                        ; 2.32 V                      ; 4.67e-07 V                  ; 2.35 V             ; -0.00942 V         ; 0.116 V                             ; 0.033 V                             ; 6.66e-10 s                 ; 6.27e-10 s                 ; Yes                       ; Yes                       ;
; oALUOut[23]   ; 2.5 V        ; 0 s                 ; 0 s                 ; 2.32 V                       ; 4.67e-07 V                   ; 2.36 V              ; -0.00552 V          ; 0.11 V                               ; 0.007 V                              ; 4.54e-10 s                  ; 4.35e-10 s                  ; Yes                        ; Yes                        ; 2.32 V                      ; 4.67e-07 V                  ; 2.36 V             ; -0.00552 V         ; 0.11 V                              ; 0.007 V                             ; 4.54e-10 s                 ; 4.35e-10 s                 ; Yes                       ; Yes                       ;
; oALUOut[24]   ; 2.5 V        ; 0 s                 ; 0 s                 ; 2.32 V                       ; 4.67e-07 V                   ; 2.35 V              ; -0.00942 V          ; 0.116 V                              ; 0.033 V                              ; 6.66e-10 s                  ; 6.27e-10 s                  ; Yes                        ; Yes                        ; 2.32 V                      ; 4.67e-07 V                  ; 2.35 V             ; -0.00942 V         ; 0.116 V                             ; 0.033 V                             ; 6.66e-10 s                 ; 6.27e-10 s                 ; Yes                       ; Yes                       ;
; oALUOut[25]   ; 2.5 V        ; 0 s                 ; 0 s                 ; 2.32 V                       ; 4.67e-07 V                   ; 2.35 V              ; -0.00942 V          ; 0.116 V                              ; 0.033 V                              ; 6.66e-10 s                  ; 6.27e-10 s                  ; Yes                        ; Yes                        ; 2.32 V                      ; 4.67e-07 V                  ; 2.35 V             ; -0.00942 V         ; 0.116 V                             ; 0.033 V                             ; 6.66e-10 s                 ; 6.27e-10 s                 ; Yes                       ; Yes                       ;
; oALUOut[26]   ; 2.5 V        ; 0 s                 ; 0 s                 ; 2.32 V                       ; 4.67e-07 V                   ; 2.35 V              ; -0.00942 V          ; 0.116 V                              ; 0.033 V                              ; 6.66e-10 s                  ; 6.27e-10 s                  ; Yes                        ; Yes                        ; 2.32 V                      ; 4.67e-07 V                  ; 2.35 V             ; -0.00942 V         ; 0.116 V                             ; 0.033 V                             ; 6.66e-10 s                 ; 6.27e-10 s                 ; Yes                       ; Yes                       ;
; oALUOut[27]   ; 2.5 V        ; 0 s                 ; 0 s                 ; 2.32 V                       ; 4.67e-07 V                   ; 2.35 V              ; -0.00942 V          ; 0.116 V                              ; 0.033 V                              ; 6.66e-10 s                  ; 6.27e-10 s                  ; Yes                        ; Yes                        ; 2.32 V                      ; 4.67e-07 V                  ; 2.35 V             ; -0.00942 V         ; 0.116 V                             ; 0.033 V                             ; 6.66e-10 s                 ; 6.27e-10 s                 ; Yes                       ; Yes                       ;
; oALUOut[28]   ; 2.5 V        ; 0 s                 ; 0 s                 ; 2.32 V                       ; 4.67e-07 V                   ; 2.36 V              ; -0.00552 V          ; 0.11 V                               ; 0.007 V                              ; 4.54e-10 s                  ; 4.35e-10 s                  ; Yes                        ; Yes                        ; 2.32 V                      ; 4.67e-07 V                  ; 2.36 V             ; -0.00552 V         ; 0.11 V                              ; 0.007 V                             ; 4.54e-10 s                 ; 4.35e-10 s                 ; Yes                       ; Yes                       ;
; oALUOut[29]   ; 2.5 V        ; 0 s                 ; 0 s                 ; 2.32 V                       ; 4.67e-07 V                   ; 2.35 V              ; -0.00942 V          ; 0.116 V                              ; 0.033 V                              ; 6.66e-10 s                  ; 6.27e-10 s                  ; Yes                        ; Yes                        ; 2.32 V                      ; 4.67e-07 V                  ; 2.35 V             ; -0.00942 V         ; 0.116 V                             ; 0.033 V                             ; 6.66e-10 s                 ; 6.27e-10 s                 ; Yes                       ; Yes                       ;
; oALUOut[30]   ; 2.5 V        ; 0 s                 ; 0 s                 ; 2.32 V                       ; 4.67e-07 V                   ; 2.36 V              ; -0.00552 V          ; 0.11 V                               ; 0.007 V                              ; 4.54e-10 s                  ; 4.35e-10 s                  ; Yes                        ; Yes                        ; 2.32 V                      ; 4.67e-07 V                  ; 2.36 V             ; -0.00552 V         ; 0.11 V                              ; 0.007 V                             ; 4.54e-10 s                 ; 4.35e-10 s                 ; Yes                       ; Yes                       ;
; oALUOut[31]   ; 2.5 V        ; 0 s                 ; 0 s                 ; 2.32 V                       ; 4.67e-07 V                   ; 2.35 V              ; -0.00942 V          ; 0.116 V                              ; 0.033 V                              ; 6.66e-10 s                  ; 6.27e-10 s                  ; Yes                        ; Yes                        ; 2.32 V                      ; 4.67e-07 V                  ; 2.35 V             ; -0.00942 V         ; 0.116 V                             ; 0.033 V                             ; 6.66e-10 s                 ; 6.27e-10 s                 ; Yes                       ; Yes                       ;
; ~ALTERA_DCLK~ ; 2.5 V        ; 0 s                 ; 0 s                 ; 2.32 V                       ; 3.75e-07 V                   ; 2.35 V              ; -0.0109 V           ; 0.084 V                              ; 0.027 V                              ; 4.31e-10 s                  ; 3.61e-10 s                  ; Yes                        ; Yes                        ; 2.32 V                      ; 3.75e-07 V                  ; 2.35 V             ; -0.0109 V          ; 0.084 V                             ; 0.027 V                             ; 4.31e-10 s                 ; 3.61e-10 s                 ; Yes                       ; Yes                       ;
; ~ALTERA_nCEO~ ; 2.5 V        ; 0 s                 ; 0 s                 ; 2.32 V                       ; 6.15e-07 V                   ; 2.35 V              ; -0.00712 V          ; 0.093 V                              ; 0.02 V                               ; 6.21e-10 s                  ; 7.9e-10 s                   ; Yes                        ; Yes                        ; 2.32 V                      ; 6.15e-07 V                  ; 2.35 V             ; -0.00712 V         ; 0.093 V                             ; 0.02 V                              ; 6.21e-10 s                 ; 7.9e-10 s                  ; Yes                       ; Yes                       ;
+---------------+--------------+---------------------+---------------------+------------------------------+------------------------------+---------------------+---------------------+--------------------------------------+--------------------------------------+-----------------------------+-----------------------------+----------------------------+----------------------------+-----------------------------+-----------------------------+--------------------+--------------------+-------------------------------------+-------------------------------------+----------------------------+----------------------------+---------------------------+---------------------------+


+--------------------------------------------------------------------------------------------------------------------------------------------------------------------------------------------------------------------------------------------------------------------------------------------------------------------------------------------------------------------------------------------------------------------------------------------------------------------------------------------------------------------------------------------------------------------------------------------------------------------------------------------------------------------------------------------+
; Signal Integrity Metrics (Fast 1200mv 0c Model)                                                                                                                                                                                                                                                                                                                                                                                                                                                                                                                                                                                                                                            ;
+---------------+--------------+---------------------+---------------------+------------------------------+------------------------------+---------------------+---------------------+--------------------------------------+--------------------------------------+-----------------------------+-----------------------------+----------------------------+----------------------------+-----------------------------+-----------------------------+--------------------+--------------------+-------------------------------------+-------------------------------------+----------------------------+----------------------------+---------------------------+---------------------------+
; Pin           ; I/O Standard ; Board Delay on Rise ; Board Delay on Fall ; Steady State Voh at FPGA Pin ; Steady State Vol at FPGA Pin ; Voh Max at FPGA Pin ; Vol Min at FPGA Pin ; Ringback Voltage on Rise at FPGA Pin ; Ringback Voltage on Fall at FPGA Pin ; 10-90 Rise Time at FPGA Pin ; 90-10 Fall Time at FPGA Pin ; Monotonic Rise at FPGA Pin ; Monotonic Fall at FPGA Pin ; Steady State Voh at Far-end ; Steady State Vol at Far-end ; Voh Max at Far-end ; Vol Min at Far-end ; Ringback Voltage on Rise at Far-end ; Ringback Voltage on Fall at Far-end ; 10-90 Rise Time at Far-end ; 90-10 Fall Time at Far-end ; Monotonic Rise at Far-end ; Monotonic Fall at Far-end ;
+---------------+--------------+---------------------+---------------------+------------------------------+------------------------------+---------------------+---------------------+--------------------------------------+--------------------------------------+-----------------------------+-----------------------------+----------------------------+----------------------------+-----------------------------+-----------------------------+--------------------+--------------------+-------------------------------------+-------------------------------------+----------------------------+----------------------------+---------------------------+---------------------------+
; oALUOut[0]    ; 2.5 V        ; 0 s                 ; 0 s                 ; 2.62 V                       ; 2.74e-08 V                   ; 2.71 V              ; -0.0317 V           ; 0.148 V                              ; 0.064 V                              ; 4.51e-10 s                  ; 4.15e-10 s                  ; No                         ; Yes                        ; 2.62 V                      ; 2.74e-08 V                  ; 2.71 V             ; -0.0317 V          ; 0.148 V                             ; 0.064 V                             ; 4.51e-10 s                 ; 4.15e-10 s                 ; No                        ; Yes                       ;
; oALUOut[1]    ; 2.5 V        ; 0 s                 ; 0 s                 ; 2.62 V                       ; 2.74e-08 V                   ; 2.71 V              ; -0.0317 V           ; 0.148 V                              ; 0.064 V                              ; 4.51e-10 s                  ; 4.15e-10 s                  ; No                         ; Yes                        ; 2.62 V                      ; 2.74e-08 V                  ; 2.71 V             ; -0.0317 V          ; 0.148 V                             ; 0.064 V                             ; 4.51e-10 s                 ; 4.15e-10 s                 ; No                        ; Yes                       ;
; oALUOut[2]    ; 2.5 V        ; 0 s                 ; 0 s                 ; 2.62 V                       ; 2.74e-08 V                   ; 2.64 V              ; -0.0117 V           ; 0.202 V                              ; 0.176 V                              ; 2.38e-09 s                  ; 2.22e-09 s                  ; No                         ; Yes                        ; 2.62 V                      ; 2.74e-08 V                  ; 2.64 V             ; -0.0117 V          ; 0.202 V                             ; 0.176 V                             ; 2.38e-09 s                 ; 2.22e-09 s                 ; No                        ; Yes                       ;
; oALUOut[3]    ; 2.5 V        ; 0 s                 ; 0 s                 ; 2.62 V                       ; 2.74e-08 V                   ; 2.71 V              ; -0.0317 V           ; 0.148 V                              ; 0.064 V                              ; 4.51e-10 s                  ; 4.15e-10 s                  ; No                         ; Yes                        ; 2.62 V                      ; 2.74e-08 V                  ; 2.71 V             ; -0.0317 V          ; 0.148 V                             ; 0.064 V                             ; 4.51e-10 s                 ; 4.15e-10 s                 ; No                        ; Yes                       ;
; oALUOut[4]    ; 2.5 V        ; 0 s                 ; 0 s                 ; 2.62 V                       ; 2.74e-08 V                   ; 2.71 V              ; -0.0317 V           ; 0.148 V                              ; 0.064 V                              ; 4.51e-10 s                  ; 4.15e-10 s                  ; No                         ; Yes                        ; 2.62 V                      ; 2.74e-08 V                  ; 2.71 V             ; -0.0317 V          ; 0.148 V                             ; 0.064 V                             ; 4.51e-10 s                 ; 4.15e-10 s                 ; No                        ; Yes                       ;
; oALUOut[5]    ; 2.5 V        ; 0 s                 ; 0 s                 ; 2.62 V                       ; 2.74e-08 V                   ; 2.73 V              ; -0.0384 V           ; 0.169 V                              ; 0.089 V                              ; 2.7e-10 s                   ; 2.62e-10 s                  ; Yes                        ; Yes                        ; 2.62 V                      ; 2.74e-08 V                  ; 2.73 V             ; -0.0384 V          ; 0.169 V                             ; 0.089 V                             ; 2.7e-10 s                  ; 2.62e-10 s                 ; Yes                       ; Yes                       ;
; oALUOut[6]    ; 2.5 V        ; 0 s                 ; 0 s                 ; 2.62 V                       ; 2.74e-08 V                   ; 2.71 V              ; -0.0317 V           ; 0.148 V                              ; 0.064 V                              ; 4.51e-10 s                  ; 4.15e-10 s                  ; No                         ; Yes                        ; 2.62 V                      ; 2.74e-08 V                  ; 2.71 V             ; -0.0317 V          ; 0.148 V                             ; 0.064 V                             ; 4.51e-10 s                 ; 4.15e-10 s                 ; No                        ; Yes                       ;
; oALUOut[7]    ; 2.5 V        ; 0 s                 ; 0 s                 ; 2.62 V                       ; 2.74e-08 V                   ; 2.71 V              ; -0.0317 V           ; 0.148 V                              ; 0.064 V                              ; 4.51e-10 s                  ; 4.15e-10 s                  ; No                         ; Yes                        ; 2.62 V                      ; 2.74e-08 V                  ; 2.71 V             ; -0.0317 V          ; 0.148 V                             ; 0.064 V                             ; 4.51e-10 s                 ; 4.15e-10 s                 ; No                        ; Yes                       ;
; oALUOut[8]    ; 2.5 V        ; 0 s                 ; 0 s                 ; 2.62 V                       ; 2.74e-08 V                   ; 2.71 V              ; -0.0317 V           ; 0.148 V                              ; 0.064 V                              ; 4.51e-10 s                  ; 4.15e-10 s                  ; No                         ; Yes                        ; 2.62 V                      ; 2.74e-08 V                  ; 2.71 V             ; -0.0317 V          ; 0.148 V                             ; 0.064 V                             ; 4.51e-10 s                 ; 4.15e-10 s                 ; No                        ; Yes                       ;
; oALUOut[9]    ; 2.5 V        ; 0 s                 ; 0 s                 ; 2.62 V                       ; 2.74e-08 V                   ; 2.71 V              ; -0.0317 V           ; 0.148 V                              ; 0.064 V                              ; 4.51e-10 s                  ; 4.15e-10 s                  ; No                         ; Yes                        ; 2.62 V                      ; 2.74e-08 V                  ; 2.71 V             ; -0.0317 V          ; 0.148 V                             ; 0.064 V                             ; 4.51e-10 s                 ; 4.15e-10 s                 ; No                        ; Yes                       ;
; oALUOut[10]   ; 2.5 V        ; 0 s                 ; 0 s                 ; 2.62 V                       ; 2.74e-08 V                   ; 2.71 V              ; -0.0317 V           ; 0.148 V                              ; 0.064 V                              ; 4.51e-10 s                  ; 4.15e-10 s                  ; No                         ; Yes                        ; 2.62 V                      ; 2.74e-08 V                  ; 2.71 V             ; -0.0317 V          ; 0.148 V                             ; 0.064 V                             ; 4.51e-10 s                 ; 4.15e-10 s                 ; No                        ; Yes                       ;
; oALUOut[11]   ; 2.5 V        ; 0 s                 ; 0 s                 ; 2.62 V                       ; 2.74e-08 V                   ; 2.71 V              ; -0.0317 V           ; 0.148 V                              ; 0.064 V                              ; 4.51e-10 s                  ; 4.15e-10 s                  ; No                         ; Yes                        ; 2.62 V                      ; 2.74e-08 V                  ; 2.71 V             ; -0.0317 V          ; 0.148 V                             ; 0.064 V                             ; 4.51e-10 s                 ; 4.15e-10 s                 ; No                        ; Yes                       ;
; oALUOut[12]   ; 2.5 V        ; 0 s                 ; 0 s                 ; 2.62 V                       ; 2.74e-08 V                   ; 2.64 V              ; -0.0117 V           ; 0.202 V                              ; 0.176 V                              ; 2.38e-09 s                  ; 2.22e-09 s                  ; No                         ; Yes                        ; 2.62 V                      ; 2.74e-08 V                  ; 2.64 V             ; -0.0117 V          ; 0.202 V                             ; 0.176 V                             ; 2.38e-09 s                 ; 2.22e-09 s                 ; No                        ; Yes                       ;
; oALUOut[13]   ; 2.5 V        ; 0 s                 ; 0 s                 ; 2.62 V                       ; 2.74e-08 V                   ; 2.71 V              ; -0.0317 V           ; 0.148 V                              ; 0.064 V                              ; 4.51e-10 s                  ; 4.15e-10 s                  ; No                         ; Yes                        ; 2.62 V                      ; 2.74e-08 V                  ; 2.71 V             ; -0.0317 V          ; 0.148 V                             ; 0.064 V                             ; 4.51e-10 s                 ; 4.15e-10 s                 ; No                        ; Yes                       ;
; oALUOut[14]   ; 2.5 V        ; 0 s                 ; 0 s                 ; 2.62 V                       ; 2.74e-08 V                   ; 2.71 V              ; -0.0317 V           ; 0.148 V                              ; 0.064 V                              ; 4.51e-10 s                  ; 4.15e-10 s                  ; No                         ; Yes                        ; 2.62 V                      ; 2.74e-08 V                  ; 2.71 V             ; -0.0317 V          ; 0.148 V                             ; 0.064 V                             ; 4.51e-10 s                 ; 4.15e-10 s                 ; No                        ; Yes                       ;
; oALUOut[15]   ; 2.5 V        ; 0 s                 ; 0 s                 ; 2.62 V                       ; 2.74e-08 V                   ; 2.71 V              ; -0.0317 V           ; 0.148 V                              ; 0.064 V                              ; 4.51e-10 s                  ; 4.15e-10 s                  ; No                         ; Yes                        ; 2.62 V                      ; 2.74e-08 V                  ; 2.71 V             ; -0.0317 V          ; 0.148 V                             ; 0.064 V                             ; 4.51e-10 s                 ; 4.15e-10 s                 ; No                        ; Yes                       ;
; oALUOut[16]   ; 2.5 V        ; 0 s                 ; 0 s                 ; 2.62 V                       ; 2.74e-08 V                   ; 2.71 V              ; -0.0317 V           ; 0.148 V                              ; 0.064 V                              ; 4.51e-10 s                  ; 4.15e-10 s                  ; No                         ; Yes                        ; 2.62 V                      ; 2.74e-08 V                  ; 2.71 V             ; -0.0317 V          ; 0.148 V                             ; 0.064 V                             ; 4.51e-10 s                 ; 4.15e-10 s                 ; No                        ; Yes                       ;
; oALUOut[17]   ; 2.5 V        ; 0 s                 ; 0 s                 ; 2.62 V                       ; 2.74e-08 V                   ; 2.71 V              ; -0.0317 V           ; 0.148 V                              ; 0.064 V                              ; 4.51e-10 s                  ; 4.15e-10 s                  ; No                         ; Yes                        ; 2.62 V                      ; 2.74e-08 V                  ; 2.71 V             ; -0.0317 V          ; 0.148 V                             ; 0.064 V                             ; 4.51e-10 s                 ; 4.15e-10 s                 ; No                        ; Yes                       ;
; oALUOut[18]   ; 2.5 V        ; 0 s                 ; 0 s                 ; 2.62 V                       ; 2.74e-08 V                   ; 2.71 V              ; -0.0317 V           ; 0.148 V                              ; 0.064 V                              ; 4.51e-10 s                  ; 4.15e-10 s                  ; No                         ; Yes                        ; 2.62 V                      ; 2.74e-08 V                  ; 2.71 V             ; -0.0317 V          ; 0.148 V                             ; 0.064 V                             ; 4.51e-10 s                 ; 4.15e-10 s                 ; No                        ; Yes                       ;
; oALUOut[19]   ; 2.5 V        ; 0 s                 ; 0 s                 ; 2.62 V                       ; 2.74e-08 V                   ; 2.71 V              ; -0.0317 V           ; 0.148 V                              ; 0.064 V                              ; 4.51e-10 s                  ; 4.15e-10 s                  ; No                         ; Yes                        ; 2.62 V                      ; 2.74e-08 V                  ; 2.71 V             ; -0.0317 V          ; 0.148 V                             ; 0.064 V                             ; 4.51e-10 s                 ; 4.15e-10 s                 ; No                        ; Yes                       ;
; oALUOut[20]   ; 2.5 V        ; 0 s                 ; 0 s                 ; 2.62 V                       ; 2.74e-08 V                   ; 2.71 V              ; -0.0317 V           ; 0.148 V                              ; 0.064 V                              ; 4.51e-10 s                  ; 4.15e-10 s                  ; No                         ; Yes                        ; 2.62 V                      ; 2.74e-08 V                  ; 2.71 V             ; -0.0317 V          ; 0.148 V                             ; 0.064 V                             ; 4.51e-10 s                 ; 4.15e-10 s                 ; No                        ; Yes                       ;
; oALUOut[21]   ; 2.5 V        ; 0 s                 ; 0 s                 ; 2.62 V                       ; 2.74e-08 V                   ; 2.71 V              ; -0.0317 V           ; 0.148 V                              ; 0.064 V                              ; 4.51e-10 s                  ; 4.15e-10 s                  ; No                         ; Yes                        ; 2.62 V                      ; 2.74e-08 V                  ; 2.71 V             ; -0.0317 V          ; 0.148 V                             ; 0.064 V                             ; 4.51e-10 s                 ; 4.15e-10 s                 ; No                        ; Yes                       ;
; oALUOut[22]   ; 2.5 V        ; 0 s                 ; 0 s                 ; 2.62 V                       ; 2.74e-08 V                   ; 2.71 V              ; -0.0317 V           ; 0.148 V                              ; 0.064 V                              ; 4.51e-10 s                  ; 4.15e-10 s                  ; No                         ; Yes                        ; 2.62 V                      ; 2.74e-08 V                  ; 2.71 V             ; -0.0317 V          ; 0.148 V                             ; 0.064 V                             ; 4.51e-10 s                 ; 4.15e-10 s                 ; No                        ; Yes                       ;
; oALUOut[23]   ; 2.5 V        ; 0 s                 ; 0 s                 ; 2.62 V                       ; 2.74e-08 V                   ; 2.73 V              ; -0.0384 V           ; 0.169 V                              ; 0.089 V                              ; 2.7e-10 s                   ; 2.62e-10 s                  ; Yes                        ; Yes                        ; 2.62 V                      ; 2.74e-08 V                  ; 2.73 V             ; -0.0384 V          ; 0.169 V                             ; 0.089 V                             ; 2.7e-10 s                  ; 2.62e-10 s                 ; Yes                       ; Yes                       ;
; oALUOut[24]   ; 2.5 V        ; 0 s                 ; 0 s                 ; 2.62 V                       ; 2.74e-08 V                   ; 2.71 V              ; -0.0317 V           ; 0.148 V                              ; 0.064 V                              ; 4.51e-10 s                  ; 4.15e-10 s                  ; No                         ; Yes                        ; 2.62 V                      ; 2.74e-08 V                  ; 2.71 V             ; -0.0317 V          ; 0.148 V                             ; 0.064 V                             ; 4.51e-10 s                 ; 4.15e-10 s                 ; No                        ; Yes                       ;
; oALUOut[25]   ; 2.5 V        ; 0 s                 ; 0 s                 ; 2.62 V                       ; 2.74e-08 V                   ; 2.71 V              ; -0.0317 V           ; 0.148 V                              ; 0.064 V                              ; 4.51e-10 s                  ; 4.15e-10 s                  ; No                         ; Yes                        ; 2.62 V                      ; 2.74e-08 V                  ; 2.71 V             ; -0.0317 V          ; 0.148 V                             ; 0.064 V                             ; 4.51e-10 s                 ; 4.15e-10 s                 ; No                        ; Yes                       ;
; oALUOut[26]   ; 2.5 V        ; 0 s                 ; 0 s                 ; 2.62 V                       ; 2.74e-08 V                   ; 2.71 V              ; -0.0317 V           ; 0.148 V                              ; 0.064 V                              ; 4.51e-10 s                  ; 4.15e-10 s                  ; No                         ; Yes                        ; 2.62 V                      ; 2.74e-08 V                  ; 2.71 V             ; -0.0317 V          ; 0.148 V                             ; 0.064 V                             ; 4.51e-10 s                 ; 4.15e-10 s                 ; No                        ; Yes                       ;
; oALUOut[27]   ; 2.5 V        ; 0 s                 ; 0 s                 ; 2.62 V                       ; 2.74e-08 V                   ; 2.71 V              ; -0.0317 V           ; 0.148 V                              ; 0.064 V                              ; 4.51e-10 s                  ; 4.15e-10 s                  ; No                         ; Yes                        ; 2.62 V                      ; 2.74e-08 V                  ; 2.71 V             ; -0.0317 V          ; 0.148 V                             ; 0.064 V                             ; 4.51e-10 s                 ; 4.15e-10 s                 ; No                        ; Yes                       ;
; oALUOut[28]   ; 2.5 V        ; 0 s                 ; 0 s                 ; 2.62 V                       ; 2.74e-08 V                   ; 2.73 V              ; -0.0384 V           ; 0.169 V                              ; 0.089 V                              ; 2.7e-10 s                   ; 2.62e-10 s                  ; Yes                        ; Yes                        ; 2.62 V                      ; 2.74e-08 V                  ; 2.73 V             ; -0.0384 V          ; 0.169 V                             ; 0.089 V                             ; 2.7e-10 s                  ; 2.62e-10 s                 ; Yes                       ; Yes                       ;
; oALUOut[29]   ; 2.5 V        ; 0 s                 ; 0 s                 ; 2.62 V                       ; 2.74e-08 V                   ; 2.71 V              ; -0.0317 V           ; 0.148 V                              ; 0.064 V                              ; 4.51e-10 s                  ; 4.15e-10 s                  ; No                         ; Yes                        ; 2.62 V                      ; 2.74e-08 V                  ; 2.71 V             ; -0.0317 V          ; 0.148 V                             ; 0.064 V                             ; 4.51e-10 s                 ; 4.15e-10 s                 ; No                        ; Yes                       ;
; oALUOut[30]   ; 2.5 V        ; 0 s                 ; 0 s                 ; 2.62 V                       ; 2.74e-08 V                   ; 2.73 V              ; -0.0384 V           ; 0.169 V                              ; 0.089 V                              ; 2.7e-10 s                   ; 2.62e-10 s                  ; Yes                        ; Yes                        ; 2.62 V                      ; 2.74e-08 V                  ; 2.73 V             ; -0.0384 V          ; 0.169 V                             ; 0.089 V                             ; 2.7e-10 s                  ; 2.62e-10 s                 ; Yes                       ; Yes                       ;
; oALUOut[31]   ; 2.5 V        ; 0 s                 ; 0 s                 ; 2.62 V                       ; 2.74e-08 V                   ; 2.71 V              ; -0.0317 V           ; 0.148 V                              ; 0.064 V                              ; 4.51e-10 s                  ; 4.15e-10 s                  ; No                         ; Yes                        ; 2.62 V                      ; 2.74e-08 V                  ; 2.71 V             ; -0.0317 V          ; 0.148 V                             ; 0.064 V                             ; 4.51e-10 s                 ; 4.15e-10 s                 ; No                        ; Yes                       ;
; ~ALTERA_DCLK~ ; 2.5 V        ; 0 s                 ; 0 s                 ; 2.62 V                       ; 2.22e-08 V                   ; 2.74 V              ; -0.06 V             ; 0.158 V                              ; 0.08 V                               ; 2.68e-10 s                  ; 2.19e-10 s                  ; Yes                        ; Yes                        ; 2.62 V                      ; 2.22e-08 V                  ; 2.74 V             ; -0.06 V            ; 0.158 V                             ; 0.08 V                              ; 2.68e-10 s                 ; 2.19e-10 s                 ; Yes                       ; Yes                       ;
; ~ALTERA_nCEO~ ; 2.5 V        ; 0 s                 ; 0 s                 ; 2.62 V                       ; 3.54e-08 V                   ; 2.7 V               ; -0.00943 V          ; 0.276 V                              ; 0.035 V                              ; 3.19e-10 s                  ; 4.99e-10 s                  ; No                         ; Yes                        ; 2.62 V                      ; 3.54e-08 V                  ; 2.7 V              ; -0.00943 V         ; 0.276 V                             ; 0.035 V                             ; 3.19e-10 s                 ; 4.99e-10 s                 ; No                        ; Yes                       ;
+---------------+--------------+---------------------+---------------------+------------------------------+------------------------------+---------------------+---------------------+--------------------------------------+--------------------------------------+-----------------------------+-----------------------------+----------------------------+----------------------------+-----------------------------+-----------------------------+--------------------+--------------------+-------------------------------------+-------------------------------------+----------------------------+----------------------------+---------------------------+---------------------------+


+-------------------------------------------------------------------+
; Setup Transfers                                                   ;
+------------+----------+----------+----------+----------+----------+
; From Clock ; To Clock ; RR Paths ; FR Paths ; RF Paths ; FF Paths ;
+------------+----------+----------+----------+----------+----------+
; iCLK       ; iCLK     ; 262144   ; 29746    ; 68452    ; 639991   ;
+------------+----------+----------+----------+----------+----------+
Entries labeled "false path" only account for clock-to-clock false paths and not path-based false paths. As a result, actual path counts may be lower than reported.


+-------------------------------------------------------------------+
; Hold Transfers                                                    ;
+------------+----------+----------+----------+----------+----------+
; From Clock ; To Clock ; RR Paths ; FR Paths ; RF Paths ; FF Paths ;
+------------+----------+----------+----------+----------+----------+
; iCLK       ; iCLK     ; 262144   ; 29746    ; 68452    ; 639991   ;
+------------+----------+----------+----------+----------+----------+
Entries labeled "false path" only account for clock-to-clock false paths and not path-based false paths. As a result, actual path counts may be lower than reported.


---------------
; Report TCCS ;
---------------
No dedicated SERDES Transmitter circuitry present in device or used in design


---------------
; Report RSKM ;
---------------
No non-DPA dedicated SERDES Receiver circuitry present in device or used in design


+---------------------------------------------------+
; Unconstrained Paths Summary                       ;
+---------------------------------+--------+--------+
; Property                        ; Setup  ; Hold   ;
+---------------------------------+--------+--------+
; Illegal Clocks                  ; 0      ; 0      ;
; Unconstrained Clocks            ; 0      ; 0      ;
; Unconstrained Input Ports       ; 44     ; 44     ;
; Unconstrained Input Port Paths  ; 395092 ; 395092 ;
; Unconstrained Output Ports      ; 32     ; 32     ;
; Unconstrained Output Port Paths ; 2292   ; 2292   ;
+---------------------------------+--------+--------+


+-------------------------------------+
; Clock Status Summary                ;
+--------+-------+------+-------------+
; Target ; Clock ; Type ; Status      ;
+--------+-------+------+-------------+
; iCLK   ; iCLK  ; Base ; Constrained ;
+--------+-------+------+-------------+


+------------------------------------------------------------------------------------------------------+
; Unconstrained Input Ports                                                                            ;
+---------------+--------------------------------------------------------------------------------------+
; Input Port    ; Comment                                                                              ;
+---------------+--------------------------------------------------------------------------------------+
; iInstAddr[2]  ; No input delay, min/max delays, false-path exceptions, or max skew assignments found ;
; iInstAddr[3]  ; No input delay, min/max delays, false-path exceptions, or max skew assignments found ;
; iInstAddr[4]  ; No input delay, min/max delays, false-path exceptions, or max skew assignments found ;
; iInstAddr[5]  ; No input delay, min/max delays, false-path exceptions, or max skew assignments found ;
; iInstAddr[6]  ; No input delay, min/max delays, false-path exceptions, or max skew assignments found ;
; iInstAddr[7]  ; No input delay, min/max delays, false-path exceptions, or max skew assignments found ;
; iInstAddr[8]  ; No input delay, min/max delays, false-path exceptions, or max skew assignments found ;
; iInstAddr[9]  ; No input delay, min/max delays, false-path exceptions, or max skew assignments found ;
; iInstAddr[10] ; No input delay, min/max delays, false-path exceptions, or max skew assignments found ;
; iInstAddr[11] ; No input delay, min/max delays, false-path exceptions, or max skew assignments found ;
; iInstExt[0]   ; No input delay, min/max delays, false-path exceptions, or max skew assignments found ;
; iInstExt[1]   ; No input delay, min/max delays, false-path exceptions, or max skew assignments found ;
; iInstExt[2]   ; No input delay, min/max delays, false-path exceptions, or max skew assignments found ;
; iInstExt[3]   ; No input delay, min/max delays, false-path exceptions, or max skew assignments found ;
; iInstExt[4]   ; No input delay, min/max delays, false-path exceptions, or max skew assignments found ;
; iInstExt[5]   ; No input delay, min/max delays, false-path exceptions, or max skew assignments found ;
; iInstExt[6]   ; No input delay, min/max delays, false-path exceptions, or max skew assignments found ;
; iInstExt[7]   ; No input delay, min/max delays, false-path exceptions, or max skew assignments found ;
; iInstExt[8]   ; No input delay, min/max delays, false-path exceptions, or max skew assignments found ;
; iInstExt[9]   ; No input delay, min/max delays, false-path exceptions, or max skew assignments found ;
; iInstExt[10]  ; No input delay, min/max delays, false-path exceptions, or max skew assignments found ;
; iInstExt[11]  ; No input delay, min/max delays, false-path exceptions, or max skew assignments found ;
; iInstExt[12]  ; No input delay, min/max delays, false-path exceptions, or max skew assignments found ;
; iInstExt[13]  ; No input delay, min/max delays, false-path exceptions, or max skew assignments found ;
; iInstExt[14]  ; No input delay, min/max delays, false-path exceptions, or max skew assignments found ;
; iInstExt[15]  ; No input delay, min/max delays, false-path exceptions, or max skew assignments found ;
; iInstExt[16]  ; No input delay, min/max delays, false-path exceptions, or max skew assignments found ;
; iInstExt[17]  ; No input delay, min/max delays, false-path exceptions, or max skew assignments found ;
; iInstExt[18]  ; No input delay, min/max delays, false-path exceptions, or max skew assignments found ;
; iInstExt[19]  ; No input delay, min/max delays, false-path exceptions, or max skew assignments found ;
; iInstExt[20]  ; No input delay, min/max delays, false-path exceptions, or max skew assignments found ;
; iInstExt[21]  ; No input delay, min/max delays, false-path exceptions, or max skew assignments found ;
; iInstExt[22]  ; No input delay, min/max delays, false-path exceptions, or max skew assignments found ;
; iInstExt[23]  ; No input delay, min/max delays, false-path exceptions, or max skew assignments found ;
; iInstExt[24]  ; No input delay, min/max delays, false-path exceptions, or max skew assignments found ;
; iInstExt[25]  ; No input delay, min/max delays, false-path exceptions, or max skew assignments found ;
; iInstExt[26]  ; No input delay, min/max delays, false-path exceptions, or max skew assignments found ;
; iInstExt[27]  ; No input delay, min/max delays, false-path exceptions, or max skew assignments found ;
; iInstExt[28]  ; No input delay, min/max delays, false-path exceptions, or max skew assignments found ;
; iInstExt[29]  ; No input delay, min/max delays, false-path exceptions, or max skew assignments found ;
; iInstExt[30]  ; No input delay, min/max delays, false-path exceptions, or max skew assignments found ;
; iInstExt[31]  ; No input delay, min/max delays, false-path exceptions, or max skew assignments found ;
; iInstLd       ; No input delay, min/max delays, false-path exceptions, or max skew assignments found ;
; iRST          ; No input delay, min/max delays, false-path exceptions, or max skew assignments found ;
+---------------+--------------------------------------------------------------------------------------+


+-----------------------------------------------------------------------------------------------------+
; Unconstrained Output Ports                                                                          ;
+-------------+---------------------------------------------------------------------------------------+
; Output Port ; Comment                                                                               ;
+-------------+---------------------------------------------------------------------------------------+
; oALUOut[0]  ; No output delay, min/max delays, false-path exceptions, or max skew assignments found ;
; oALUOut[1]  ; No output delay, min/max delays, false-path exceptions, or max skew assignments found ;
; oALUOut[2]  ; No output delay, min/max delays, false-path exceptions, or max skew assignments found ;
; oALUOut[3]  ; No output delay, min/max delays, false-path exceptions, or max skew assignments found ;
; oALUOut[4]  ; No output delay, min/max delays, false-path exceptions, or max skew assignments found ;
; oALUOut[5]  ; No output delay, min/max delays, false-path exceptions, or max skew assignments found ;
; oALUOut[6]  ; No output delay, min/max delays, false-path exceptions, or max skew assignments found ;
; oALUOut[7]  ; No output delay, min/max delays, false-path exceptions, or max skew assignments found ;
; oALUOut[8]  ; No output delay, min/max delays, false-path exceptions, or max skew assignments found ;
; oALUOut[9]  ; No output delay, min/max delays, false-path exceptions, or max skew assignments found ;
; oALUOut[10] ; No output delay, min/max delays, false-path exceptions, or max skew assignments found ;
; oALUOut[11] ; No output delay, min/max delays, false-path exceptions, or max skew assignments found ;
; oALUOut[12] ; No output delay, min/max delays, false-path exceptions, or max skew assignments found ;
; oALUOut[13] ; No output delay, min/max delays, false-path exceptions, or max skew assignments found ;
; oALUOut[14] ; No output delay, min/max delays, false-path exceptions, or max skew assignments found ;
; oALUOut[15] ; No output delay, min/max delays, false-path exceptions, or max skew assignments found ;
; oALUOut[16] ; No output delay, min/max delays, false-path exceptions, or max skew assignments found ;
; oALUOut[17] ; No output delay, min/max delays, false-path exceptions, or max skew assignments found ;
; oALUOut[18] ; No output delay, min/max delays, false-path exceptions, or max skew assignments found ;
; oALUOut[19] ; No output delay, min/max delays, false-path exceptions, or max skew assignments found ;
; oALUOut[20] ; No output delay, min/max delays, false-path exceptions, or max skew assignments found ;
; oALUOut[21] ; No output delay, min/max delays, false-path exceptions, or max skew assignments found ;
; oALUOut[22] ; No output delay, min/max delays, false-path exceptions, or max skew assignments found ;
; oALUOut[23] ; No output delay, min/max delays, false-path exceptions, or max skew assignments found ;
; oALUOut[24] ; No output delay, min/max delays, false-path exceptions, or max skew assignments found ;
; oALUOut[25] ; No output delay, min/max delays, false-path exceptions, or max skew assignments found ;
; oALUOut[26] ; No output delay, min/max delays, false-path exceptions, or max skew assignments found ;
; oALUOut[27] ; No output delay, min/max delays, false-path exceptions, or max skew assignments found ;
; oALUOut[28] ; No output delay, min/max delays, false-path exceptions, or max skew assignments found ;
; oALUOut[29] ; No output delay, min/max delays, false-path exceptions, or max skew assignments found ;
; oALUOut[30] ; No output delay, min/max delays, false-path exceptions, or max skew assignments found ;
; oALUOut[31] ; No output delay, min/max delays, false-path exceptions, or max skew assignments found ;
+-------------+---------------------------------------------------------------------------------------+


+------------------------------------------------------------------------------------------------------+
; Unconstrained Input Ports                                                                            ;
+---------------+--------------------------------------------------------------------------------------+
; Input Port    ; Comment                                                                              ;
+---------------+--------------------------------------------------------------------------------------+
; iInstAddr[2]  ; No input delay, min/max delays, false-path exceptions, or max skew assignments found ;
; iInstAddr[3]  ; No input delay, min/max delays, false-path exceptions, or max skew assignments found ;
; iInstAddr[4]  ; No input delay, min/max delays, false-path exceptions, or max skew assignments found ;
; iInstAddr[5]  ; No input delay, min/max delays, false-path exceptions, or max skew assignments found ;
; iInstAddr[6]  ; No input delay, min/max delays, false-path exceptions, or max skew assignments found ;
; iInstAddr[7]  ; No input delay, min/max delays, false-path exceptions, or max skew assignments found ;
; iInstAddr[8]  ; No input delay, min/max delays, false-path exceptions, or max skew assignments found ;
; iInstAddr[9]  ; No input delay, min/max delays, false-path exceptions, or max skew assignments found ;
; iInstAddr[10] ; No input delay, min/max delays, false-path exceptions, or max skew assignments found ;
; iInstAddr[11] ; No input delay, min/max delays, false-path exceptions, or max skew assignments found ;
; iInstExt[0]   ; No input delay, min/max delays, false-path exceptions, or max skew assignments found ;
; iInstExt[1]   ; No input delay, min/max delays, false-path exceptions, or max skew assignments found ;
; iInstExt[2]   ; No input delay, min/max delays, false-path exceptions, or max skew assignments found ;
; iInstExt[3]   ; No input delay, min/max delays, false-path exceptions, or max skew assignments found ;
; iInstExt[4]   ; No input delay, min/max delays, false-path exceptions, or max skew assignments found ;
; iInstExt[5]   ; No input delay, min/max delays, false-path exceptions, or max skew assignments found ;
; iInstExt[6]   ; No input delay, min/max delays, false-path exceptions, or max skew assignments found ;
; iInstExt[7]   ; No input delay, min/max delays, false-path exceptions, or max skew assignments found ;
; iInstExt[8]   ; No input delay, min/max delays, false-path exceptions, or max skew assignments found ;
; iInstExt[9]   ; No input delay, min/max delays, false-path exceptions, or max skew assignments found ;
; iInstExt[10]  ; No input delay, min/max delays, false-path exceptions, or max skew assignments found ;
; iInstExt[11]  ; No input delay, min/max delays, false-path exceptions, or max skew assignments found ;
; iInstExt[12]  ; No input delay, min/max delays, false-path exceptions, or max skew assignments found ;
; iInstExt[13]  ; No input delay, min/max delays, false-path exceptions, or max skew assignments found ;
; iInstExt[14]  ; No input delay, min/max delays, false-path exceptions, or max skew assignments found ;
; iInstExt[15]  ; No input delay, min/max delays, false-path exceptions, or max skew assignments found ;
; iInstExt[16]  ; No input delay, min/max delays, false-path exceptions, or max skew assignments found ;
; iInstExt[17]  ; No input delay, min/max delays, false-path exceptions, or max skew assignments found ;
; iInstExt[18]  ; No input delay, min/max delays, false-path exceptions, or max skew assignments found ;
; iInstExt[19]  ; No input delay, min/max delays, false-path exceptions, or max skew assignments found ;
; iInstExt[20]  ; No input delay, min/max delays, false-path exceptions, or max skew assignments found ;
; iInstExt[21]  ; No input delay, min/max delays, false-path exceptions, or max skew assignments found ;
; iInstExt[22]  ; No input delay, min/max delays, false-path exceptions, or max skew assignments found ;
; iInstExt[23]  ; No input delay, min/max delays, false-path exceptions, or max skew assignments found ;
; iInstExt[24]  ; No input delay, min/max delays, false-path exceptions, or max skew assignments found ;
; iInstExt[25]  ; No input delay, min/max delays, false-path exceptions, or max skew assignments found ;
; iInstExt[26]  ; No input delay, min/max delays, false-path exceptions, or max skew assignments found ;
; iInstExt[27]  ; No input delay, min/max delays, false-path exceptions, or max skew assignments found ;
; iInstExt[28]  ; No input delay, min/max delays, false-path exceptions, or max skew assignments found ;
; iInstExt[29]  ; No input delay, min/max delays, false-path exceptions, or max skew assignments found ;
; iInstExt[30]  ; No input delay, min/max delays, false-path exceptions, or max skew assignments found ;
; iInstExt[31]  ; No input delay, min/max delays, false-path exceptions, or max skew assignments found ;
; iInstLd       ; No input delay, min/max delays, false-path exceptions, or max skew assignments found ;
; iRST          ; No input delay, min/max delays, false-path exceptions, or max skew assignments found ;
+---------------+--------------------------------------------------------------------------------------+


+-----------------------------------------------------------------------------------------------------+
; Unconstrained Output Ports                                                                          ;
+-------------+---------------------------------------------------------------------------------------+
; Output Port ; Comment                                                                               ;
+-------------+---------------------------------------------------------------------------------------+
; oALUOut[0]  ; No output delay, min/max delays, false-path exceptions, or max skew assignments found ;
; oALUOut[1]  ; No output delay, min/max delays, false-path exceptions, or max skew assignments found ;
; oALUOut[2]  ; No output delay, min/max delays, false-path exceptions, or max skew assignments found ;
; oALUOut[3]  ; No output delay, min/max delays, false-path exceptions, or max skew assignments found ;
; oALUOut[4]  ; No output delay, min/max delays, false-path exceptions, or max skew assignments found ;
; oALUOut[5]  ; No output delay, min/max delays, false-path exceptions, or max skew assignments found ;
; oALUOut[6]  ; No output delay, min/max delays, false-path exceptions, or max skew assignments found ;
; oALUOut[7]  ; No output delay, min/max delays, false-path exceptions, or max skew assignments found ;
; oALUOut[8]  ; No output delay, min/max delays, false-path exceptions, or max skew assignments found ;
; oALUOut[9]  ; No output delay, min/max delays, false-path exceptions, or max skew assignments found ;
; oALUOut[10] ; No output delay, min/max delays, false-path exceptions, or max skew assignments found ;
; oALUOut[11] ; No output delay, min/max delays, false-path exceptions, or max skew assignments found ;
; oALUOut[12] ; No output delay, min/max delays, false-path exceptions, or max skew assignments found ;
; oALUOut[13] ; No output delay, min/max delays, false-path exceptions, or max skew assignments found ;
; oALUOut[14] ; No output delay, min/max delays, false-path exceptions, or max skew assignments found ;
; oALUOut[15] ; No output delay, min/max delays, false-path exceptions, or max skew assignments found ;
; oALUOut[16] ; No output delay, min/max delays, false-path exceptions, or max skew assignments found ;
; oALUOut[17] ; No output delay, min/max delays, false-path exceptions, or max skew assignments found ;
; oALUOut[18] ; No output delay, min/max delays, false-path exceptions, or max skew assignments found ;
; oALUOut[19] ; No output delay, min/max delays, false-path exceptions, or max skew assignments found ;
; oALUOut[20] ; No output delay, min/max delays, false-path exceptions, or max skew assignments found ;
; oALUOut[21] ; No output delay, min/max delays, false-path exceptions, or max skew assignments found ;
; oALUOut[22] ; No output delay, min/max delays, false-path exceptions, or max skew assignments found ;
; oALUOut[23] ; No output delay, min/max delays, false-path exceptions, or max skew assignments found ;
; oALUOut[24] ; No output delay, min/max delays, false-path exceptions, or max skew assignments found ;
; oALUOut[25] ; No output delay, min/max delays, false-path exceptions, or max skew assignments found ;
; oALUOut[26] ; No output delay, min/max delays, false-path exceptions, or max skew assignments found ;
; oALUOut[27] ; No output delay, min/max delays, false-path exceptions, or max skew assignments found ;
; oALUOut[28] ; No output delay, min/max delays, false-path exceptions, or max skew assignments found ;
; oALUOut[29] ; No output delay, min/max delays, false-path exceptions, or max skew assignments found ;
; oALUOut[30] ; No output delay, min/max delays, false-path exceptions, or max skew assignments found ;
; oALUOut[31] ; No output delay, min/max delays, false-path exceptions, or max skew assignments found ;
+-------------+---------------------------------------------------------------------------------------+


+--------------------------+
; Timing Analyzer Messages ;
+--------------------------+
Info: *******************************************************************
Info: Running Quartus Prime Timing Analyzer
    Info: Version 20.1.1 Build 720 11/11/2020 SJ Standard Edition
    Info: Copyright (C) 2020  Intel Corporation. All rights reserved.
    Info: Your use of Intel Corporation's design tools, logic functions 
    Info: and other software and tools, and any partner logic 
    Info: functions, and any output files from any of the foregoing 
    Info: (including device programming or simulation files), and any 
    Info: associated documentation or information are expressly subject 
    Info: to the terms and conditions of the Intel Program License 
    Info: Subscription Agreement, the Intel Quartus Prime License Agreement,
    Info: the Intel FPGA IP License Agreement, or other applicable license
    Info: agreement, including, without limitation, that your use is for
    Info: the sole purpose of programming logic devices manufactured by
    Info: Intel and sold by Intel or its authorized distributors.  Please
    Info: refer to the applicable agreement for further details, at
    Info: https://fpgasoftware.intel.com/eula.
    Info: Processing started: Tue Dec  9 17:46:57 2025
Info: Command: quartus_sta --sdc=toolflow.sdc toolflow --do_report_timing
Info: qsta_default_script.tcl version: #1
Warning (18236): Number of processors has not been specified which may cause overloading on shared machines.  Set the global assignment NUM_PARALLEL_PROCESSORS in your QSF to an appropriate value for best performance.
Info (20030): Parallel compilation is enabled and will use 12 of the 12 processors detected
Info (21076): High junction temperature operating condition is not set. Assuming a default value of '85'.
Info (21076): Low junction temperature operating condition is not set. Assuming a default value of '0'.
Info (332104): Reading SDC File: 'toolflow.sdc'
Info: Found TIMING_ANALYZER_REPORT_SCRIPT_INCLUDE_DEFAULT_ANALYSIS = ON
Info: Analyzing Slow 1200mV 85C Model
Critical Warning (332148): Timing requirements not met
    Info (11105): For recommendations on closing timing, run Report Timing Closure Recommendations in the Timing Analyzer.
Info (332146): Worst-case setup slack is -1.157
    Info (332119):     Slack       End Point TNS Clock 
    Info (332119): ========= =================== =====================
    Info (332119):    -1.157              -7.686 iCLK 
Info (332146): Worst-case hold slack is 0.350
    Info (332119):     Slack       End Point TNS Clock 
    Info (332119): ========= =================== =====================
    Info (332119):     0.350               0.000 iCLK 
Info (332140): No Recovery paths to report
Info (332140): No Removal paths to report
Info (332146): Worst-case minimum pulse width slack is 9.622
    Info (332119):     Slack       End Point TNS Clock 
    Info (332119): ========= =================== =====================
    Info (332119):     9.622               0.000 iCLK 
Info (332115): Report Timing: Found 1 setup paths (1 violated).  Worst case slack is -1.157
    Info (332115): -to_clock [get_clocks {iCLK}]
    Info (332115): -setup
    Info (332115): -stdout
Info (332115): Path #1: Setup slack is -1.157 (VIOLATED)
    Info (332115): ===================================================================
    Info (332115): From Node    : IDEXRegister:IDEXRegister_inst|PipelineRegister_Flush:IDEX_ALUControl_Register|PipelineRegister:PIPE|falling_dffg:\G_nbit_reg:0:MUXI|s_Q
    Info (332115): To Node      : EXMEMRegister:EXMEMRegister_inst|PipelineRegister_Flush:EXMEM_PC_jump_adder_Register|PipelineRegister:PIPE|falling_dffg:\G_nbit_reg:31:MUXI|s_Q
    Info (332115): Launch Clock : iCLK (INVERTED)
    Info (332115): Latch Clock  : iCLK (INVERTED)
    Info (332115): 
    Info (332115): Data Arrival Path:
    Info (332115): 
    Info (332115): Total (ns)  Incr (ns)     Type  Element
    Info (332115): ==========  ========= ==  ====  ===================================
    Info (332115):     10.000     10.000           launch edge time
    Info (332115):     13.188      3.188  F        clock network delay
    Info (332115):     13.420      0.232     uTco  IDEXRegister:IDEXRegister_inst|PipelineRegister_Flush:IDEX_ALUControl_Register|PipelineRegister:PIPE|falling_dffg:\G_nbit_reg:0:MUXI|s_Q
    Info (332115):     13.420      0.000 FF  CELL  IDEXRegister_inst|IDEX_ALUControl_Register|PIPE|\G_nbit_reg:0:MUXI|s_Q|q
    Info (332115):     14.183      0.763 FF    IC  goblinBarrel_inst|mux0|\G_NBit_MUX:14:MUXI|P4|o_F~2|datac
    Info (332115):     14.444      0.261 FR  CELL  goblinBarrel_inst|mux0|\G_NBit_MUX:14:MUXI|P4|o_F~2|combout
    Info (332115):     14.722      0.278 RR    IC  goblinBarrel_inst|mux0|\G_NBit_MUX:14:MUXI|P4|o_F~5|datad
    Info (332115):     14.877      0.155 RR  CELL  goblinBarrel_inst|mux0|\G_NBit_MUX:14:MUXI|P4|o_F~5|combout
    Info (332115):     15.670      0.793 RR    IC  goblinBarrel_inst|mux0|\G_NBit_MUX:15:MUXI|P4|o_F~1|datac
    Info (332115):     15.940      0.270 RF  CELL  goblinBarrel_inst|mux0|\G_NBit_MUX:15:MUXI|P4|o_F~1|combout
    Info (332115):     16.724      0.784 FF    IC  goblinBarrel_inst|mux1|\G_NBit_MUX:13:MUXI|P4|o_F~0|datac
    Info (332115):     17.005      0.281 FF  CELL  goblinBarrel_inst|mux1|\G_NBit_MUX:13:MUXI|P4|o_F~0|combout
    Info (332115):     17.239      0.234 FF    IC  goblinBarrel_inst|mux1|\G_NBit_MUX:13:MUXI|P4|o_F~1|datac
    Info (332115):     17.520      0.281 FF  CELL  goblinBarrel_inst|mux1|\G_NBit_MUX:13:MUXI|P4|o_F~1|combout
    Info (332115):     17.781      0.261 FF    IC  goblinBarrel_inst|mux2|\G_NBit_MUX:17:MUXI|P4|o_F~0|datad
    Info (332115):     17.906      0.125 FF  CELL  goblinBarrel_inst|mux2|\G_NBit_MUX:17:MUXI|P4|o_F~0|combout
    Info (332115):     18.175      0.269 FF    IC  goblinBarrel_inst|mux3|\G_NBit_MUX:17:MUXI|P4|o_F~0|datac
    Info (332115):     18.456      0.281 FF  CELL  goblinBarrel_inst|mux3|\G_NBit_MUX:17:MUXI|P4|o_F~0|combout
    Info (332115):     18.733      0.277 FF    IC  goblinBarrel_inst|mux3|\G_NBit_MUX:17:MUXI|P4|o_F~2|dataa
    Info (332115):     19.157      0.424 FF  CELL  goblinBarrel_inst|mux3|\G_NBit_MUX:17:MUXI|P4|o_F~2|combout
    Info (332115):     19.871      0.714 FF    IC  bitExtend_or_ALU_mux|\G_NBit_MUX:1:MUXI|P4|o_F~0|datac
    Info (332115):     20.152      0.281 FF  CELL  bitExtend_or_ALU_mux|\G_NBit_MUX:1:MUXI|P4|o_F~0|combout
    Info (332115):     20.377      0.225 FF    IC  bitExtend_or_ALU_mux|\G_NBit_MUX:1:MUXI|P4|o_F~1|datad
    Info (332115):     20.502      0.125 FF  CELL  bitExtend_or_ALU_mux|\G_NBit_MUX:1:MUXI|P4|o_F~1|combout
    Info (332115):     20.800      0.298 FF    IC  pc_or_branch_adder|\gen_adder:1:FA|P5|o_F~0|dataa
    Info (332115):     21.224      0.424 FF  CELL  pc_or_branch_adder|\gen_adder:1:FA|P5|o_F~0|combout
    Info (332115):     21.479      0.255 FF    IC  pc_or_branch_adder|\gen_adder:2:FA|P5|o_F~0|datac
    Info (332115):     21.760      0.281 FF  CELL  pc_or_branch_adder|\gen_adder:2:FA|P5|o_F~0|combout
    Info (332115):     22.008      0.248 FF    IC  pc_or_branch_adder|\gen_adder:3:FA|P5|o_F~0|datad
    Info (332115):     22.133      0.125 FF  CELL  pc_or_branch_adder|\gen_adder:3:FA|P5|o_F~0|combout
    Info (332115):     22.824      0.691 FF    IC  pc_or_branch_adder|\gen_adder:4:FA|P5|o_F~0|datad
    Info (332115):     22.949      0.125 FF  CELL  pc_or_branch_adder|\gen_adder:4:FA|P5|o_F~0|combout
    Info (332115):     23.197      0.248 FF    IC  pc_or_branch_adder|\gen_adder:5:FA|P5|o_F~0|datad
    Info (332115):     23.322      0.125 FF  CELL  pc_or_branch_adder|\gen_adder:5:FA|P5|o_F~0|combout
    Info (332115):     23.574      0.252 FF    IC  pc_or_branch_adder|\gen_adder:6:FA|P5|o_F~0|datad
    Info (332115):     23.699      0.125 FF  CELL  pc_or_branch_adder|\gen_adder:6:FA|P5|o_F~0|combout
    Info (332115):     23.948      0.249 FF    IC  pc_or_branch_adder|\gen_adder:7:FA|P5|o_F~0|datad
    Info (332115):     24.073      0.125 FF  CELL  pc_or_branch_adder|\gen_adder:7:FA|P5|o_F~0|combout
    Info (332115):     24.323      0.250 FF    IC  pc_or_branch_adder|\gen_adder:8:FA|P5|o_F~0|datad
    Info (332115):     24.448      0.125 FF  CELL  pc_or_branch_adder|\gen_adder:8:FA|P5|o_F~0|combout
    Info (332115):     24.698      0.250 FF    IC  pc_or_branch_adder|\gen_adder:9:FA|P5|o_F~0|datad
    Info (332115):     24.823      0.125 FF  CELL  pc_or_branch_adder|\gen_adder:9:FA|P5|o_F~0|combout
    Info (332115):     25.079      0.256 FF    IC  pc_or_branch_adder|\gen_adder:10:FA|P5|o_F~0|datac
    Info (332115):     25.360      0.281 FF  CELL  pc_or_branch_adder|\gen_adder:10:FA|P5|o_F~0|combout
    Info (332115):     25.611      0.251 FF    IC  pc_or_branch_adder|\gen_adder:11:FA|P5|o_F~0|datad
    Info (332115):     25.736      0.125 FF  CELL  pc_or_branch_adder|\gen_adder:11:FA|P5|o_F~0|combout
    Info (332115):     25.985      0.249 FF    IC  pc_or_branch_adder|\gen_adder:12:FA|P5|o_F~0|datad
    Info (332115):     26.110      0.125 FF  CELL  pc_or_branch_adder|\gen_adder:12:FA|P5|o_F~0|combout
    Info (332115):     26.360      0.250 FF    IC  pc_or_branch_adder|\gen_adder:13:FA|P5|o_F~0|datad
    Info (332115):     26.485      0.125 FF  CELL  pc_or_branch_adder|\gen_adder:13:FA|P5|o_F~0|combout
    Info (332115):     26.736      0.251 FF    IC  pc_or_branch_adder|\gen_adder:14:FA|P5|o_F~0|datad
    Info (332115):     26.861      0.125 FF  CELL  pc_or_branch_adder|\gen_adder:14:FA|P5|o_F~0|combout
    Info (332115):     27.111      0.250 FF    IC  pc_or_branch_adder|\gen_adder:15:FA|P5|o_F~0|datad
    Info (332115):     27.236      0.125 FF  CELL  pc_or_branch_adder|\gen_adder:15:FA|P5|o_F~0|combout
    Info (332115):     27.614      0.378 FF    IC  pc_or_branch_adder|\gen_adder:16:FA|P5|o_F~0|datad
    Info (332115):     27.739      0.125 FF  CELL  pc_or_branch_adder|\gen_adder:16:FA|P5|o_F~0|combout
    Info (332115):     27.988      0.249 FF    IC  pc_or_branch_adder|\gen_adder:17:FA|P5|o_F~0|datad
    Info (332115):     28.113      0.125 FF  CELL  pc_or_branch_adder|\gen_adder:17:FA|P5|o_F~0|combout
    Info (332115):     28.363      0.250 FF    IC  pc_or_branch_adder|\gen_adder:18:FA|P5|o_F~0|datad
    Info (332115):     28.488      0.125 FF  CELL  pc_or_branch_adder|\gen_adder:18:FA|P5|o_F~0|combout
    Info (332115):     28.743      0.255 FF    IC  pc_or_branch_adder|\gen_adder:19:FA|P5|o_F~0|datac
    Info (332115):     29.024      0.281 FF  CELL  pc_or_branch_adder|\gen_adder:19:FA|P5|o_F~0|combout
    Info (332115):     29.274      0.250 FF    IC  pc_or_branch_adder|\gen_adder:20:FA|P5|o_F~0|datad
    Info (332115):     29.399      0.125 FF  CELL  pc_or_branch_adder|\gen_adder:20:FA|P5|o_F~0|combout
    Info (332115):     29.649      0.250 FF    IC  pc_or_branch_adder|\gen_adder:21:FA|P5|o_F~0|datad
    Info (332115):     29.774      0.125 FF  CELL  pc_or_branch_adder|\gen_adder:21:FA|P5|o_F~0|combout
    Info (332115):     30.025      0.251 FF    IC  pc_or_branch_adder|\gen_adder:22:FA|P5|o_F~0|datad
    Info (332115):     30.150      0.125 FF  CELL  pc_or_branch_adder|\gen_adder:22:FA|P5|o_F~0|combout
    Info (332115):     30.400      0.250 FF    IC  pc_or_branch_adder|\gen_adder:23:FA|P5|o_F~0|datad
    Info (332115):     30.525      0.125 FF  CELL  pc_or_branch_adder|\gen_adder:23:FA|P5|o_F~0|combout
    Info (332115):     30.772      0.247 FF    IC  pc_or_branch_adder|\gen_adder:24:FA|P5|o_F~0|datac
    Info (332115):     31.053      0.281 FF  CELL  pc_or_branch_adder|\gen_adder:24:FA|P5|o_F~0|combout
    Info (332115):     31.303      0.250 FF    IC  pc_or_branch_adder|\gen_adder:25:FA|P5|o_F~0|datad
    Info (332115):     31.428      0.125 FF  CELL  pc_or_branch_adder|\gen_adder:25:FA|P5|o_F~0|combout
    Info (332115):     31.673      0.245 FF    IC  pc_or_branch_adder|\gen_adder:26:FA|P5|o_F~0|datac
    Info (332115):     31.954      0.281 FF  CELL  pc_or_branch_adder|\gen_adder:26:FA|P5|o_F~0|combout
    Info (332115):     32.206      0.252 FF    IC  pc_or_branch_adder|\gen_adder:27:FA|P5|o_F~0|datad
    Info (332115):     32.331      0.125 FF  CELL  pc_or_branch_adder|\gen_adder:27:FA|P5|o_F~0|combout
    Info (332115):     32.579      0.248 FF    IC  pc_or_branch_adder|\gen_adder:28:FA|P5|o_F~0|datad
    Info (332115):     32.704      0.125 FF  CELL  pc_or_branch_adder|\gen_adder:28:FA|P5|o_F~0|combout
    Info (332115):     32.958      0.254 FF    IC  pc_or_branch_adder|\gen_adder:29:FA|P5|o_F~0|datad
    Info (332115):     33.083      0.125 FF  CELL  pc_or_branch_adder|\gen_adder:29:FA|P5|o_F~0|combout
    Info (332115):     33.685      0.602 FF    IC  pc_or_branch_adder|\gen_adder:30:FA|P5|o_F~0|datad
    Info (332115):     33.810      0.125 FF  CELL  pc_or_branch_adder|\gen_adder:30:FA|P5|o_F~0|combout
    Info (332115):     34.037      0.227 FF    IC  pc_or_branch_adder|\gen_adder:31:FA|P4|o_F|datad
    Info (332115):     34.187      0.150 FR  CELL  pc_or_branch_adder|\gen_adder:31:FA|P4|o_F|combout
    Info (332115):     34.187      0.000 RR    IC  EXMEMRegister_inst|EXMEM_PC_jump_adder_Register|PIPE|\G_nbit_reg:31:MUXI|s_Q|d
    Info (332115):     34.274      0.087 RR  CELL  EXMEMRegister:EXMEMRegister_inst|PipelineRegister_Flush:EXMEM_PC_jump_adder_Register|PipelineRegister:PIPE|falling_dffg:\G_nbit_reg:31:MUXI|s_Q
    Info (332115): 
    Info (332115): Data Required Path:
    Info (332115): 
    Info (332115): Total (ns)  Incr (ns)     Type  Element
    Info (332115): ==========  ========= ==  ====  ===================================
    Info (332115):     30.000     30.000           latch edge time
    Info (332115):     33.086      3.086  F        clock network delay
    Info (332115):     33.119      0.033           clock pessimism removed
    Info (332115):     33.099     -0.020           clock uncertainty
    Info (332115):     33.117      0.018     uTsu  EXMEMRegister:EXMEMRegister_inst|PipelineRegister_Flush:EXMEM_PC_jump_adder_Register|PipelineRegister:PIPE|falling_dffg:\G_nbit_reg:31:MUXI|s_Q
    Info (332115): 
    Info (332115): Data Arrival Time  :    34.274
    Info (332115): Data Required Time :    33.117
    Info (332115): Slack              :    -1.157 (VIOLATED)
    Info (332115): ===================================================================
    Info (332115): 
Info (332115): Report Timing: Found 1 hold paths (0 violated).  Worst case slack is 0.350
    Info (332115): -to_clock [get_clocks {iCLK}]
    Info (332115): -hold
    Info (332115): -stdout
Info (332115): Path #1: Hold slack is 0.350 
    Info (332115): ===================================================================
    Info (332115): From Node    : EXMEMRegister:EXMEMRegister_inst|PipelineRegister_Flush:EXMEM_ALUOut_Register|PipelineRegister:PIPE|falling_dffg:\G_nbit_reg:8:MUXI|s_Q
    Info (332115): To Node      : mem:DMem|altsyncram:ram_rtl_0|altsyncram_g8d1:auto_generated|ram_block1a0~portb_address_reg0
    Info (332115): Launch Clock : iCLK (INVERTED)
    Info (332115): Latch Clock  : iCLK (INVERTED)
    Info (332115): 
    Info (332115): Data Arrival Path:
    Info (332115): 
    Info (332115): Total (ns)  Incr (ns)     Type  Element
    Info (332115): ==========  ========= ==  ====  ===================================
    Info (332115):     10.000     10.000           launch edge time
    Info (332115):     13.112      3.112  F        clock network delay
    Info (332115):     13.344      0.232     uTco  EXMEMRegister:EXMEMRegister_inst|PipelineRegister_Flush:EXMEM_ALUOut_Register|PipelineRegister:PIPE|falling_dffg:\G_nbit_reg:8:MUXI|s_Q
    Info (332115):     13.344      0.000 RR  CELL  EXMEMRegister_inst|EXMEM_ALUOut_Register|PIPE|\G_nbit_reg:8:MUXI|s_Q|q
    Info (332115):     14.028      0.684 RR    IC  DMem|ram_rtl_0|auto_generated|ram_block1a0|portbaddr[6]
    Info (332115):     14.096      0.068 RR  CELL  mem:DMem|altsyncram:ram_rtl_0|altsyncram_g8d1:auto_generated|ram_block1a0~portb_address_reg0
    Info (332115): 
    Info (332115): Data Required Path:
    Info (332115): 
    Info (332115): Total (ns)  Incr (ns)     Type  Element
    Info (332115): ==========  ========= ==  ====  ===================================
    Info (332115):     10.000     10.000           latch edge time
    Info (332115):     13.557      3.557  F        clock network delay
    Info (332115):     13.524     -0.033           clock pessimism removed
    Info (332115):     13.524      0.000           clock uncertainty
    Info (332115):     13.746      0.222      uTh  mem:DMem|altsyncram:ram_rtl_0|altsyncram_g8d1:auto_generated|ram_block1a0~portb_address_reg0
    Info (332115): 
    Info (332115): Data Arrival Time  :    14.096
    Info (332115): Data Required Time :    13.746
    Info (332115): Slack              :     0.350 
    Info (332115): ===================================================================
    Info (332115): 
Info: Analyzing Slow 1200mV 0C Model
Info (334003): Started post-fitting delay annotation
Info (334004): Delay annotation completed successfully
Info (332146): Worst-case setup slack is 0.034
    Info (332119):     Slack       End Point TNS Clock 
    Info (332119): ========= =================== =====================
    Info (332119):     0.034               0.000 iCLK 
Info (332146): Worst-case hold slack is 0.354
    Info (332119):     Slack       End Point TNS Clock 
    Info (332119): ========= =================== =====================
    Info (332119):     0.354               0.000 iCLK 
Info (332140): No Recovery paths to report
Info (332140): No Removal paths to report
Info (332146): Worst-case minimum pulse width slack is 9.641
    Info (332119):     Slack       End Point TNS Clock 
    Info (332119): ========= =================== =====================
    Info (332119):     9.641               0.000 iCLK 
Info (332115): Report Timing: Found 1 setup paths (0 violated).  Worst case slack is 0.034
    Info (332115): -to_clock [get_clocks {iCLK}]
    Info (332115): -setup
    Info (332115): -stdout
Info (332115): Path #1: Setup slack is 0.034 
    Info (332115): ===================================================================
    Info (332115): From Node    : PCRegister:PCCounter_inst|pc_dffg:\G_nbit_reg:9:MUXI|s_Q
    Info (332115): To Node      : PipelineRegister_Flush:IFID_S_Inst_Register|PipelineRegister:PIPE|falling_dffg:\G_nbit_reg:19:MUXI|s_Q
    Info (332115): Launch Clock : iCLK
    Info (332115): Latch Clock  : iCLK (INVERTED)
    Info (332115): 
    Info (332115): Data Arrival Path:
    Info (332115): 
    Info (332115): Total (ns)  Incr (ns)     Type  Element
    Info (332115): ==========  ========= ==  ====  ===================================
    Info (332115):      0.000      0.000           launch edge time
    Info (332115):      2.821      2.821  R        clock network delay
    Info (332115):      3.034      0.213     uTco  PCRegister:PCCounter_inst|pc_dffg:\G_nbit_reg:9:MUXI|s_Q
    Info (332115):      3.034      0.000 FF  CELL  PCCounter_inst|\G_nbit_reg:9:MUXI|s_Q|q
    Info (332115):      3.359      0.325 FF    IC  s_IMemAddr[9]~1|datad
    Info (332115):      3.469      0.110 FF  CELL  s_IMemAddr[9]~1|combout
    Info (332115):      5.608      2.139 FF    IC  IMem|ram~40579|datab
    Info (332115):      5.985      0.377 FR  CELL  IMem|ram~40579|combout
    Info (332115):      6.171      0.186 RR    IC  IMem|ram~40580|datad
    Info (332115):      6.315      0.144 RR  CELL  IMem|ram~40580|combout
    Info (332115):      7.167      0.852 RR    IC  IMem|ram~40583|datac
    Info (332115):      7.432      0.265 RR  CELL  IMem|ram~40583|combout
    Info (332115):      8.042      0.610 RR    IC  IMem|ram~40586|datac
    Info (332115):      8.307      0.265 RR  CELL  IMem|ram~40586|combout
    Info (332115):      8.496      0.189 RR    IC  IMem|ram~40597|datad
    Info (332115):      8.640      0.144 RR  CELL  IMem|ram~40597|combout
    Info (332115):      8.858      0.218 RR    IC  IMem|ram~40608|datab
    Info (332115):      9.239      0.381 RR  CELL  IMem|ram~40608|combout
    Info (332115):     11.237      1.998 RR    IC  IMem|ram~40609|datad
    Info (332115):     11.381      0.144 RR  CELL  IMem|ram~40609|combout
    Info (332115):     11.569      0.188 RR    IC  IMem|ram~40652|datad
    Info (332115):     11.713      0.144 RR  CELL  IMem|ram~40652|combout
    Info (332115):     11.902      0.189 RR    IC  IMem|ram~40823|datad
    Info (332115):     12.046      0.144 RR  CELL  IMem|ram~40823|combout
    Info (332115):     12.266      0.220 RR    IC  IMem|ram~40994|datab
    Info (332115):     12.661      0.395 RF  CELL  IMem|ram~40994|combout
    Info (332115):     12.661      0.000 FF    IC  IFID_S_Inst_Register|PIPE|\G_nbit_reg:19:MUXI|s_Q|d
    Info (332115):     12.751      0.090 FF  CELL  PipelineRegister_Flush:IFID_S_Inst_Register|PipelineRegister:PIPE|falling_dffg:\G_nbit_reg:19:MUXI|s_Q
    Info (332115): 
    Info (332115): Data Required Path:
    Info (332115): 
    Info (332115): Total (ns)  Incr (ns)     Type  Element
    Info (332115): ==========  ========= ==  ====  ===================================
    Info (332115):     10.000     10.000           latch edge time
    Info (332115):     12.779      2.779  F        clock network delay
    Info (332115):     12.786      0.007           clock pessimism removed
    Info (332115):     12.766     -0.020           clock uncertainty
    Info (332115):     12.785      0.019     uTsu  PipelineRegister_Flush:IFID_S_Inst_Register|PipelineRegister:PIPE|falling_dffg:\G_nbit_reg:19:MUXI|s_Q
    Info (332115): 
    Info (332115): Data Arrival Time  :    12.751
    Info (332115): Data Required Time :    12.785
    Info (332115): Slack              :     0.034 
    Info (332115): ===================================================================
    Info (332115): 
Info (332115): Report Timing: Found 1 hold paths (0 violated).  Worst case slack is 0.354
    Info (332115): -to_clock [get_clocks {iCLK}]
    Info (332115): -hold
    Info (332115): -stdout
Info (332115): Path #1: Hold slack is 0.354 
    Info (332115): ===================================================================
    Info (332115): From Node    : EXMEMRegister:EXMEMRegister_inst|PipelineRegister_Flush:EXMEM_ALUOut_Register|PipelineRegister:PIPE|falling_dffg:\G_nbit_reg:8:MUXI|s_Q
    Info (332115): To Node      : mem:DMem|altsyncram:ram_rtl_0|altsyncram_g8d1:auto_generated|ram_block1a0~portb_address_reg0
    Info (332115): Launch Clock : iCLK (INVERTED)
    Info (332115): Latch Clock  : iCLK (INVERTED)
    Info (332115): 
    Info (332115): Data Arrival Path:
    Info (332115): 
    Info (332115): Total (ns)  Incr (ns)     Type  Element
    Info (332115): ==========  ========= ==  ====  ===================================
    Info (332115):     10.000     10.000           launch edge time
    Info (332115):     12.811      2.811  F        clock network delay
    Info (332115):     13.024      0.213     uTco  EXMEMRegister:EXMEMRegister_inst|PipelineRegister_Flush:EXMEM_ALUOut_Register|PipelineRegister:PIPE|falling_dffg:\G_nbit_reg:8:MUXI|s_Q
    Info (332115):     13.024      0.000 RR  CELL  EXMEMRegister_inst|EXMEM_ALUOut_Register|PIPE|\G_nbit_reg:8:MUXI|s_Q|q
    Info (332115):     13.668      0.644 RR    IC  DMem|ram_rtl_0|auto_generated|ram_block1a0|portbaddr[6]
    Info (332115):     13.737      0.069 RR  CELL  mem:DMem|altsyncram:ram_rtl_0|altsyncram_g8d1:auto_generated|ram_block1a0~portb_address_reg0
    Info (332115): 
    Info (332115): Data Required Path:
    Info (332115): 
    Info (332115): Total (ns)  Incr (ns)     Type  Element
    Info (332115): ==========  ========= ==  ====  ===================================
    Info (332115):     10.000     10.000           latch edge time
    Info (332115):     13.211      3.211  F        clock network delay
    Info (332115):     13.182     -0.029           clock pessimism removed
    Info (332115):     13.182      0.000           clock uncertainty
    Info (332115):     13.383      0.201      uTh  mem:DMem|altsyncram:ram_rtl_0|altsyncram_g8d1:auto_generated|ram_block1a0~portb_address_reg0
    Info (332115): 
    Info (332115): Data Arrival Time  :    13.737
    Info (332115): Data Required Time :    13.383
    Info (332115): Slack              :     0.354 
    Info (332115): ===================================================================
    Info (332115): 
Info: Analyzing Fast 1200mV 0C Model
Info (332146): Worst-case setup slack is 4.691
    Info (332119):     Slack       End Point TNS Clock 
    Info (332119): ========= =================== =====================
    Info (332119):     4.691               0.000 iCLK 
Info (332146): Worst-case hold slack is 0.149
    Info (332119):     Slack       End Point TNS Clock 
    Info (332119): ========= =================== =====================
    Info (332119):     0.149               0.000 iCLK 
Info (332140): No Recovery paths to report
Info (332140): No Removal paths to report
Info (332146): Worst-case minimum pulse width slack is 9.366
    Info (332119):     Slack       End Point TNS Clock 
    Info (332119): ========= =================== =====================
    Info (332119):     9.366               0.000 iCLK 
Info (332115): Report Timing: Found 1 setup paths (0 violated).  Worst case slack is 4.691
    Info (332115): -to_clock [get_clocks {iCLK}]
    Info (332115): -setup
    Info (332115): -stdout
Info (332115): Path #1: Setup slack is 4.691 
    Info (332115): ===================================================================
    Info (332115): From Node    : PCRegister:PCCounter_inst|pc_dffg:\G_nbit_reg:9:MUXI|s_Q
    Info (332115): To Node      : PipelineRegister_Flush:IFID_S_Inst_Register|PipelineRegister:PIPE|falling_dffg:\G_nbit_reg:19:MUXI|s_Q
    Info (332115): Launch Clock : iCLK
    Info (332115): Latch Clock  : iCLK (INVERTED)
    Info (332115): 
    Info (332115): Data Arrival Path:
    Info (332115): 
    Info (332115): Total (ns)  Incr (ns)     Type  Element
    Info (332115): ==========  ========= ==  ====  ===================================
    Info (332115):      0.000      0.000           launch edge time
    Info (332115):      1.665      1.665  R        clock network delay
    Info (332115):      1.770      0.105     uTco  PCRegister:PCCounter_inst|pc_dffg:\G_nbit_reg:9:MUXI|s_Q
    Info (332115):      1.770      0.000 FF  CELL  PCCounter_inst|\G_nbit_reg:9:MUXI|s_Q|q
    Info (332115):      1.942      0.172 FF    IC  s_IMemAddr[9]~1|datad
    Info (332115):      2.005      0.063 FF  CELL  s_IMemAddr[9]~1|combout
    Info (332115):      3.367      1.362 FF    IC  IMem|ram~40579|datab
    Info (332115):      3.578      0.211 FR  CELL  IMem|ram~40579|combout
    Info (332115):      3.667      0.089 RR    IC  IMem|ram~40580|datad
    Info (332115):      3.733      0.066 RF  CELL  IMem|ram~40580|combout
    Info (332115):      4.206      0.473 FF    IC  IMem|ram~40583|datac
    Info (332115):      4.339      0.133 FF  CELL  IMem|ram~40583|combout
    Info (332115):      4.661      0.322 FF    IC  IMem|ram~40586|datac
    Info (332115):      4.794      0.133 FF  CELL  IMem|ram~40586|combout
    Info (332115):      4.902      0.108 FF    IC  IMem|ram~40597|datad
    Info (332115):      4.965      0.063 FF  CELL  IMem|ram~40597|combout
    Info (332115):      5.097      0.132 FF    IC  IMem|ram~40608|datab
    Info (332115):      5.289      0.192 FF  CELL  IMem|ram~40608|combout
    Info (332115):      6.512      1.223 FF    IC  IMem|ram~40609|datad
    Info (332115):      6.575      0.063 FF  CELL  IMem|ram~40609|combout
    Info (332115):      6.682      0.107 FF    IC  IMem|ram~40652|datad
    Info (332115):      6.745      0.063 FF  CELL  IMem|ram~40652|combout
    Info (332115):      6.853      0.108 FF    IC  IMem|ram~40823|datad
    Info (332115):      6.916      0.063 FF  CELL  IMem|ram~40823|combout
    Info (332115):      7.050      0.134 FF    IC  IMem|ram~40994|datab
    Info (332115):      7.261      0.211 FR  CELL  IMem|ram~40994|combout
    Info (332115):      7.261      0.000 RR    IC  IFID_S_Inst_Register|PIPE|\G_nbit_reg:19:MUXI|s_Q|d
    Info (332115):      7.298      0.037 RR  CELL  PipelineRegister_Flush:IFID_S_Inst_Register|PipelineRegister:PIPE|falling_dffg:\G_nbit_reg:19:MUXI|s_Q
    Info (332115): 
    Info (332115): Data Required Path:
    Info (332115): 
    Info (332115): Total (ns)  Incr (ns)     Type  Element
    Info (332115): ==========  ========= ==  ====  ===================================
    Info (332115):     10.000     10.000           latch edge time
    Info (332115):     11.998      1.998  F        clock network delay
    Info (332115):     12.002      0.004           clock pessimism removed
    Info (332115):     11.982     -0.020           clock uncertainty
    Info (332115):     11.989      0.007     uTsu  PipelineRegister_Flush:IFID_S_Inst_Register|PipelineRegister:PIPE|falling_dffg:\G_nbit_reg:19:MUXI|s_Q
    Info (332115): 
    Info (332115): Data Arrival Time  :     7.298
    Info (332115): Data Required Time :    11.989
    Info (332115): Slack              :     4.691 
    Info (332115): ===================================================================
    Info (332115): 
Info (332115): Report Timing: Found 1 hold paths (0 violated).  Worst case slack is 0.149
    Info (332115): -to_clock [get_clocks {iCLK}]
    Info (332115): -hold
    Info (332115): -stdout
Info (332115): Path #1: Hold slack is 0.149 
    Info (332115): ===================================================================
    Info (332115): From Node    : EXMEMRegister:EXMEMRegister_inst|PipelineRegister_Flush:EXMEM_ALUOut_Register|PipelineRegister:PIPE|falling_dffg:\G_nbit_reg:8:MUXI|s_Q
    Info (332115): To Node      : mem:DMem|altsyncram:ram_rtl_0|altsyncram_g8d1:auto_generated|ram_block1a0~portb_address_reg0
    Info (332115): Launch Clock : iCLK (INVERTED)
    Info (332115): Latch Clock  : iCLK (INVERTED)
    Info (332115): 
    Info (332115): Data Arrival Path:
    Info (332115): 
    Info (332115): Total (ns)  Incr (ns)     Type  Element
    Info (332115): ==========  ========= ==  ====  ===================================
    Info (332115):     10.000     10.000           launch edge time
    Info (332115):     12.017      2.017  F        clock network delay
    Info (332115):     12.122      0.105     uTco  EXMEMRegister:EXMEMRegister_inst|PipelineRegister_Flush:EXMEM_ALUOut_Register|PipelineRegister:PIPE|falling_dffg:\G_nbit_reg:8:MUXI|s_Q
    Info (332115):     12.122      0.000 RR  CELL  EXMEMRegister_inst|EXMEM_ALUOut_Register|PIPE|\G_nbit_reg:8:MUXI|s_Q|q
    Info (332115):     12.435      0.313 RR    IC  DMem|ram_rtl_0|auto_generated|ram_block1a0|portbaddr[6]
    Info (332115):     12.473      0.038 RR  CELL  mem:DMem|altsyncram:ram_rtl_0|altsyncram_g8d1:auto_generated|ram_block1a0~portb_address_reg0
    Info (332115): 
    Info (332115): Data Required Path:
    Info (332115): 
    Info (332115): Total (ns)  Incr (ns)     Type  Element
    Info (332115): ==========  ========= ==  ====  ===================================
    Info (332115):     10.000     10.000           latch edge time
    Info (332115):     12.239      2.239  F        clock network delay
    Info (332115):     12.220     -0.019           clock pessimism removed
    Info (332115):     12.220      0.000           clock uncertainty
    Info (332115):     12.324      0.104      uTh  mem:DMem|altsyncram:ram_rtl_0|altsyncram_g8d1:auto_generated|ram_block1a0~portb_address_reg0
    Info (332115): 
    Info (332115): Data Arrival Time  :    12.473
    Info (332115): Data Required Time :    12.324
    Info (332115): Slack              :     0.149 
    Info (332115): ===================================================================
    Info (332115): 
Info (332102): Design is not fully constrained for setup requirements
Info (332102): Design is not fully constrained for hold requirements
Info: Quartus Prime Timing Analyzer was successful. 0 errors, 2 warnings
    Info: Peak virtual memory: 1303 megabytes
    Info: Processing ended: Tue Dec  9 17:47:11 2025
    Info: Elapsed time: 00:00:14
    Info: Total CPU time (on all processors): 00:00:19


