In clock cycle: 3
Register Write to Reg: 0x02 Val: 0x10011000
In clock cycle: 6
Register Write to Reg: 0x02 Val: 0x10011000
In clock cycle: 7
Register Write to Reg: 0x08 Val: 0x00000000
In clock cycle: 8
Register Write to Reg: 0x01 Val: 0x0040000C
In clock cycle: 11
Register Write to Reg: 0x01 Val: 0x00400018
In clock cycle: 12
Register Write to Reg: 0x00 Val: 0x00400018
In clock cycle: 16
Register Write to Reg: 0x02 Val: 0x10010FD8
In clock cycle: 18
Memory Write to Addr: 0x10010FFC Val: 0x00400018
In clock cycle: 19
Memory Write to Addr: 0x10010FF8 Val: 0x00000000
In clock cycle: 21
Register Write to Reg: 0x08 Val: 0x10010FD8
In clock cycle: 21
Memory Write to Addr: 0x10010FF0 Val: 0x00000000
In clock cycle: 23
Register Write to Reg: 0x00 Val: 0x00400038
In clock cycle: 27
Register Write to Reg: 0x07 Val: 0x00000000
In clock cycle: 30
Register Write to Reg: 0x07 Val: 0x00000001
In clock cycle: 34
Register Write to Reg: 0x00 Val: 0x00400080
In clock cycle: 38
Register Write to Reg: 0x1D Val: 0x00000000
In clock cycle: 39
Register Write to Reg: 0x01 Val: 0x0040003C
In clock cycle: 42
Register Write to Reg: 0x01 Val: 0x00400048
In clock cycle: 43
Register Write to Reg: 0x00 Val: 0x00400048
In clock cycle: 47
Register Write to Reg: 0x02 Val: 0x10010FB8
In clock cycle: 49
Memory Write to Addr: 0x10010FD4 Val: 0x10010FD8
In clock cycle: 51
Register Write to Reg: 0x08 Val: 0x10010FB8
In clock cycle: 53
Memory Write to Addr: 0x10010FD8 Val: 0x00000000
In clock cycle: 55
Register Write to Reg: 0x07 Val: 0x00000001
In clock cycle: 57
Memory Write to Addr: 0x10010FC0 Val: 0x00000001
In clock cycle: 58
Memory Write to Addr: 0x10010FC4 Val: 0x00000000
In clock cycle: 60
Register Write to Reg: 0x00 Val: 0x004003F4
In clock cycle: 64
Register Write to Reg: 0x1C Val: 0x00000000
In clock cycle: 65
Register Write to Reg: 0x07 Val: 0x00000000
In clock cycle: 68
Register Write to Reg: 0x07 Val: 0x00000000
In clock cycle: 75
Register Write to Reg: 0x07 Val: 0x10010420
In clock cycle: 78
Register Write to Reg: 0x07 Val: 0x10010024
In clock cycle: 81
Register Write to Reg: 0x07 Val: 0x00000000
In clock cycle: 83
Memory Write to Addr: 0x10010FC8 Val: 0x00000000
In clock cycle: 85
Register Write to Reg: 0x1C Val: 0x00000000
In clock cycle: 86
Register Write to Reg: 0x07 Val: 0x00000001
In clock cycle: 89
Register Write to Reg: 0x07 Val: 0x00000000
In clock cycle: 92
Register Write to Reg: 0x07 Val: 0x00000000
In clock cycle: 95
Register Write to Reg: 0x07 Val: 0x00000000
In clock cycle: 96
Register Write to Reg: 0x02 Val: 0x10010FB8
In clock cycle: 99
Register Write to Reg: 0x08 Val: 0x10010FD8
In clock cycle: 100
Register Write to Reg: 0x02 Val: 0x10010FD8
In clock cycle: 101
Register Write to Reg: 0x00 Val: 0x00400454
In clock cycle: 105
Register Write to Reg: 0x07 Val: 0x00000001
In clock cycle: 108
Register Write to Reg: 0x07 Val: 0x00000001
In clock cycle: 112
Register Write to Reg: 0x1D Val: 0x00000000
In clock cycle: 113
Register Write to Reg: 0x01 Val: 0x00400058
In clock cycle: 116
Register Write to Reg: 0x01 Val: 0x00400064
In clock cycle: 117
Register Write to Reg: 0x00 Val: 0x00400064
In clock cycle: 121
Register Write to Reg: 0x02 Val: 0x10010FA8
In clock cycle: 123
Memory Write to Addr: 0x10010FD4 Val: 0x00400064
In clock cycle: 124
Memory Write to Addr: 0x10010FD0 Val: 0x10010FD8
In clock cycle: 126
Register Write to Reg: 0x08 Val: 0x10010FA8
In clock cycle: 128
Memory Write to Addr: 0x10010FD8 Val: 0x00000000
In clock cycle: 130
Register Write to Reg: 0x1D Val: 0x00000000
In clock cycle: 131
Register Write to Reg: 0x01 Val: 0x004001A0
In clock cycle: 134
Register Write to Reg: 0x01 Val: 0x004001AC
In clock cycle: 135
Register Write to Reg: 0x00 Val: 0x004001AC
In clock cycle: 139
Register Write to Reg: 0x02 Val: 0x10010F88
In clock cycle: 141
Memory Write to Addr: 0x10010FA4 Val: 0x10010FA8
In clock cycle: 143
Register Write to Reg: 0x08 Val: 0x10010F88
In clock cycle: 145
Memory Write to Addr: 0x10010FA8 Val: 0x00000000
In clock cycle: 147
Register Write to Reg: 0x07 Val: 0x00000001
In clock cycle: 149
Memory Write to Addr: 0x10010F90 Val: 0x00000001
In clock cycle: 150
Memory Write to Addr: 0x10010F94 Val: 0x00000000
In clock cycle: 152
Register Write to Reg: 0x00 Val: 0x00400374
In clock cycle: 156
Register Write to Reg: 0x1C Val: 0x00000000
In clock cycle: 157
Register Write to Reg: 0x07 Val: 0x00000000
In clock cycle: 160
Register Write to Reg: 0x07 Val: 0x00000000
In clock cycle: 167
Register Write to Reg: 0x07 Val: 0x100103A0
In clock cycle: 170
Register Write to Reg: 0x07 Val: 0x10010024
In clock cycle: 172
Memory Write to Addr: 0x10010F98 Val: 0x10010024
In clock cycle: 174
Register Write to Reg: 0x07 Val: 0x10010024
In clock cycle: 177
Register Write to Reg: 0x1C Val: 0x00000000
In clock cycle: 178
Register Write to Reg: 0x07 Val: 0x00000001
In clock cycle: 181
Register Write to Reg: 0x1C Val: 0x00000001
In clock cycle: 182
Register Write to Reg: 0x07 Val: 0x10010024
In clock cycle: 184
Memory Write to Addr: 0x10010024 Val: 0x00000001
In clock cycle: 186
Register Write to Reg: 0x02 Val: 0x10010F88
In clock cycle: 189
Register Write to Reg: 0x08 Val: 0x10010FA8
In clock cycle: 190
Register Write to Reg: 0x02 Val: 0x10010FA8
In clock cycle: 191
Register Write to Reg: 0x00 Val: 0x004003D4
In clock cycle: 195
Register Write to Reg: 0x07 Val: 0x10010FC4
In clock cycle: 196
Register Write to Reg: 0x1E Val: 0x00000000
In clock cycle: 198
Register Write to Reg: 0x1D Val: 0x10010FC4
In clock cycle: 199
Register Write to Reg: 0x01 Val: 0x004001B8
In clock cycle: 202
Register Write to Reg: 0x01 Val: 0x004001C4
In clock cycle: 203
Register Write to Reg: 0x00 Val: 0x004001C4
In clock cycle: 207
Register Write to Reg: 0x02 Val: 0x10010F90
In clock cycle: 209
Memory Write to Addr: 0x10010FA4 Val: 0x10010FA8
In clock cycle: 211
Register Write to Reg: 0x08 Val: 0x10010F90
In clock cycle: 214
Register Write to Reg: 0x1F Val: 0x00000000
In clock cycle: 214
Memory Write to Addr: 0x10010FA8 Val: 0x10010FC4
In clock cycle: 215
Memory Write to Addr: 0x10010FAC Val: 0x00000000
In clock cycle: 217
Register Write to Reg: 0x07 Val: 0x00000000
In clock cycle: 219
Memory Write to Addr: 0x10010F98 Val: 0x00000000
In clock cycle: 220
Memory Write to Addr: 0x10010F9C Val: 0x00000000
In clock cycle: 222
Register Write to Reg: 0x07 Val: 0x10010FC4
In clock cycle: 223
Register Write to Reg: 0x1D Val: 0x00000000
In clock cycle: 224
Register Write to Reg: 0x1C Val: 0x00000000
In clock cycle: 225
Memory Write to Addr: 0x10010FC4 Val: 0x00000000
In clock cycle: 226
Memory Write to Addr: 0x10010FC8 Val: 0x00000000
In clock cycle: 228
Register Write to Reg: 0x07 Val: 0x10010FC4
In clock cycle: 229
Register Write to Reg: 0x02 Val: 0x10010F90
In clock cycle: 232
Register Write to Reg: 0x08 Val: 0x10010FA8
In clock cycle: 233
Register Write to Reg: 0x02 Val: 0x10010FA8
In clock cycle: 234
Register Write to Reg: 0x00 Val: 0x0040022C
In clock cycle: 238
Register Write to Reg: 0x07 Val: 0x10010FC4
In clock cycle: 241
Register Write to Reg: 0x1D Val: 0x10010FC4
In clock cycle: 242
Register Write to Reg: 0x01 Val: 0x004001CC
In clock cycle: 245
Register Write to Reg: 0x01 Val: 0x004001D8
In clock cycle: 246
Register Write to Reg: 0x00 Val: 0x004001D8
In clock cycle: 250
Register Write to Reg: 0x02 Val: 0x10010F88
In clock cycle: 252
Memory Write to Addr: 0x10010FA4 Val: 0x004001D8
In clock cycle: 253
Memory Write to Addr: 0x10010FA0 Val: 0x10010FA8
In clock cycle: 255
Register Write to Reg: 0x08 Val: 0x10010F88
In clock cycle: 257
Memory Write to Addr: 0x10010FA8 Val: 0x10010FC4
In clock cycle: 259
Register Write to Reg: 0x00 Val: 0x00400244
In clock cycle: 263
Register Write to Reg: 0x07 Val: 0x10010FC4
In clock cycle: 266
Register Write to Reg: 0x07 Val: 0x00000000
In clock cycle: 269
Register Write to Reg: 0x07 Val: 0x00000001
In clock cycle: 273
Register Write to Reg: 0x00 Val: 0x004002AC
In clock cycle: 277
Register Write to Reg: 0x07 Val: 0x10010FC4
In clock cycle: 280
Register Write to Reg: 0x1C Val: 0x00000000
In clock cycle: 281
Register Write to Reg: 0x07 Val: 0x10010FC4
In clock cycle: 284
Register Write to Reg: 0x07 Val: 0x00000000
In clock cycle: 287
Register Write to Reg: 0x1E Val: 0x00000000
In clock cycle: 288
Register Write to Reg: 0x1D Val: 0x00000000
In clock cycle: 289
Register Write to Reg: 0x01 Val: 0x0040025C
In clock cycle: 292
Register Write to Reg: 0x01 Val: 0x00400268
In clock cycle: 293
Register Write to Reg: 0x00 Val: 0x00400268
In clock cycle: 297
Register Write to Reg: 0x02 Val: 0x10010F68
In clock cycle: 299
Memory Write to Addr: 0x10010F84 Val: 0x10010F88
In clock cycle: 301
Register Write to Reg: 0x08 Val: 0x10010F68
In clock cycle: 303
Memory Write to Addr: 0x10010F88 Val: 0x00000000
In clock cycle: 304
Memory Write to Addr: 0x10010F8C Val: 0x00000000
In clock cycle: 306
Register Write to Reg: 0x07 Val: 0x100102D8
In clock cycle: 309
Register Write to Reg: 0x07 Val: 0x10010014
In clock cycle: 310
Register Write to Reg: 0x1C Val: 0x00000000
In clock cycle: 313
Register Write to Reg: 0x1C Val: 0x00000000
In clock cycle: 316
Register Write to Reg: 0x07 Val: 0x10010014
In clock cycle: 319
Register Write to Reg: 0x07 Val: 0x00000006
In clock cycle: 321
Memory Write to Addr: 0x10010F78 Val: 0x00000006
In clock cycle: 323
Register Write to Reg: 0x07 Val: 0x00000001
In clock cycle: 325
Memory Write to Addr: 0x10010F70 Val: 0x00000001
In clock cycle: 326
Memory Write to Addr: 0x10010F74 Val: 0x00000000
In clock cycle: 328
Register Write to Reg: 0x00 Val: 0x00400304
In clock cycle: 332
Register Write to Reg: 0x1C Val: 0x00000000
In clock cycle: 333
Register Write to Reg: 0x07 Val: 0x00000000
In clock cycle: 336
Register Write to Reg: 0x07 Val: 0x00000000
In clock cycle: 343
Register Write to Reg: 0x1C Val: 0x00000001
In clock cycle: 344
Register Write to Reg: 0x07 Val: 0x00000006
In clock cycle: 347
Register Write to Reg: 0x07 Val: 0x00000000
In clock cycle: 350
Register Write to Reg: 0x07 Val: 0x00000000
In clock cycle: 353
Register Write to Reg: 0x07 Val: 0x00000000
In clock cycle: 354
Register Write to Reg: 0x02 Val: 0x10010F68
In clock cycle: 357
Register Write to Reg: 0x08 Val: 0x10010F88
In clock cycle: 358
Register Write to Reg: 0x02 Val: 0x10010F88
In clock cycle: 359
Register Write to Reg: 0x00 Val: 0x00400354
In clock cycle: 367
Register Write to Reg: 0x07 Val: 0x10010FC4
In clock cycle: 370
Register Write to Reg: 0x07 Val: 0x00000000
In clock cycle: 373
Register Write to Reg: 0x1C Val: 0x00000001
In clock cycle: 374
Register Write to Reg: 0x07 Val: 0x10010FC4
In clock cycle: 376
Memory Write to Addr: 0x10010FC8 Val: 0x00000001
In clock cycle: 378
Register Write to Reg: 0x07 Val: 0x10010FC4
In clock cycle: 381
Register Write to Reg: 0x07 Val: 0x00000001
In clock cycle: 384
Register Write to Reg: 0x07 Val: 0x00000001
In clock cycle: 388
Register Write to Reg: 0x00 Val: 0x004002AC
In clock cycle: 392
Register Write to Reg: 0x07 Val: 0x10010FC4
In clock cycle: 395
Register Write to Reg: 0x1C Val: 0x00000000
In clock cycle: 396
Register Write to Reg: 0x07 Val: 0x10010FC4
In clock cycle: 399
Register Write to Reg: 0x07 Val: 0x00000001
In clock cycle: 402
Register Write to Reg: 0x1E Val: 0x00000001
In clock cycle: 403
Register Write to Reg: 0x1D Val: 0x00000000
In clock cycle: 404
Register Write to Reg: 0x01 Val: 0x0040025C
In clock cycle: 407
Register Write to Reg: 0x01 Val: 0x00400268
In clock cycle: 408
Register Write to Reg: 0x00 Val: 0x00400268
In clock cycle: 412
Register Write to Reg: 0x02 Val: 0x10010F68
In clock cycle: 414
Memory Write to Addr: 0x10010F84 Val: 0x10010F88
In clock cycle: 416
Register Write to Reg: 0x08 Val: 0x10010F68
In clock cycle: 418
Memory Write to Addr: 0x10010F88 Val: 0x00000000
In clock cycle: 419
Memory Write to Addr: 0x10010F8C Val: 0x00000001
In clock cycle: 421
Register Write to Reg: 0x07 Val: 0x100102D8
In clock cycle: 424
Register Write to Reg: 0x07 Val: 0x10010014
In clock cycle: 425
Register Write to Reg: 0x1C Val: 0x00000000
In clock cycle: 428
Register Write to Reg: 0x1C Val: 0x00000000
In clock cycle: 431
Register Write to Reg: 0x07 Val: 0x10010014
In clock cycle: 434
Register Write to Reg: 0x07 Val: 0x00000006
In clock cycle: 436
Memory Write to Addr: 0x10010F78 Val: 0x00000006
In clock cycle: 438
Register Write to Reg: 0x07 Val: 0x00000001
In clock cycle: 440
Memory Write to Addr: 0x10010F70 Val: 0x00000001
In clock cycle: 441
Memory Write to Addr: 0x10010F74 Val: 0x00000000
In clock cycle: 443
Register Write to Reg: 0x00 Val: 0x00400304
In clock cycle: 447
Register Write to Reg: 0x1C Val: 0x00000000
In clock cycle: 448
Register Write to Reg: 0x07 Val: 0x00000001
In clock cycle: 451
Register Write to Reg: 0x07 Val: 0x00000001
In clock cycle: 455
Register Write to Reg: 0x00 Val: 0x00400330
In clock cycle: 459
Register Write to Reg: 0x07 Val: 0x00000001
In clock cycle: 462
Register Write to Reg: 0x07 Val: 0x00000002
In clock cycle: 464
Memory Write to Addr: 0x10010F70 Val: 0x00000002
In clock cycle: 466
Register Write to Reg: 0x07 Val: 0x00000000
In clock cycle: 469
Register Write to Reg: 0x07 Val: 0x00000001
In clock cycle: 471
Memory Write to Addr: 0x10010F74 Val: 0x00000001
In clock cycle: 473
Register Write to Reg: 0x1C Val: 0x00000001
In clock cycle: 474
Register Write to Reg: 0x07 Val: 0x00000001
In clock cycle: 477
Register Write to Reg: 0x07 Val: 0x00000000
In clock cycle: 484
Register Write to Reg: 0x1C Val: 0x00000002
In clock cycle: 485
Register Write to Reg: 0x07 Val: 0x00000006
In clock cycle: 488
Register Write to Reg: 0x07 Val: 0x00000002
In clock cycle: 491
Register Write to Reg: 0x07 Val: 0x00000001
In clock cycle: 494
Register Write to Reg: 0x07 Val: 0x00000001
In clock cycle: 495
Register Write to Reg: 0x02 Val: 0x10010F68
In clock cycle: 498
Register Write to Reg: 0x08 Val: 0x10010F88
In clock cycle: 499
Register Write to Reg: 0x02 Val: 0x10010F88
In clock cycle: 500
Register Write to Reg: 0x00 Val: 0x00400354
In clock cycle: 505
Register Write to Reg: 0x07 Val: 0x10010FC4
In clock cycle: 508
Register Write to Reg: 0x07 Val: 0x00000001
In clock cycle: 511
Register Write to Reg: 0x1D Val: 0x00000002
In clock cycle: 512
Register Write to Reg: 0x1C Val: 0x10010FC4
In clock cycle: 514
Memory Write to Addr: 0x10010FC8 Val: 0x00000002
In clock cycle: 516
Register Write to Reg: 0x00 Val: 0x00400284
In clock cycle: 520
Register Write to Reg: 0x02 Val: 0x10010F88
In clock cycle: 523
Register Write to Reg: 0x01 Val: 0x004001D8
In clock cycle: 524
Register Write to Reg: 0x08 Val: 0x10010FA8
In clock cycle: 525
Register Write to Reg: 0x02 Val: 0x10010FA8
In clock cycle: 526
Register Write to Reg: 0x00 Val: 0x004002C4
In clock cycle: 529
Memory Write to Addr: 0x10010FC0 Val: 0x00000001
In clock cycle: 531
Register Write to Reg: 0x00 Val: 0x004001E0
In clock cycle: 535
Register Write to Reg: 0x1C Val: 0x00000001
In clock cycle: 536
Register Write to Reg: 0x07 Val: 0xFFFFFFFF
In clock cycle: 540
Register Write to Reg: 0x00 Val: 0x00400110
In clock cycle: 544
Register Write to Reg: 0x1D Val: 0x00000001
In clock cycle: 545
Register Write to Reg: 0x01 Val: 0x004000C0
In clock cycle: 548
Register Write to Reg: 0x01 Val: 0x004000CC
In clock cycle: 549
Register Write to Reg: 0x00 Val: 0x004000CC
In clock cycle: 553
Register Write to Reg: 0x02 Val: 0x10010F88
In clock cycle: 555
Memory Write to Addr: 0x10010FA4 Val: 0x10010FA8
In clock cycle: 557
Register Write to Reg: 0x08 Val: 0x10010F88
In clock cycle: 559
Memory Write to Addr: 0x10010FA8 Val: 0x00000001
In clock cycle: 561
Register Write to Reg: 0x07 Val: 0x00000001
In clock cycle: 563
Memory Write to Addr: 0x10010F90 Val: 0x00000001
In clock cycle: 564
Memory Write to Addr: 0x10010F94 Val: 0x00000000
In clock cycle: 566
Register Write to Reg: 0x00 Val: 0x004003F4
In clock cycle: 570
Register Write to Reg: 0x1C Val: 0x00000000
In clock cycle: 571
Register Write to Reg: 0x07 Val: 0x00000001
In clock cycle: 574
Register Write to Reg: 0x07 Val: 0x00000001
In clock cycle: 578
Register Write to Reg: 0x00 Val: 0x00400420
In clock cycle: 582
Register Write to Reg: 0x07 Val: 0x00000001
In clock cycle: 585
Register Write to Reg: 0x07 Val: 0x00000100
In clock cycle: 587
Memory Write to Addr: 0x10010F90 Val: 0x00000100
In clock cycle: 589
Register Write to Reg: 0x07 Val: 0x00000000
In clock cycle: 592
Register Write to Reg: 0x07 Val: 0x00000001
In clock cycle: 594
Memory Write to Addr: 0x10010F94 Val: 0x00000001
In clock cycle: 596
Register Write to Reg: 0x1C Val: 0x00000001
In clock cycle: 597
Register Write to Reg: 0x07 Val: 0x00000001
In clock cycle: 600
Register Write to Reg: 0x07 Val: 0x00000000
In clock cycle: 607
Register Write to Reg: 0x07 Val: 0x10010420
In clock cycle: 610
Register Write to Reg: 0x07 Val: 0x10010024
In clock cycle: 613
Register Write to Reg: 0x07 Val: 0x00000001
In clock cycle: 615
Memory Write to Addr: 0x10010F98 Val: 0x00000001
In clock cycle: 617
Register Write to Reg: 0x1C Val: 0x00000001
In clock cycle: 618
Register Write to Reg: 0x07 Val: 0x00000100
In clock cycle: 621
Register Write to Reg: 0x07 Val: 0x00000000
In clock cycle: 624
Register Write to Reg: 0x07 Val: 0x00000000
In clock cycle: 627
Register Write to Reg: 0x07 Val: 0x00000000
In clock cycle: 628
Register Write to Reg: 0x02 Val: 0x10010F88
In clock cycle: 631
Register Write to Reg: 0x08 Val: 0x10010FA8
In clock cycle: 632
Register Write to Reg: 0x02 Val: 0x10010FA8
In clock cycle: 633
Register Write to Reg: 0x00 Val: 0x00400454
In clock cycle: 637
Register Write to Reg: 0x07 Val: 0x00000001
In clock cycle: 640
Register Write to Reg: 0x07 Val: 0x00000001
In clock cycle: 644
Register Write to Reg: 0x1D Val: 0x00000001
In clock cycle: 645
Register Write to Reg: 0x01 Val: 0x004000DC
In clock cycle: 648
Register Write to Reg: 0x01 Val: 0x004000E8
In clock cycle: 649
Register Write to Reg: 0x00 Val: 0x004000E8
In clock cycle: 653
Register Write to Reg: 0x02 Val: 0x10010F78
In clock cycle: 655
Memory Write to Addr: 0x10010FA4 Val: 0x004000E8
In clock cycle: 656
Memory Write to Addr: 0x10010FA0 Val: 0x10010FA8
In clock cycle: 658
Register Write to Reg: 0x08 Val: 0x10010F78
In clock cycle: 660
Memory Write to Addr: 0x10010FA8 Val: 0x00000001
In clock cycle: 662
Register Write to Reg: 0x1D Val: 0x00000001
In clock cycle: 663
Register Write to Reg: 0x01 Val: 0x004001A0
In clock cycle: 666
Register Write to Reg: 0x01 Val: 0x004001AC
In clock cycle: 667
Register Write to Reg: 0x00 Val: 0x004001AC
In clock cycle: 671
Register Write to Reg: 0x02 Val: 0x10010F58
In clock cycle: 673
Memory Write to Addr: 0x10010F74 Val: 0x10010F78
In clock cycle: 675
Register Write to Reg: 0x08 Val: 0x10010F58
In clock cycle: 677
Memory Write to Addr: 0x10010F78 Val: 0x00000001
In clock cycle: 679
Register Write to Reg: 0x07 Val: 0x00000001
In clock cycle: 681
Memory Write to Addr: 0x10010F60 Val: 0x00000001
In clock cycle: 682
Memory Write to Addr: 0x10010F64 Val: 0x00000000
In clock cycle: 684
Register Write to Reg: 0x00 Val: 0x00400374
In clock cycle: 688
Register Write to Reg: 0x1C Val: 0x00000000
In clock cycle: 689
Register Write to Reg: 0x07 Val: 0x00000001
In clock cycle: 692
Register Write to Reg: 0x07 Val: 0x00000001
In clock cycle: 696
Register Write to Reg: 0x00 Val: 0x004003A0
In clock cycle: 700
Register Write to Reg: 0x07 Val: 0x00000001
In clock cycle: 703
Register Write to Reg: 0x07 Val: 0x00000100
In clock cycle: 705
Memory Write to Addr: 0x10010F60 Val: 0x00000100
In clock cycle: 707
Register Write to Reg: 0x07 Val: 0x00000000
In clock cycle: 710
Register Write to Reg: 0x07 Val: 0x00000001
In clock cycle: 712
Memory Write to Addr: 0x10010F64 Val: 0x00000001
In clock cycle: 714
Register Write to Reg: 0x1C Val: 0x00000001
In clock cycle: 715
Register Write to Reg: 0x07 Val: 0x00000001
In clock cycle: 718
Register Write to Reg: 0x07 Val: 0x00000000
In clock cycle: 725
Register Write to Reg: 0x07 Val: 0x100103A0
In clock cycle: 728
Register Write to Reg: 0x07 Val: 0x10010024
In clock cycle: 730
Memory Write to Addr: 0x10010F68 Val: 0x10010024
In clock cycle: 732
Register Write to Reg: 0x07 Val: 0x10010024
In clock cycle: 735
Register Write to Reg: 0x1C Val: 0x00000001
In clock cycle: 736
Register Write to Reg: 0x07 Val: 0x00000100
In clock cycle: 739
Register Write to Reg: 0x1C Val: 0x00000101
In clock cycle: 740
Register Write to Reg: 0x07 Val: 0x10010024
In clock cycle: 742
Memory Write to Addr: 0x10010024 Val: 0x00000101
In clock cycle: 744
Register Write to Reg: 0x02 Val: 0x10010F58
In clock cycle: 747
Register Write to Reg: 0x08 Val: 0x10010F78
In clock cycle: 748
Register Write to Reg: 0x02 Val: 0x10010F78
In clock cycle: 749
Register Write to Reg: 0x00 Val: 0x004003D4
In clock cycle: 753
Register Write to Reg: 0x07 Val: 0x10010F94
In clock cycle: 754
Register Write to Reg: 0x1E Val: 0x00000001
In clock cycle: 756
Register Write to Reg: 0x1D Val: 0x10010F94
In clock cycle: 757
Register Write to Reg: 0x01 Val: 0x004001B8
In clock cycle: 760
Register Write to Reg: 0x01 Val: 0x004001C4
In clock cycle: 761
Register Write to Reg: 0x00 Val: 0x004001C4
In clock cycle: 765
Register Write to Reg: 0x02 Val: 0x10010F60
In clock cycle: 767
Memory Write to Addr: 0x10010F74 Val: 0x10010F78
In clock cycle: 769
Register Write to Reg: 0x08 Val: 0x10010F60
In clock cycle: 772
Register Write to Reg: 0x1F Val: 0x00000000
In clock cycle: 772
Memory Write to Addr: 0x10010F78 Val: 0x10010F94
In clock cycle: 773
Memory Write to Addr: 0x10010F7C Val: 0x00000001
In clock cycle: 775
Register Write to Reg: 0x07 Val: 0x00000001
In clock cycle: 777
Memory Write to Addr: 0x10010F68 Val: 0x00000001
In clock cycle: 778
Memory Write to Addr: 0x10010F6C Val: 0x00000000
In clock cycle: 780
Register Write to Reg: 0x07 Val: 0x10010F94
In clock cycle: 781
Register Write to Reg: 0x1D Val: 0x00000001
In clock cycle: 782
Register Write to Reg: 0x1C Val: 0x00000000
In clock cycle: 783
Memory Write to Addr: 0x10010F94 Val: 0x00000001
In clock cycle: 784
Memory Write to Addr: 0x10010F98 Val: 0x00000000
In clock cycle: 786
Register Write to Reg: 0x07 Val: 0x10010F94
In clock cycle: 787
Register Write to Reg: 0x02 Val: 0x10010F60
In clock cycle: 790
Register Write to Reg: 0x08 Val: 0x10010F78
In clock cycle: 791
Register Write to Reg: 0x02 Val: 0x10010F78
In clock cycle: 792
Register Write to Reg: 0x00 Val: 0x0040022C
In clock cycle: 796
Register Write to Reg: 0x07 Val: 0x10010F94
In clock cycle: 799
Register Write to Reg: 0x1D Val: 0x10010F94
In clock cycle: 800
Register Write to Reg: 0x01 Val: 0x004001CC
In clock cycle: 803
Register Write to Reg: 0x01 Val: 0x004001D8
In clock cycle: 804
Register Write to Reg: 0x00 Val: 0x004001D8
In clock cycle: 808
Register Write to Reg: 0x02 Val: 0x10010F58
In clock cycle: 810
Memory Write to Addr: 0x10010F74 Val: 0x004001D8
In clock cycle: 811
Memory Write to Addr: 0x10010F70 Val: 0x10010F78
In clock cycle: 813
Register Write to Reg: 0x08 Val: 0x10010F58
In clock cycle: 815
Memory Write to Addr: 0x10010F78 Val: 0x10010F94
In clock cycle: 817
Register Write to Reg: 0x00 Val: 0x00400244
In clock cycle: 821
Register Write to Reg: 0x07 Val: 0x10010F94
In clock cycle: 824
Register Write to Reg: 0x07 Val: 0x00000000
In clock cycle: 827
Register Write to Reg: 0x07 Val: 0x00000001
In clock cycle: 831
Register Write to Reg: 0x00 Val: 0x004002AC
In clock cycle: 835
Register Write to Reg: 0x07 Val: 0x10010F94
In clock cycle: 838
Register Write to Reg: 0x1C Val: 0x00000001
In clock cycle: 839
Register Write to Reg: 0x07 Val: 0x10010F94
In clock cycle: 842
Register Write to Reg: 0x07 Val: 0x00000000
In clock cycle: 845
Register Write to Reg: 0x1E Val: 0x00000000
In clock cycle: 846
Register Write to Reg: 0x1D Val: 0x00000001
In clock cycle: 847
Register Write to Reg: 0x01 Val: 0x0040025C
In clock cycle: 850
Register Write to Reg: 0x01 Val: 0x00400268
In clock cycle: 851
Register Write to Reg: 0x00 Val: 0x00400268
In clock cycle: 855
Register Write to Reg: 0x02 Val: 0x10010F38
In clock cycle: 857
Memory Write to Addr: 0x10010F54 Val: 0x10010F58
In clock cycle: 859
Register Write to Reg: 0x08 Val: 0x10010F38
In clock cycle: 861
Memory Write to Addr: 0x10010F58 Val: 0x00000001
In clock cycle: 862
Memory Write to Addr: 0x10010F5C Val: 0x00000000
In clock cycle: 864
Register Write to Reg: 0x07 Val: 0x100102D8
In clock cycle: 867
Register Write to Reg: 0x07 Val: 0x10010014
In clock cycle: 868
Register Write to Reg: 0x1C Val: 0x00000001
In clock cycle: 871
Register Write to Reg: 0x1C Val: 0x00000004
In clock cycle: 874
Register Write to Reg: 0x07 Val: 0x10010018
In clock cycle: 877
Register Write to Reg: 0x07 Val: 0x00000000
In clock cycle: 879
Memory Write to Addr: 0x10010F48 Val: 0x00000000
In clock cycle: 881
Register Write to Reg: 0x07 Val: 0x00000001
In clock cycle: 883
Memory Write to Addr: 0x10010F40 Val: 0x00000001
In clock cycle: 884
Memory Write to Addr: 0x10010F44 Val: 0x00000000
In clock cycle: 886
Register Write to Reg: 0x00 Val: 0x00400304
In clock cycle: 890
Register Write to Reg: 0x1C Val: 0x00000000
In clock cycle: 891
Register Write to Reg: 0x07 Val: 0x00000000
In clock cycle: 894
Register Write to Reg: 0x07 Val: 0x00000000
In clock cycle: 901
Register Write to Reg: 0x1C Val: 0x00000001
In clock cycle: 902
Register Write to Reg: 0x07 Val: 0x00000000
In clock cycle: 905
Register Write to Reg: 0x07 Val: 0x00000000
In clock cycle: 908
Register Write to Reg: 0x07 Val: 0x00000000
In clock cycle: 911
Register Write to Reg: 0x07 Val: 0x00000000
In clock cycle: 912
Register Write to Reg: 0x02 Val: 0x10010F38
In clock cycle: 915
Register Write to Reg: 0x08 Val: 0x10010F58
In clock cycle: 916
Register Write to Reg: 0x02 Val: 0x10010F58
In clock cycle: 917
Register Write to Reg: 0x00 Val: 0x00400354
In clock cycle: 925
Register Write to Reg: 0x07 Val: 0x10010F94
In clock cycle: 928
Register Write to Reg: 0x07 Val: 0x00000000
In clock cycle: 931
Register Write to Reg: 0x1C Val: 0x00000001
In clock cycle: 932
Register Write to Reg: 0x07 Val: 0x10010F94
In clock cycle: 934
Memory Write to Addr: 0x10010F98 Val: 0x00000001
In clock cycle: 936
Register Write to Reg: 0x07 Val: 0x10010F94
In clock cycle: 939
Register Write to Reg: 0x07 Val: 0x00000001
In clock cycle: 942
Register Write to Reg: 0x07 Val: 0x00000001
In clock cycle: 946
Register Write to Reg: 0x00 Val: 0x004002AC
In clock cycle: 950
Register Write to Reg: 0x07 Val: 0x10010F94
In clock cycle: 953
Register Write to Reg: 0x1C Val: 0x00000001
In clock cycle: 954
Register Write to Reg: 0x07 Val: 0x10010F94
In clock cycle: 957
Register Write to Reg: 0x07 Val: 0x00000001
In clock cycle: 960
Register Write to Reg: 0x1E Val: 0x00000001
In clock cycle: 961
Register Write to Reg: 0x1D Val: 0x00000001
In clock cycle: 962
Register Write to Reg: 0x01 Val: 0x0040025C
In clock cycle: 965
Register Write to Reg: 0x01 Val: 0x00400268
In clock cycle: 966
Register Write to Reg: 0x00 Val: 0x00400268
In clock cycle: 970
Register Write to Reg: 0x02 Val: 0x10010F38
In clock cycle: 972
Memory Write to Addr: 0x10010F54 Val: 0x10010F58
In clock cycle: 974
Register Write to Reg: 0x08 Val: 0x10010F38
In clock cycle: 976
Memory Write to Addr: 0x10010F58 Val: 0x00000001
In clock cycle: 977
Memory Write to Addr: 0x10010F5C Val: 0x00000001
In clock cycle: 979
Register Write to Reg: 0x07 Val: 0x100102D8
In clock cycle: 982
Register Write to Reg: 0x07 Val: 0x10010014
In clock cycle: 983
Register Write to Reg: 0x1C Val: 0x00000001
In clock cycle: 986
Register Write to Reg: 0x1C Val: 0x00000004
In clock cycle: 989
Register Write to Reg: 0x07 Val: 0x10010018
In clock cycle: 992
Register Write to Reg: 0x07 Val: 0x00000000
In clock cycle: 994
Memory Write to Addr: 0x10010F48 Val: 0x00000000
In clock cycle: 996
Register Write to Reg: 0x07 Val: 0x00000001
In clock cycle: 998
Memory Write to Addr: 0x10010F40 Val: 0x00000001
In clock cycle: 999
Memory Write to Addr: 0x10010F44 Val: 0x00000000
In clock cycle: 1001
Register Write to Reg: 0x00 Val: 0x00400304
In clock cycle: 1005
Register Write to Reg: 0x1C Val: 0x00000000
In clock cycle: 1006
Register Write to Reg: 0x07 Val: 0x00000001
In clock cycle: 1009
Register Write to Reg: 0x07 Val: 0x00000001
In clock cycle: 1013
Register Write to Reg: 0x00 Val: 0x00400330
In clock cycle: 1017
Register Write to Reg: 0x07 Val: 0x00000001
In clock cycle: 1020
Register Write to Reg: 0x07 Val: 0x00000002
In clock cycle: 1022
Memory Write to Addr: 0x10010F40 Val: 0x00000002
In clock cycle: 1024
Register Write to Reg: 0x07 Val: 0x00000000
In clock cycle: 1027
Register Write to Reg: 0x07 Val: 0x00000001
In clock cycle: 1029
Memory Write to Addr: 0x10010F44 Val: 0x00000001
In clock cycle: 1031
Register Write to Reg: 0x1C Val: 0x00000001
In clock cycle: 1032
Register Write to Reg: 0x07 Val: 0x00000001
In clock cycle: 1035
Register Write to Reg: 0x07 Val: 0x00000000
In clock cycle: 1042
Register Write to Reg: 0x1C Val: 0x00000002
In clock cycle: 1043
Register Write to Reg: 0x07 Val: 0x00000000
In clock cycle: 1046
Register Write to Reg: 0x07 Val: 0x00000000
In clock cycle: 1049
Register Write to Reg: 0x07 Val: 0x00000000
In clock cycle: 1052
Register Write to Reg: 0x07 Val: 0x00000000
In clock cycle: 1053
Register Write to Reg: 0x02 Val: 0x10010F38
In clock cycle: 1056
Register Write to Reg: 0x08 Val: 0x10010F58
In clock cycle: 1057
Register Write to Reg: 0x02 Val: 0x10010F58
In clock cycle: 1058
Register Write to Reg: 0x00 Val: 0x00400354
In clock cycle: 1066
Register Write to Reg: 0x07 Val: 0x10010F94
In clock cycle: 1069
Register Write to Reg: 0x07 Val: 0x00000001
In clock cycle: 1072
Register Write to Reg: 0x1C Val: 0x00000002
In clock cycle: 1073
Register Write to Reg: 0x07 Val: 0x10010F94
In clock cycle: 1075
Memory Write to Addr: 0x10010F98 Val: 0x00000002
In clock cycle: 1077
Register Write to Reg: 0x07 Val: 0x10010F94
In clock cycle: 1080
Register Write to Reg: 0x07 Val: 0x00000002
In clock cycle: 1083
Register Write to Reg: 0x07 Val: 0x00000001
In clock cycle: 1087
Register Write to Reg: 0x00 Val: 0x004002AC
In clock cycle: 1091
Register Write to Reg: 0x07 Val: 0x10010F94
In clock cycle: 1094
Register Write to Reg: 0x1C Val: 0x00000001
In clock cycle: 1095
Register Write to Reg: 0x07 Val: 0x10010F94
In clock cycle: 1098
Register Write to Reg: 0x07 Val: 0x00000002
In clock cycle: 1101
Register Write to Reg: 0x1E Val: 0x00000002
In clock cycle: 1102
Register Write to Reg: 0x1D Val: 0x00000001
In clock cycle: 1103
Register Write to Reg: 0x01 Val: 0x0040025C
In clock cycle: 1106
Register Write to Reg: 0x01 Val: 0x00400268
In clock cycle: 1107
Register Write to Reg: 0x00 Val: 0x00400268
In clock cycle: 1111
Register Write to Reg: 0x02 Val: 0x10010F38
In clock cycle: 1113
Memory Write to Addr: 0x10010F54 Val: 0x10010F58
In clock cycle: 1115
Register Write to Reg: 0x08 Val: 0x10010F38
In clock cycle: 1117
Memory Write to Addr: 0x10010F58 Val: 0x00000001
In clock cycle: 1118
Memory Write to Addr: 0x10010F5C Val: 0x00000002
In clock cycle: 1120
Register Write to Reg: 0x07 Val: 0x100102D8
In clock cycle: 1123
Register Write to Reg: 0x07 Val: 0x10010014
In clock cycle: 1124
Register Write to Reg: 0x1C Val: 0x00000001
In clock cycle: 1127
Register Write to Reg: 0x1C Val: 0x00000004
In clock cycle: 1130
Register Write to Reg: 0x07 Val: 0x10010018
In clock cycle: 1133
Register Write to Reg: 0x07 Val: 0x00000000
In clock cycle: 1135
Memory Write to Addr: 0x10010F48 Val: 0x00000000
In clock cycle: 1137
Register Write to Reg: 0x07 Val: 0x00000001
In clock cycle: 1139
Memory Write to Addr: 0x10010F40 Val: 0x00000001
In clock cycle: 1140
Memory Write to Addr: 0x10010F44 Val: 0x00000000
In clock cycle: 1142
Register Write to Reg: 0x00 Val: 0x00400304
In clock cycle: 1146
Register Write to Reg: 0x1C Val: 0x00000000
In clock cycle: 1147
Register Write to Reg: 0x07 Val: 0x00000002
In clock cycle: 1150
Register Write to Reg: 0x07 Val: 0x00000001
In clock cycle: 1154
Register Write to Reg: 0x00 Val: 0x00400330
In clock cycle: 1158
Register Write to Reg: 0x07 Val: 0x00000001
In clock cycle: 1161
Register Write to Reg: 0x07 Val: 0x00000002
In clock cycle: 1163
Memory Write to Addr: 0x10010F40 Val: 0x00000002
In clock cycle: 1165
Register Write to Reg: 0x07 Val: 0x00000000
In clock cycle: 1168
Register Write to Reg: 0x07 Val: 0x00000001
In clock cycle: 1170
Memory Write to Addr: 0x10010F44 Val: 0x00000001
In clock cycle: 1172
Register Write to Reg: 0x1C Val: 0x00000001
In clock cycle: 1173
Register Write to Reg: 0x07 Val: 0x00000002
In clock cycle: 1176
Register Write to Reg: 0x07 Val: 0x00000001
In clock cycle: 1180
Register Write to Reg: 0x00 Val: 0x00400330
In clock cycle: 1184
Register Write to Reg: 0x07 Val: 0x00000002
In clock cycle: 1187
Register Write to Reg: 0x07 Val: 0x00000004
In clock cycle: 1189
Memory Write to Addr: 0x10010F40 Val: 0x00000004
In clock cycle: 1191
Register Write to Reg: 0x07 Val: 0x00000001
In clock cycle: 1194
Register Write to Reg: 0x07 Val: 0x00000002
In clock cycle: 1196
Memory Write to Addr: 0x10010F44 Val: 0x00000002
In clock cycle: 1198
Register Write to Reg: 0x1C Val: 0x00000002
In clock cycle: 1199
Register Write to Reg: 0x07 Val: 0x00000002
In clock cycle: 1202
Register Write to Reg: 0x07 Val: 0x00000000
In clock cycle: 1209
Register Write to Reg: 0x1C Val: 0x00000004
In clock cycle: 1210
Register Write to Reg: 0x07 Val: 0x00000000
In clock cycle: 1213
Register Write to Reg: 0x07 Val: 0x00000000
In clock cycle: 1216
Register Write to Reg: 0x07 Val: 0x00000000
In clock cycle: 1219
Register Write to Reg: 0x07 Val: 0x00000000
In clock cycle: 1220
Register Write to Reg: 0x02 Val: 0x10010F38
In clock cycle: 1223
Register Write to Reg: 0x08 Val: 0x10010F58
In clock cycle: 1224
Register Write to Reg: 0x02 Val: 0x10010F58
In clock cycle: 1225
Register Write to Reg: 0x00 Val: 0x00400354
In clock cycle: 1233
Register Write to Reg: 0x07 Val: 0x10010F94
In clock cycle: 1236
Register Write to Reg: 0x07 Val: 0x00000002
In clock cycle: 1239
Register Write to Reg: 0x1C Val: 0x00000003
In clock cycle: 1240
Register Write to Reg: 0x07 Val: 0x10010F94
In clock cycle: 1242
Memory Write to Addr: 0x10010F98 Val: 0x00000003
In clock cycle: 1244
Register Write to Reg: 0x07 Val: 0x10010F94
In clock cycle: 1247
Register Write to Reg: 0x07 Val: 0x00000003
In clock cycle: 1250
Register Write to Reg: 0x07 Val: 0x00000001
In clock cycle: 1254
Register Write to Reg: 0x00 Val: 0x004002AC
In clock cycle: 1258
Register Write to Reg: 0x07 Val: 0x10010F94
In clock cycle: 1261
Register Write to Reg: 0x1C Val: 0x00000001
In clock cycle: 1262
Register Write to Reg: 0x07 Val: 0x10010F94
In clock cycle: 1265
Register Write to Reg: 0x07 Val: 0x00000003
In clock cycle: 1268
Register Write to Reg: 0x1E Val: 0x00000003
In clock cycle: 1269
Register Write to Reg: 0x1D Val: 0x00000001
In clock cycle: 1270
Register Write to Reg: 0x01 Val: 0x0040025C
In clock cycle: 1273
Register Write to Reg: 0x01 Val: 0x00400268
In clock cycle: 1274
Register Write to Reg: 0x00 Val: 0x00400268
In clock cycle: 1278
Register Write to Reg: 0x02 Val: 0x10010F38
In clock cycle: 1280
Memory Write to Addr: 0x10010F54 Val: 0x10010F58
In clock cycle: 1282
Register Write to Reg: 0x08 Val: 0x10010F38
In clock cycle: 1284
Memory Write to Addr: 0x10010F58 Val: 0x00000001
In clock cycle: 1285
Memory Write to Addr: 0x10010F5C Val: 0x00000003
In clock cycle: 1287
Register Write to Reg: 0x07 Val: 0x100102D8
In clock cycle: 1290
Register Write to Reg: 0x07 Val: 0x10010014
In clock cycle: 1291
Register Write to Reg: 0x1C Val: 0x00000001
In clock cycle: 1294
Register Write to Reg: 0x1C Val: 0x00000004
In clock cycle: 1297
Register Write to Reg: 0x07 Val: 0x10010018
In clock cycle: 1300
Register Write to Reg: 0x07 Val: 0x00000000
In clock cycle: 1302
Memory Write to Addr: 0x10010F48 Val: 0x00000000
In clock cycle: 1304
Register Write to Reg: 0x07 Val: 0x00000001
In clock cycle: 1306
Memory Write to Addr: 0x10010F40 Val: 0x00000001
In clock cycle: 1307
Memory Write to Addr: 0x10010F44 Val: 0x00000000
In clock cycle: 1309
Register Write to Reg: 0x00 Val: 0x00400304
In clock cycle: 1313
Register Write to Reg: 0x1C Val: 0x00000000
In clock cycle: 1314
Register Write to Reg: 0x07 Val: 0x00000003
In clock cycle: 1317
Register Write to Reg: 0x07 Val: 0x00000001
In clock cycle: 1321
Register Write to Reg: 0x00 Val: 0x00400330
In clock cycle: 1325
Register Write to Reg: 0x07 Val: 0x00000001
In clock cycle: 1328
Register Write to Reg: 0x07 Val: 0x00000002
In clock cycle: 1330
Memory Write to Addr: 0x10010F40 Val: 0x00000002
In clock cycle: 1332
Register Write to Reg: 0x07 Val: 0x00000000
In clock cycle: 1335
Register Write to Reg: 0x07 Val: 0x00000001
In clock cycle: 1337
Memory Write to Addr: 0x10010F44 Val: 0x00000001
In clock cycle: 1339
Register Write to Reg: 0x1C Val: 0x00000001
In clock cycle: 1340
Register Write to Reg: 0x07 Val: 0x00000003
In clock cycle: 1343
Register Write to Reg: 0x07 Val: 0x00000001
In clock cycle: 1347
Register Write to Reg: 0x00 Val: 0x00400330
In clock cycle: 1351
Register Write to Reg: 0x07 Val: 0x00000002
In clock cycle: 1354
Register Write to Reg: 0x07 Val: 0x00000004
In clock cycle: 1356
Memory Write to Addr: 0x10010F40 Val: 0x00000004
In clock cycle: 1358
Register Write to Reg: 0x07 Val: 0x00000001
In clock cycle: 1361
Register Write to Reg: 0x07 Val: 0x00000002
In clock cycle: 1363
Memory Write to Addr: 0x10010F44 Val: 0x00000002
In clock cycle: 1365
Register Write to Reg: 0x1C Val: 0x00000002
In clock cycle: 1366
Register Write to Reg: 0x07 Val: 0x00000003
In clock cycle: 1369
Register Write to Reg: 0x07 Val: 0x00000001
In clock cycle: 1373
Register Write to Reg: 0x00 Val: 0x00400330
In clock cycle: 1377
Register Write to Reg: 0x07 Val: 0x00000004
In clock cycle: 1380
Register Write to Reg: 0x07 Val: 0x00000008
In clock cycle: 1382
Memory Write to Addr: 0x10010F40 Val: 0x00000008
In clock cycle: 1384
Register Write to Reg: 0x07 Val: 0x00000002
In clock cycle: 1387
Register Write to Reg: 0x07 Val: 0x00000003
In clock cycle: 1389
Memory Write to Addr: 0x10010F44 Val: 0x00000003
In clock cycle: 1391
Register Write to Reg: 0x1C Val: 0x00000003
In clock cycle: 1392
Register Write to Reg: 0x07 Val: 0x00000003
In clock cycle: 1395
Register Write to Reg: 0x07 Val: 0x00000000
In clock cycle: 1402
Register Write to Reg: 0x1C Val: 0x00000008
In clock cycle: 1403
Register Write to Reg: 0x07 Val: 0x00000000
In clock cycle: 1406
Register Write to Reg: 0x07 Val: 0x00000000
In clock cycle: 1409
Register Write to Reg: 0x07 Val: 0x00000000
In clock cycle: 1412
Register Write to Reg: 0x07 Val: 0x00000000
In clock cycle: 1413
Register Write to Reg: 0x02 Val: 0x10010F38
In clock cycle: 1416
Register Write to Reg: 0x08 Val: 0x10010F58
In clock cycle: 1417
Register Write to Reg: 0x02 Val: 0x10010F58
In clock cycle: 1418
Register Write to Reg: 0x00 Val: 0x00400354
In clock cycle: 1426
Register Write to Reg: 0x07 Val: 0x10010F94
In clock cycle: 1429
Register Write to Reg: 0x07 Val: 0x00000003
In clock cycle: 1432
Register Write to Reg: 0x1C Val: 0x00000004
In clock cycle: 1433
Register Write to Reg: 0x07 Val: 0x10010F94
In clock cycle: 1435
Memory Write to Addr: 0x10010F98 Val: 0x00000004
In clock cycle: 1437
Register Write to Reg: 0x07 Val: 0x10010F94
In clock cycle: 1440
Register Write to Reg: 0x07 Val: 0x00000004
In clock cycle: 1443
Register Write to Reg: 0x07 Val: 0x00000000
In clock cycle: 1450
Register Write to Reg: 0x07 Val: 0xFFFFFFFF
In clock cycle: 1451
Register Write to Reg: 0x02 Val: 0x10010F58
In clock cycle: 1454
Register Write to Reg: 0x01 Val: 0x004001D8
In clock cycle: 1455
Register Write to Reg: 0x08 Val: 0x10010F78
In clock cycle: 1456
Register Write to Reg: 0x02 Val: 0x10010F78
In clock cycle: 1457
Register Write to Reg: 0x00 Val: 0x004002C4
In clock cycle: 1460
Memory Write to Addr: 0x10010F90 Val: 0xFFFFFFFF
In clock cycle: 1462
Register Write to Reg: 0x00 Val: 0x004001E0
In clock cycle: 1466
Register Write to Reg: 0x1C Val: 0xFFFFFFFF
In clock cycle: 1467
Register Write to Reg: 0x07 Val: 0xFFFFFFFF
In clock cycle: 1474
Register Write to Reg: 0x07 Val: 0x10010110
In clock cycle: 1477
Register Write to Reg: 0x07 Val: 0x10010028
In clock cycle: 1480
Register Write to Reg: 0x07 Val: 0x00000003
In clock cycle: 1483
Register Write to Reg: 0x1D Val: 0x00000002
In clock cycle: 1484
Register Write to Reg: 0x1C Val: 0x10010120
In clock cycle: 1487
Register Write to Reg: 0x1C Val: 0x10010028
In clock cycle: 1489
Memory Write to Addr: 0x10010028 Val: 0x00000002
In clock cycle: 1491
Register Write to Reg: 0x1D Val: 0x1001012C
In clock cycle: 1494
Register Write to Reg: 0x1D Val: 0x10010000
In clock cycle: 1495
Register Write to Reg: 0x1C Val: 0x0000000C
In clock cycle: 1498
Register Write to Reg: 0x1C Val: 0x00000006
In clock cycle: 1501
Register Write to Reg: 0x1C Val: 0x00000003
In clock cycle: 1504
Register Write to Reg: 0x1C Val: 0x0000000C
In clock cycle: 1505
Register Write to Reg: 0x1F Val: 0x004001DB
In clock cycle: 1506
Register Write to Reg: 0x1F Val: 0x004001DB
In clock cycle: 1509
Register Write to Reg: 0x1F Val: 0xFFBFFE25
In clock cycle: 1510
Register Write to Reg: 0x07 Val: 0x10010150
In clock cycle: 1513
Register Write to Reg: 0x07 Val: 0x10010000
In clock cycle: 1514
Register Write to Reg: 0x0B Val: 0x00010000
In clock cycle: 1517
Register Write to Reg: 0x0B Val: 0x0000FFFF
In clock cycle: 1520
Register Write to Reg: 0x1F Val: 0x00000000
In clock cycle: 1523
Register Write to Reg: 0x07 Val: 0x10010000
In clock cycle: 1526
Register Write to Reg: 0x07 Val: 0x1001000C
In clock cycle: 1527
Register Write to Reg: 0x1C Val: 0x00000001
In clock cycle: 1529
Memory Write to Addr: 0x1001000C Val: 0x00000001
In clock cycle: 1531
Register Write to Reg: 0x02 Val: 0x10010F78
In clock cycle: 1534
Register Write to Reg: 0x01 Val: 0x004000E8
In clock cycle: 1535
Register Write to Reg: 0x08 Val: 0x10010FA8
In clock cycle: 1536
Register Write to Reg: 0x02 Val: 0x10010FA8
In clock cycle: 1537
Register Write to Reg: 0x00 Val: 0x00400188
In clock cycle: 1541
Register Write to Reg: 0x07 Val: 0x10010FC4
In clock cycle: 1544
Register Write to Reg: 0x1D Val: 0x10010FC4
In clock cycle: 1545
Register Write to Reg: 0x01 Val: 0x004000F0
In clock cycle: 1548
Register Write to Reg: 0x01 Val: 0x004000FC
In clock cycle: 1549
Register Write to Reg: 0x00 Val: 0x004000FC
In clock cycle: 1553
Register Write to Reg: 0x02 Val: 0x10010F88
In clock cycle: 1555
Memory Write to Addr: 0x10010FA4 Val: 0x004000FC
In clock cycle: 1556
Memory Write to Addr: 0x10010FA0 Val: 0x10010FA8
In clock cycle: 1558
Register Write to Reg: 0x08 Val: 0x10010F88
In clock cycle: 1560
Memory Write to Addr: 0x10010FA8 Val: 0x10010FC4
In clock cycle: 1562
Register Write to Reg: 0x00 Val: 0x00400244
In clock cycle: 1566
Register Write to Reg: 0x07 Val: 0x10010FC4
In clock cycle: 1569
Register Write to Reg: 0x07 Val: 0x00000002
In clock cycle: 1572
Register Write to Reg: 0x07 Val: 0x00000001
In clock cycle: 1576
Register Write to Reg: 0x00 Val: 0x004002AC
In clock cycle: 1580
Register Write to Reg: 0x07 Val: 0x10010FC4
In clock cycle: 1583
Register Write to Reg: 0x1C Val: 0x00000000
In clock cycle: 1584
Register Write to Reg: 0x07 Val: 0x10010FC4
In clock cycle: 1587
Register Write to Reg: 0x07 Val: 0x00000002
In clock cycle: 1590
Register Write to Reg: 0x1E Val: 0x00000002
In clock cycle: 1591
Register Write to Reg: 0x1D Val: 0x00000000
In clock cycle: 1592
Register Write to Reg: 0x01 Val: 0x0040025C
In clock cycle: 1595
Register Write to Reg: 0x01 Val: 0x00400268
In clock cycle: 1596
Register Write to Reg: 0x00 Val: 0x00400268
In clock cycle: 1600
Register Write to Reg: 0x02 Val: 0x10010F68
In clock cycle: 1602
Memory Write to Addr: 0x10010F84 Val: 0x10010F88
In clock cycle: 1604
Register Write to Reg: 0x08 Val: 0x10010F68
In clock cycle: 1606
Memory Write to Addr: 0x10010F88 Val: 0x00000000
In clock cycle: 1607
Memory Write to Addr: 0x10010F8C Val: 0x00000002
In clock cycle: 1609
Register Write to Reg: 0x07 Val: 0x100102D8
In clock cycle: 1612
Register Write to Reg: 0x07 Val: 0x10010014
In clock cycle: 1613
Register Write to Reg: 0x1C Val: 0x00000000
In clock cycle: 1616
Register Write to Reg: 0x1C Val: 0x00000000
In clock cycle: 1619
Register Write to Reg: 0x07 Val: 0x10010014
In clock cycle: 1622
Register Write to Reg: 0x07 Val: 0x00000006
In clock cycle: 1624
Memory Write to Addr: 0x10010F78 Val: 0x00000006
In clock cycle: 1626
Register Write to Reg: 0x07 Val: 0x00000001
In clock cycle: 1628
Memory Write to Addr: 0x10010F70 Val: 0x00000001
In clock cycle: 1629
Memory Write to Addr: 0x10010F74 Val: 0x00000000
In clock cycle: 1631
Register Write to Reg: 0x00 Val: 0x00400304
In clock cycle: 1635
Register Write to Reg: 0x1C Val: 0x00000000
In clock cycle: 1636
Register Write to Reg: 0x07 Val: 0x00000002
In clock cycle: 1639
Register Write to Reg: 0x07 Val: 0x00000001
In clock cycle: 1643
Register Write to Reg: 0x00 Val: 0x00400330
In clock cycle: 1647
Register Write to Reg: 0x07 Val: 0x00000001
In clock cycle: 1650
Register Write to Reg: 0x07 Val: 0x00000002
In clock cycle: 1652
Memory Write to Addr: 0x10010F70 Val: 0x00000002
In clock cycle: 1654
Register Write to Reg: 0x07 Val: 0x00000000
In clock cycle: 1657
Register Write to Reg: 0x07 Val: 0x00000001
In clock cycle: 1659
Memory Write to Addr: 0x10010F74 Val: 0x00000001
In clock cycle: 1661
Register Write to Reg: 0x1C Val: 0x00000001
In clock cycle: 1662
Register Write to Reg: 0x07 Val: 0x00000002
In clock cycle: 1665
Register Write to Reg: 0x07 Val: 0x00000001
In clock cycle: 1669
Register Write to Reg: 0x00 Val: 0x00400330
In clock cycle: 1673
Register Write to Reg: 0x07 Val: 0x00000002
In clock cycle: 1676
Register Write to Reg: 0x07 Val: 0x00000004
In clock cycle: 1678
Memory Write to Addr: 0x10010F70 Val: 0x00000004
In clock cycle: 1680
Register Write to Reg: 0x07 Val: 0x00000001
In clock cycle: 1683
Register Write to Reg: 0x07 Val: 0x00000002
In clock cycle: 1685
Memory Write to Addr: 0x10010F74 Val: 0x00000002
In clock cycle: 1687
Register Write to Reg: 0x1C Val: 0x00000002
In clock cycle: 1688
Register Write to Reg: 0x07 Val: 0x00000002
In clock cycle: 1691
Register Write to Reg: 0x07 Val: 0x00000000
In clock cycle: 1698
Register Write to Reg: 0x1C Val: 0x00000004
In clock cycle: 1699
Register Write to Reg: 0x07 Val: 0x00000006
In clock cycle: 1702
Register Write to Reg: 0x07 Val: 0x00000004
In clock cycle: 1705
Register Write to Reg: 0x07 Val: 0x00000001
In clock cycle: 1708
Register Write to Reg: 0x07 Val: 0x00000001
In clock cycle: 1709
Register Write to Reg: 0x02 Val: 0x10010F68
In clock cycle: 1712
Register Write to Reg: 0x08 Val: 0x10010F88
In clock cycle: 1713
Register Write to Reg: 0x02 Val: 0x10010F88
In clock cycle: 1714
Register Write to Reg: 0x00 Val: 0x00400354
In clock cycle: 1719
Register Write to Reg: 0x07 Val: 0x10010FC4
In clock cycle: 1722
Register Write to Reg: 0x07 Val: 0x00000002
In clock cycle: 1725
Register Write to Reg: 0x1D Val: 0x00000003
In clock cycle: 1726
Register Write to Reg: 0x1C Val: 0x10010FC4
In clock cycle: 1728
Memory Write to Addr: 0x10010FC8 Val: 0x00000003
In clock cycle: 1730
Register Write to Reg: 0x00 Val: 0x00400284
In clock cycle: 1734
Register Write to Reg: 0x02 Val: 0x10010F88
In clock cycle: 1737
Register Write to Reg: 0x01 Val: 0x004000FC
In clock cycle: 1738
Register Write to Reg: 0x08 Val: 0x10010FA8
In clock cycle: 1739
Register Write to Reg: 0x02 Val: 0x10010FA8
In clock cycle: 1740
Register Write to Reg: 0x00 Val: 0x004002C4
In clock cycle: 1743
Memory Write to Addr: 0x10010FC0 Val: 0x00000002
In clock cycle: 1745
Register Write to Reg: 0x1C Val: 0x00000002
In clock cycle: 1746
Register Write to Reg: 0x07 Val: 0xFFFFFFFF
In clock cycle: 1750
Register Write to Reg: 0x00 Val: 0x00400110
In clock cycle: 1754
Register Write to Reg: 0x1D Val: 0x00000002
In clock cycle: 1755
Register Write to Reg: 0x01 Val: 0x004000C0
In clock cycle: 1758
Register Write to Reg: 0x01 Val: 0x004000CC
In clock cycle: 1759
Register Write to Reg: 0x00 Val: 0x004000CC
In clock cycle: 1763
Register Write to Reg: 0x02 Val: 0x10010F88
In clock cycle: 1765
Memory Write to Addr: 0x10010FA4 Val: 0x10010FA8
In clock cycle: 1767
Register Write to Reg: 0x08 Val: 0x10010F88
In clock cycle: 1769
Memory Write to Addr: 0x10010FA8 Val: 0x00000002
In clock cycle: 1771
Register Write to Reg: 0x07 Val: 0x00000001
In clock cycle: 1773
Memory Write to Addr: 0x10010F90 Val: 0x00000001
In clock cycle: 1774
Memory Write to Addr: 0x10010F94 Val: 0x00000000
In clock cycle: 1776
Register Write to Reg: 0x00 Val: 0x004003F4
In clock cycle: 1780
Register Write to Reg: 0x1C Val: 0x00000000
In clock cycle: 1781
Register Write to Reg: 0x07 Val: 0x00000002
In clock cycle: 1784
Register Write to Reg: 0x07 Val: 0x00000001
In clock cycle: 1788
Register Write to Reg: 0x00 Val: 0x00400420
In clock cycle: 1792
Register Write to Reg: 0x07 Val: 0x00000001
In clock cycle: 1795
Register Write to Reg: 0x07 Val: 0x00000100
In clock cycle: 1797
Memory Write to Addr: 0x10010F90 Val: 0x00000100
In clock cycle: 1799
Register Write to Reg: 0x07 Val: 0x00000000
In clock cycle: 1802
Register Write to Reg: 0x07 Val: 0x00000001
In clock cycle: 1804
Memory Write to Addr: 0x10010F94 Val: 0x00000001
In clock cycle: 1806
Register Write to Reg: 0x1C Val: 0x00000001
In clock cycle: 1807
Register Write to Reg: 0x07 Val: 0x00000002
In clock cycle: 1810
Register Write to Reg: 0x07 Val: 0x00000001
In clock cycle: 1814
Register Write to Reg: 0x00 Val: 0x00400420
In clock cycle: 1818
Register Write to Reg: 0x07 Val: 0x00000100
In clock cycle: 1821
Register Write to Reg: 0x07 Val: 0x00010000
In clock cycle: 1823
Memory Write to Addr: 0x10010F90 Val: 0x00010000
In clock cycle: 1825
Register Write to Reg: 0x07 Val: 0x00000001
In clock cycle: 1828
Register Write to Reg: 0x07 Val: 0x00000002
In clock cycle: 1830
Memory Write to Addr: 0x10010F94 Val: 0x00000002
In clock cycle: 1832
Register Write to Reg: 0x1C Val: 0x00000002
In clock cycle: 1833
Register Write to Reg: 0x07 Val: 0x00000002
In clock cycle: 1836
Register Write to Reg: 0x07 Val: 0x00000000
In clock cycle: 1843
Register Write to Reg: 0x07 Val: 0x10010420
In clock cycle: 1846
Register Write to Reg: 0x07 Val: 0x10010024
In clock cycle: 1849
Register Write to Reg: 0x07 Val: 0x00000101
In clock cycle: 1851
Memory Write to Addr: 0x10010F98 Val: 0x00000101
In clock cycle: 1853
Register Write to Reg: 0x1C Val: 0x00000101
In clock cycle: 1854
Register Write to Reg: 0x07 Val: 0x00010000
In clock cycle: 1857
Register Write to Reg: 0x07 Val: 0x00000000
In clock cycle: 1860
Register Write to Reg: 0x07 Val: 0x00000000
In clock cycle: 1863
Register Write to Reg: 0x07 Val: 0x00000000
In clock cycle: 1864
Register Write to Reg: 0x02 Val: 0x10010F88
In clock cycle: 1867
Register Write to Reg: 0x08 Val: 0x10010FA8
In clock cycle: 1868
Register Write to Reg: 0x02 Val: 0x10010FA8
In clock cycle: 1869
Register Write to Reg: 0x00 Val: 0x00400454
In clock cycle: 1873
Register Write to Reg: 0x07 Val: 0x00000001
In clock cycle: 1876
Register Write to Reg: 0x07 Val: 0x00000001
In clock cycle: 1880
Register Write to Reg: 0x1D Val: 0x00000002
In clock cycle: 1881
Register Write to Reg: 0x01 Val: 0x004000DC
In clock cycle: 1884
Register Write to Reg: 0x01 Val: 0x004000E8
In clock cycle: 1885
Register Write to Reg: 0x00 Val: 0x004000E8
In clock cycle: 1889
Register Write to Reg: 0x02 Val: 0x10010F78
In clock cycle: 1891
Memory Write to Addr: 0x10010FA4 Val: 0x004000E8
In clock cycle: 1892
Memory Write to Addr: 0x10010FA0 Val: 0x10010FA8
In clock cycle: 1894
Register Write to Reg: 0x08 Val: 0x10010F78
In clock cycle: 1896
Memory Write to Addr: 0x10010FA8 Val: 0x00000002
In clock cycle: 1898
Register Write to Reg: 0x1D Val: 0x00000002
In clock cycle: 1899
Register Write to Reg: 0x01 Val: 0x004001A0
In clock cycle: 1902
Register Write to Reg: 0x01 Val: 0x004001AC
In clock cycle: 1903
Register Write to Reg: 0x00 Val: 0x004001AC
In clock cycle: 1907
Register Write to Reg: 0x02 Val: 0x10010F58
In clock cycle: 1909
Memory Write to Addr: 0x10010F74 Val: 0x10010F78
In clock cycle: 1911
Register Write to Reg: 0x08 Val: 0x10010F58
In clock cycle: 1913
Memory Write to Addr: 0x10010F78 Val: 0x00000002
In clock cycle: 1915
Register Write to Reg: 0x07 Val: 0x00000001
In clock cycle: 1917
Memory Write to Addr: 0x10010F60 Val: 0x00000001
In clock cycle: 1918
Memory Write to Addr: 0x10010F64 Val: 0x00000000
In clock cycle: 1920
Register Write to Reg: 0x00 Val: 0x00400374
In clock cycle: 1924
Register Write to Reg: 0x1C Val: 0x00000000
In clock cycle: 1925
Register Write to Reg: 0x07 Val: 0x00000002
In clock cycle: 1928
Register Write to Reg: 0x07 Val: 0x00000001
In clock cycle: 1932
Register Write to Reg: 0x00 Val: 0x004003A0
In clock cycle: 1936
Register Write to Reg: 0x07 Val: 0x00000001
In clock cycle: 1939
Register Write to Reg: 0x07 Val: 0x00000100
In clock cycle: 1941
Memory Write to Addr: 0x10010F60 Val: 0x00000100
In clock cycle: 1943
Register Write to Reg: 0x07 Val: 0x00000000
In clock cycle: 1946
Register Write to Reg: 0x07 Val: 0x00000001
In clock cycle: 1948
Memory Write to Addr: 0x10010F64 Val: 0x00000001
In clock cycle: 1950
Register Write to Reg: 0x1C Val: 0x00000001
In clock cycle: 1951
Register Write to Reg: 0x07 Val: 0x00000002
In clock cycle: 1954
Register Write to Reg: 0x07 Val: 0x00000001
In clock cycle: 1958
Register Write to Reg: 0x00 Val: 0x004003A0
In clock cycle: 1962
Register Write to Reg: 0x07 Val: 0x00000100
In clock cycle: 1965
Register Write to Reg: 0x07 Val: 0x00010000
In clock cycle: 1967
Memory Write to Addr: 0x10010F60 Val: 0x00010000
In clock cycle: 1969
Register Write to Reg: 0x07 Val: 0x00000001
In clock cycle: 1972
Register Write to Reg: 0x07 Val: 0x00000002
In clock cycle: 1974
Memory Write to Addr: 0x10010F64 Val: 0x00000002
In clock cycle: 1976
Register Write to Reg: 0x1C Val: 0x00000002
In clock cycle: 1977
Register Write to Reg: 0x07 Val: 0x00000002
In clock cycle: 1980
Register Write to Reg: 0x07 Val: 0x00000000
In clock cycle: 1987
Register Write to Reg: 0x07 Val: 0x100103A0
In clock cycle: 1990
Register Write to Reg: 0x07 Val: 0x10010024
In clock cycle: 1992
Memory Write to Addr: 0x10010F68 Val: 0x10010024
In clock cycle: 1994
Register Write to Reg: 0x07 Val: 0x10010024
In clock cycle: 1997
Register Write to Reg: 0x1C Val: 0x00000101
In clock cycle: 1998
Register Write to Reg: 0x07 Val: 0x00010000
In clock cycle: 2001
Register Write to Reg: 0x1C Val: 0x00010101
In clock cycle: 2002
Register Write to Reg: 0x07 Val: 0x10010024
In clock cycle: 2004
Memory Write to Addr: 0x10010024 Val: 0x00010101
In clock cycle: 2006
Register Write to Reg: 0x02 Val: 0x10010F58
In clock cycle: 2009
Register Write to Reg: 0x08 Val: 0x10010F78
In clock cycle: 2010
Register Write to Reg: 0x02 Val: 0x10010F78
In clock cycle: 2011
Register Write to Reg: 0x00 Val: 0x004003D4
In clock cycle: 2015
Register Write to Reg: 0x07 Val: 0x10010F94
In clock cycle: 2016
Register Write to Reg: 0x1E Val: 0x00000002
In clock cycle: 2018
Register Write to Reg: 0x1D Val: 0x10010F94
In clock cycle: 2019
Register Write to Reg: 0x01 Val: 0x004001B8
In clock cycle: 2022
Register Write to Reg: 0x01 Val: 0x004001C4
In clock cycle: 2023
Register Write to Reg: 0x00 Val: 0x004001C4
In clock cycle: 2027
Register Write to Reg: 0x02 Val: 0x10010F60
In clock cycle: 2029
Memory Write to Addr: 0x10010F74 Val: 0x10010F78
In clock cycle: 2031
Register Write to Reg: 0x08 Val: 0x10010F60
In clock cycle: 2034
Register Write to Reg: 0x1F Val: 0x00000000
In clock cycle: 2034
Memory Write to Addr: 0x10010F78 Val: 0x10010F94
In clock cycle: 2035
Memory Write to Addr: 0x10010F7C Val: 0x00000002
In clock cycle: 2037
Register Write to Reg: 0x07 Val: 0x00000002
In clock cycle: 2039
Memory Write to Addr: 0x10010F68 Val: 0x00000002
In clock cycle: 2040
Memory Write to Addr: 0x10010F6C Val: 0x00000000
In clock cycle: 2042
Register Write to Reg: 0x07 Val: 0x10010F94
In clock cycle: 2043
Register Write to Reg: 0x1D Val: 0x00000002
In clock cycle: 2044
Register Write to Reg: 0x1C Val: 0x00000000
In clock cycle: 2045
Memory Write to Addr: 0x10010F94 Val: 0x00000002
In clock cycle: 2046
Memory Write to Addr: 0x10010F98 Val: 0x00000000
In clock cycle: 2048
Register Write to Reg: 0x07 Val: 0x10010F94
In clock cycle: 2049
Register Write to Reg: 0x02 Val: 0x10010F60
In clock cycle: 2052
Register Write to Reg: 0x08 Val: 0x10010F78
In clock cycle: 2053
Register Write to Reg: 0x02 Val: 0x10010F78
In clock cycle: 2054
Register Write to Reg: 0x00 Val: 0x0040022C
In clock cycle: 2058
Register Write to Reg: 0x07 Val: 0x10010F94
In clock cycle: 2061
Register Write to Reg: 0x1D Val: 0x10010F94
In clock cycle: 2062
Register Write to Reg: 0x01 Val: 0x004001CC
In clock cycle: 2065
Register Write to Reg: 0x01 Val: 0x004001D8
In clock cycle: 2066
Register Write to Reg: 0x00 Val: 0x004001D8
In clock cycle: 2070
Register Write to Reg: 0x02 Val: 0x10010F58
In clock cycle: 2072
Memory Write to Addr: 0x10010F74 Val: 0x004001D8
In clock cycle: 2073
Memory Write to Addr: 0x10010F70 Val: 0x10010F78
In clock cycle: 2075
Register Write to Reg: 0x08 Val: 0x10010F58
In clock cycle: 2077
Memory Write to Addr: 0x10010F78 Val: 0x10010F94
In clock cycle: 2079
Register Write to Reg: 0x00 Val: 0x00400244
In clock cycle: 2083
Register Write to Reg: 0x07 Val: 0x10010F94
In clock cycle: 2086
Register Write to Reg: 0x07 Val: 0x00000000
In clock cycle: 2089
Register Write to Reg: 0x07 Val: 0x00000001
In clock cycle: 2093
Register Write to Reg: 0x00 Val: 0x004002AC
In clock cycle: 2097
Register Write to Reg: 0x07 Val: 0x10010F94
In clock cycle: 2100
Register Write to Reg: 0x1C Val: 0x00000002
In clock cycle: 2101
Register Write to Reg: 0x07 Val: 0x10010F94
In clock cycle: 2104
Register Write to Reg: 0x07 Val: 0x00000000
In clock cycle: 2107
Register Write to Reg: 0x1E Val: 0x00000000
In clock cycle: 2108
Register Write to Reg: 0x1D Val: 0x00000002
In clock cycle: 2109
Register Write to Reg: 0x01 Val: 0x0040025C
In clock cycle: 2112
Register Write to Reg: 0x01 Val: 0x00400268
In clock cycle: 2113
Register Write to Reg: 0x00 Val: 0x00400268
In clock cycle: 2117
Register Write to Reg: 0x02 Val: 0x10010F38
In clock cycle: 2119
Memory Write to Addr: 0x10010F54 Val: 0x10010F58
In clock cycle: 2121
Register Write to Reg: 0x08 Val: 0x10010F38
In clock cycle: 2123
Memory Write to Addr: 0x10010F58 Val: 0x00000002
In clock cycle: 2124
Memory Write to Addr: 0x10010F5C Val: 0x00000000
In clock cycle: 2126
Register Write to Reg: 0x07 Val: 0x100102D8
In clock cycle: 2129
Register Write to Reg: 0x07 Val: 0x10010014
In clock cycle: 2130
Register Write to Reg: 0x1C Val: 0x00000002
In clock cycle: 2133
Register Write to Reg: 0x1C Val: 0x00000008
In clock cycle: 2136
Register Write to Reg: 0x07 Val: 0x1001001C
In clock cycle: 2139
Register Write to Reg: 0x07 Val: 0x00000000
In clock cycle: 2141
Memory Write to Addr: 0x10010F48 Val: 0x00000000
In clock cycle: 2143
Register Write to Reg: 0x07 Val: 0x00000001
In clock cycle: 2145
Memory Write to Addr: 0x10010F40 Val: 0x00000001
In clock cycle: 2146
Memory Write to Addr: 0x10010F44 Val: 0x00000000
In clock cycle: 2148
Register Write to Reg: 0x00 Val: 0x00400304
In clock cycle: 2152
Register Write to Reg: 0x1C Val: 0x00000000
In clock cycle: 2153
Register Write to Reg: 0x07 Val: 0x00000000
In clock cycle: 2156
Register Write to Reg: 0x07 Val: 0x00000000
In clock cycle: 2163
Register Write to Reg: 0x1C Val: 0x00000001
In clock cycle: 2164
Register Write to Reg: 0x07 Val: 0x00000000
In clock cycle: 2167
Register Write to Reg: 0x07 Val: 0x00000000
In clock cycle: 2170
Register Write to Reg: 0x07 Val: 0x00000000
In clock cycle: 2173
Register Write to Reg: 0x07 Val: 0x00000000
In clock cycle: 2174
Register Write to Reg: 0x02 Val: 0x10010F38
In clock cycle: 2177
Register Write to Reg: 0x08 Val: 0x10010F58
In clock cycle: 2178
Register Write to Reg: 0x02 Val: 0x10010F58
In clock cycle: 2179
Register Write to Reg: 0x00 Val: 0x00400354
In clock cycle: 2187
Register Write to Reg: 0x07 Val: 0x10010F94
In clock cycle: 2190
Register Write to Reg: 0x07 Val: 0x00000000
In clock cycle: 2193
Register Write to Reg: 0x1C Val: 0x00000001
In clock cycle: 2194
Register Write to Reg: 0x07 Val: 0x10010F94
In clock cycle: 2196
Memory Write to Addr: 0x10010F98 Val: 0x00000001
In clock cycle: 2198
Register Write to Reg: 0x07 Val: 0x10010F94
In clock cycle: 2201
Register Write to Reg: 0x07 Val: 0x00000001
In clock cycle: 2204
Register Write to Reg: 0x07 Val: 0x00000001
In clock cycle: 2208
Register Write to Reg: 0x00 Val: 0x004002AC
In clock cycle: 2212
Register Write to Reg: 0x07 Val: 0x10010F94
In clock cycle: 2215
Register Write to Reg: 0x1C Val: 0x00000002
In clock cycle: 2216
Register Write to Reg: 0x07 Val: 0x10010F94
In clock cycle: 2219
Register Write to Reg: 0x07 Val: 0x00000001
In clock cycle: 2222
Register Write to Reg: 0x1E Val: 0x00000001
In clock cycle: 2223
Register Write to Reg: 0x1D Val: 0x00000002
In clock cycle: 2224
Register Write to Reg: 0x01 Val: 0x0040025C
In clock cycle: 2227
Register Write to Reg: 0x01 Val: 0x00400268
In clock cycle: 2228
Register Write to Reg: 0x00 Val: 0x00400268
In clock cycle: 2232
Register Write to Reg: 0x02 Val: 0x10010F38
In clock cycle: 2234
Memory Write to Addr: 0x10010F54 Val: 0x10010F58
In clock cycle: 2236
Register Write to Reg: 0x08 Val: 0x10010F38
In clock cycle: 2238
Memory Write to Addr: 0x10010F58 Val: 0x00000002
In clock cycle: 2239
Memory Write to Addr: 0x10010F5C Val: 0x00000001
In clock cycle: 2241
Register Write to Reg: 0x07 Val: 0x100102D8
In clock cycle: 2244
Register Write to Reg: 0x07 Val: 0x10010014
In clock cycle: 2245
Register Write to Reg: 0x1C Val: 0x00000002
In clock cycle: 2248
Register Write to Reg: 0x1C Val: 0x00000008
In clock cycle: 2251
Register Write to Reg: 0x07 Val: 0x1001001C
In clock cycle: 2254
Register Write to Reg: 0x07 Val: 0x00000000
In clock cycle: 2256
Memory Write to Addr: 0x10010F48 Val: 0x00000000
In clock cycle: 2258
Register Write to Reg: 0x07 Val: 0x00000001
In clock cycle: 2260
Memory Write to Addr: 0x10010F40 Val: 0x00000001
In clock cycle: 2261
Memory Write to Addr: 0x10010F44 Val: 0x00000000
In clock cycle: 2263
Register Write to Reg: 0x00 Val: 0x00400304
In clock cycle: 2267
Register Write to Reg: 0x1C Val: 0x00000000
In clock cycle: 2268
Register Write to Reg: 0x07 Val: 0x00000001
In clock cycle: 2271
Register Write to Reg: 0x07 Val: 0x00000001
In clock cycle: 2275
Register Write to Reg: 0x00 Val: 0x00400330
In clock cycle: 2279
Register Write to Reg: 0x07 Val: 0x00000001
In clock cycle: 2282
Register Write to Reg: 0x07 Val: 0x00000002
In clock cycle: 2284
Memory Write to Addr: 0x10010F40 Val: 0x00000002
In clock cycle: 2286
Register Write to Reg: 0x07 Val: 0x00000000
In clock cycle: 2289
Register Write to Reg: 0x07 Val: 0x00000001
In clock cycle: 2291
Memory Write to Addr: 0x10010F44 Val: 0x00000001
In clock cycle: 2293
Register Write to Reg: 0x1C Val: 0x00000001
In clock cycle: 2294
Register Write to Reg: 0x07 Val: 0x00000001
In clock cycle: 2297
Register Write to Reg: 0x07 Val: 0x00000000
In clock cycle: 2304
Register Write to Reg: 0x1C Val: 0x00000002
In clock cycle: 2305
Register Write to Reg: 0x07 Val: 0x00000000
In clock cycle: 2308
Register Write to Reg: 0x07 Val: 0x00000000
In clock cycle: 2311
Register Write to Reg: 0x07 Val: 0x00000000
In clock cycle: 2314
Register Write to Reg: 0x07 Val: 0x00000000
In clock cycle: 2315
Register Write to Reg: 0x02 Val: 0x10010F38
In clock cycle: 2318
Register Write to Reg: 0x08 Val: 0x10010F58
In clock cycle: 2319
Register Write to Reg: 0x02 Val: 0x10010F58
In clock cycle: 2320
Register Write to Reg: 0x00 Val: 0x00400354
In clock cycle: 2328
Register Write to Reg: 0x07 Val: 0x10010F94
In clock cycle: 2331
Register Write to Reg: 0x07 Val: 0x00000001
In clock cycle: 2334
Register Write to Reg: 0x1C Val: 0x00000002
In clock cycle: 2335
Register Write to Reg: 0x07 Val: 0x10010F94
In clock cycle: 2337
Memory Write to Addr: 0x10010F98 Val: 0x00000002
In clock cycle: 2339
Register Write to Reg: 0x07 Val: 0x10010F94
In clock cycle: 2342
Register Write to Reg: 0x07 Val: 0x00000002
In clock cycle: 2345
Register Write to Reg: 0x07 Val: 0x00000001
In clock cycle: 2349
Register Write to Reg: 0x00 Val: 0x004002AC
In clock cycle: 2353
Register Write to Reg: 0x07 Val: 0x10010F94
In clock cycle: 2356
Register Write to Reg: 0x1C Val: 0x00000002
In clock cycle: 2357
Register Write to Reg: 0x07 Val: 0x10010F94
In clock cycle: 2360
Register Write to Reg: 0x07 Val: 0x00000002
In clock cycle: 2363
Register Write to Reg: 0x1E Val: 0x00000002
In clock cycle: 2364
Register Write to Reg: 0x1D Val: 0x00000002
In clock cycle: 2365
Register Write to Reg: 0x01 Val: 0x0040025C
In clock cycle: 2368
Register Write to Reg: 0x01 Val: 0x00400268
In clock cycle: 2369
Register Write to Reg: 0x00 Val: 0x00400268
In clock cycle: 2373
Register Write to Reg: 0x02 Val: 0x10010F38
In clock cycle: 2375
Memory Write to Addr: 0x10010F54 Val: 0x10010F58
In clock cycle: 2377
Register Write to Reg: 0x08 Val: 0x10010F38
In clock cycle: 2379
Memory Write to Addr: 0x10010F58 Val: 0x00000002
In clock cycle: 2380
Memory Write to Addr: 0x10010F5C Val: 0x00000002
In clock cycle: 2382
Register Write to Reg: 0x07 Val: 0x100102D8
In clock cycle: 2385
Register Write to Reg: 0x07 Val: 0x10010014
In clock cycle: 2386
Register Write to Reg: 0x1C Val: 0x00000002
In clock cycle: 2389
Register Write to Reg: 0x1C Val: 0x00000008
In clock cycle: 2392
Register Write to Reg: 0x07 Val: 0x1001001C
In clock cycle: 2395
Register Write to Reg: 0x07 Val: 0x00000000
In clock cycle: 2397
Memory Write to Addr: 0x10010F48 Val: 0x00000000
In clock cycle: 2399
Register Write to Reg: 0x07 Val: 0x00000001
In clock cycle: 2401
Memory Write to Addr: 0x10010F40 Val: 0x00000001
In clock cycle: 2402
Memory Write to Addr: 0x10010F44 Val: 0x00000000
In clock cycle: 2404
Register Write to Reg: 0x00 Val: 0x00400304
In clock cycle: 2408
Register Write to Reg: 0x1C Val: 0x00000000
In clock cycle: 2409
Register Write to Reg: 0x07 Val: 0x00000002
In clock cycle: 2412
Register Write to Reg: 0x07 Val: 0x00000001
In clock cycle: 2416
Register Write to Reg: 0x00 Val: 0x00400330
In clock cycle: 2420
Register Write to Reg: 0x07 Val: 0x00000001
In clock cycle: 2423
Register Write to Reg: 0x07 Val: 0x00000002
In clock cycle: 2425
Memory Write to Addr: 0x10010F40 Val: 0x00000002
In clock cycle: 2427
Register Write to Reg: 0x07 Val: 0x00000000
In clock cycle: 2430
Register Write to Reg: 0x07 Val: 0x00000001
In clock cycle: 2432
Memory Write to Addr: 0x10010F44 Val: 0x00000001
In clock cycle: 2434
Register Write to Reg: 0x1C Val: 0x00000001
In clock cycle: 2435
Register Write to Reg: 0x07 Val: 0x00000002
In clock cycle: 2438
Register Write to Reg: 0x07 Val: 0x00000001
In clock cycle: 2442
Register Write to Reg: 0x00 Val: 0x00400330
In clock cycle: 2446
Register Write to Reg: 0x07 Val: 0x00000002
In clock cycle: 2449
Register Write to Reg: 0x07 Val: 0x00000004
In clock cycle: 2451
Memory Write to Addr: 0x10010F40 Val: 0x00000004
In clock cycle: 2453
Register Write to Reg: 0x07 Val: 0x00000001
In clock cycle: 2456
Register Write to Reg: 0x07 Val: 0x00000002
In clock cycle: 2458
Memory Write to Addr: 0x10010F44 Val: 0x00000002
In clock cycle: 2460
Register Write to Reg: 0x1C Val: 0x00000002
In clock cycle: 2461
Register Write to Reg: 0x07 Val: 0x00000002
In clock cycle: 2464
Register Write to Reg: 0x07 Val: 0x00000000
In clock cycle: 2471
Register Write to Reg: 0x1C Val: 0x00000004
In clock cycle: 2472
Register Write to Reg: 0x07 Val: 0x00000000
In clock cycle: 2475
Register Write to Reg: 0x07 Val: 0x00000000
In clock cycle: 2478
Register Write to Reg: 0x07 Val: 0x00000000
In clock cycle: 2481
Register Write to Reg: 0x07 Val: 0x00000000
In clock cycle: 2482
Register Write to Reg: 0x02 Val: 0x10010F38
In clock cycle: 2485
Register Write to Reg: 0x08 Val: 0x10010F58
In clock cycle: 2486
Register Write to Reg: 0x02 Val: 0x10010F58
In clock cycle: 2487
Register Write to Reg: 0x00 Val: 0x00400354
In clock cycle: 2495
Register Write to Reg: 0x07 Val: 0x10010F94
In clock cycle: 2498
Register Write to Reg: 0x07 Val: 0x00000002
In clock cycle: 2501
Register Write to Reg: 0x1C Val: 0x00000003
In clock cycle: 2502
Register Write to Reg: 0x07 Val: 0x10010F94
In clock cycle: 2504
Memory Write to Addr: 0x10010F98 Val: 0x00000003
In clock cycle: 2506
Register Write to Reg: 0x07 Val: 0x10010F94
In clock cycle: 2509
Register Write to Reg: 0x07 Val: 0x00000003
In clock cycle: 2512
Register Write to Reg: 0x07 Val: 0x00000001
In clock cycle: 2516
Register Write to Reg: 0x00 Val: 0x004002AC
In clock cycle: 2520
Register Write to Reg: 0x07 Val: 0x10010F94
In clock cycle: 2523
Register Write to Reg: 0x1C Val: 0x00000002
In clock cycle: 2524
Register Write to Reg: 0x07 Val: 0x10010F94
In clock cycle: 2527
Register Write to Reg: 0x07 Val: 0x00000003
In clock cycle: 2530
Register Write to Reg: 0x1E Val: 0x00000003
In clock cycle: 2531
Register Write to Reg: 0x1D Val: 0x00000002
In clock cycle: 2532
Register Write to Reg: 0x01 Val: 0x0040025C
In clock cycle: 2535
Register Write to Reg: 0x01 Val: 0x00400268
In clock cycle: 2536
Register Write to Reg: 0x00 Val: 0x00400268
In clock cycle: 2540
Register Write to Reg: 0x02 Val: 0x10010F38
In clock cycle: 2542
Memory Write to Addr: 0x10010F54 Val: 0x10010F58
In clock cycle: 2544
Register Write to Reg: 0x08 Val: 0x10010F38
In clock cycle: 2546
Memory Write to Addr: 0x10010F58 Val: 0x00000002
In clock cycle: 2547
Memory Write to Addr: 0x10010F5C Val: 0x00000003
In clock cycle: 2549
Register Write to Reg: 0x07 Val: 0x100102D8
In clock cycle: 2552
Register Write to Reg: 0x07 Val: 0x10010014
In clock cycle: 2553
Register Write to Reg: 0x1C Val: 0x00000002
In clock cycle: 2556
Register Write to Reg: 0x1C Val: 0x00000008
In clock cycle: 2559
Register Write to Reg: 0x07 Val: 0x1001001C
In clock cycle: 2562
Register Write to Reg: 0x07 Val: 0x00000000
In clock cycle: 2564
Memory Write to Addr: 0x10010F48 Val: 0x00000000
In clock cycle: 2566
Register Write to Reg: 0x07 Val: 0x00000001
In clock cycle: 2568
Memory Write to Addr: 0x10010F40 Val: 0x00000001
In clock cycle: 2569
Memory Write to Addr: 0x10010F44 Val: 0x00000000
In clock cycle: 2571
Register Write to Reg: 0x00 Val: 0x00400304
In clock cycle: 2575
Register Write to Reg: 0x1C Val: 0x00000000
In clock cycle: 2576
Register Write to Reg: 0x07 Val: 0x00000003
In clock cycle: 2579
Register Write to Reg: 0x07 Val: 0x00000001
In clock cycle: 2583
Register Write to Reg: 0x00 Val: 0x00400330
In clock cycle: 2587
Register Write to Reg: 0x07 Val: 0x00000001
In clock cycle: 2590
Register Write to Reg: 0x07 Val: 0x00000002
In clock cycle: 2592
Memory Write to Addr: 0x10010F40 Val: 0x00000002
In clock cycle: 2594
Register Write to Reg: 0x07 Val: 0x00000000
In clock cycle: 2597
Register Write to Reg: 0x07 Val: 0x00000001
In clock cycle: 2599
Memory Write to Addr: 0x10010F44 Val: 0x00000001
In clock cycle: 2601
Register Write to Reg: 0x1C Val: 0x00000001
In clock cycle: 2602
Register Write to Reg: 0x07 Val: 0x00000003
In clock cycle: 2605
Register Write to Reg: 0x07 Val: 0x00000001
In clock cycle: 2609
Register Write to Reg: 0x00 Val: 0x00400330
In clock cycle: 2613
Register Write to Reg: 0x07 Val: 0x00000002
In clock cycle: 2616
Register Write to Reg: 0x07 Val: 0x00000004
In clock cycle: 2618
Memory Write to Addr: 0x10010F40 Val: 0x00000004
In clock cycle: 2620
Register Write to Reg: 0x07 Val: 0x00000001
In clock cycle: 2623
Register Write to Reg: 0x07 Val: 0x00000002
In clock cycle: 2625
Memory Write to Addr: 0x10010F44 Val: 0x00000002
In clock cycle: 2627
Register Write to Reg: 0x1C Val: 0x00000002
In clock cycle: 2628
Register Write to Reg: 0x07 Val: 0x00000003
In clock cycle: 2631
Register Write to Reg: 0x07 Val: 0x00000001
In clock cycle: 2635
Register Write to Reg: 0x00 Val: 0x00400330
In clock cycle: 2639
Register Write to Reg: 0x07 Val: 0x00000004
In clock cycle: 2642
Register Write to Reg: 0x07 Val: 0x00000008
In clock cycle: 2644
Memory Write to Addr: 0x10010F40 Val: 0x00000008
In clock cycle: 2646
Register Write to Reg: 0x07 Val: 0x00000002
In clock cycle: 2649
Register Write to Reg: 0x07 Val: 0x00000003
In clock cycle: 2651
Memory Write to Addr: 0x10010F44 Val: 0x00000003
In clock cycle: 2653
Register Write to Reg: 0x1C Val: 0x00000003
In clock cycle: 2654
Register Write to Reg: 0x07 Val: 0x00000003
In clock cycle: 2657
Register Write to Reg: 0x07 Val: 0x00000000
In clock cycle: 2664
Register Write to Reg: 0x1C Val: 0x00000008
In clock cycle: 2665
Register Write to Reg: 0x07 Val: 0x00000000
In clock cycle: 2668
Register Write to Reg: 0x07 Val: 0x00000000
In clock cycle: 2671
Register Write to Reg: 0x07 Val: 0x00000000
In clock cycle: 2674
Register Write to Reg: 0x07 Val: 0x00000000
In clock cycle: 2675
Register Write to Reg: 0x02 Val: 0x10010F38
In clock cycle: 2678
Register Write to Reg: 0x08 Val: 0x10010F58
In clock cycle: 2679
Register Write to Reg: 0x02 Val: 0x10010F58
In clock cycle: 2680
Register Write to Reg: 0x00 Val: 0x00400354
In clock cycle: 2688
Register Write to Reg: 0x07 Val: 0x10010F94
In clock cycle: 2691
Register Write to Reg: 0x07 Val: 0x00000003
In clock cycle: 2694
Register Write to Reg: 0x1C Val: 0x00000004
In clock cycle: 2695
Register Write to Reg: 0x07 Val: 0x10010F94
In clock cycle: 2697
Memory Write to Addr: 0x10010F98 Val: 0x00000004
In clock cycle: 2699
Register Write to Reg: 0x07 Val: 0x10010F94
In clock cycle: 2702
Register Write to Reg: 0x07 Val: 0x00000004
In clock cycle: 2705
Register Write to Reg: 0x07 Val: 0x00000000
In clock cycle: 2712
Register Write to Reg: 0x07 Val: 0xFFFFFFFF
In clock cycle: 2713
Register Write to Reg: 0x02 Val: 0x10010F58
In clock cycle: 2716
Register Write to Reg: 0x01 Val: 0x004001D8
In clock cycle: 2717
Register Write to Reg: 0x08 Val: 0x10010F78
In clock cycle: 2718
Register Write to Reg: 0x02 Val: 0x10010F78
In clock cycle: 2719
Register Write to Reg: 0x00 Val: 0x004002C4
In clock cycle: 2722
Memory Write to Addr: 0x10010F90 Val: 0xFFFFFFFF
In clock cycle: 2724
Register Write to Reg: 0x00 Val: 0x004001E0
In clock cycle: 2728
Register Write to Reg: 0x1C Val: 0xFFFFFFFF
In clock cycle: 2729
Register Write to Reg: 0x07 Val: 0xFFFFFFFF
In clock cycle: 2736
Register Write to Reg: 0x07 Val: 0x10010110
In clock cycle: 2739
Register Write to Reg: 0x07 Val: 0x10010028
In clock cycle: 2742
Register Write to Reg: 0x07 Val: 0x00000002
In clock cycle: 2745
Register Write to Reg: 0x1D Val: 0x00000001
In clock cycle: 2746
Register Write to Reg: 0x1C Val: 0x10010120
In clock cycle: 2749
Register Write to Reg: 0x1C Val: 0x10010028
In clock cycle: 2751
Memory Write to Addr: 0x10010028 Val: 0x00000001
In clock cycle: 2753
Register Write to Reg: 0x1D Val: 0x1001012C
In clock cycle: 2756
Register Write to Reg: 0x1D Val: 0x10010000
In clock cycle: 2757
Register Write to Reg: 0x1C Val: 0x00000008
In clock cycle: 2760
Register Write to Reg: 0x1C Val: 0x00000004
In clock cycle: 2763
Register Write to Reg: 0x1C Val: 0x00000002
In clock cycle: 2766
Register Write to Reg: 0x1C Val: 0x00000008
In clock cycle: 2767
Register Write to Reg: 0x1F Val: 0x004001DA
In clock cycle: 2768
Register Write to Reg: 0x1F Val: 0x004001DA
In clock cycle: 2771
Register Write to Reg: 0x1F Val: 0xFFBFFE26
In clock cycle: 2772
Register Write to Reg: 0x07 Val: 0x10010150
In clock cycle: 2775
Register Write to Reg: 0x07 Val: 0x10010000
In clock cycle: 2776
Register Write to Reg: 0x0B Val: 0x00010000
In clock cycle: 2779
Register Write to Reg: 0x0B Val: 0x0000FFFF
In clock cycle: 2782
Register Write to Reg: 0x1F Val: 0x00000000
In clock cycle: 2785
Register Write to Reg: 0x07 Val: 0x10010000
In clock cycle: 2788
Register Write to Reg: 0x07 Val: 0x10010008
In clock cycle: 2789
Register Write to Reg: 0x1C Val: 0x00000002
In clock cycle: 2791
Memory Write to Addr: 0x10010008 Val: 0x00000002
In clock cycle: 2793
Register Write to Reg: 0x02 Val: 0x10010F78
In clock cycle: 2796
Register Write to Reg: 0x01 Val: 0x004000E8
In clock cycle: 2797
Register Write to Reg: 0x08 Val: 0x10010FA8
In clock cycle: 2798
Register Write to Reg: 0x02 Val: 0x10010FA8
In clock cycle: 2799
Register Write to Reg: 0x00 Val: 0x00400188
In clock cycle: 2803
Register Write to Reg: 0x07 Val: 0x10010FC4
In clock cycle: 2806
Register Write to Reg: 0x1D Val: 0x10010FC4
In clock cycle: 2807
Register Write to Reg: 0x01 Val: 0x004000F0
In clock cycle: 2810
Register Write to Reg: 0x01 Val: 0x004000FC
In clock cycle: 2811
Register Write to Reg: 0x00 Val: 0x004000FC
In clock cycle: 2815
Register Write to Reg: 0x02 Val: 0x10010F88
In clock cycle: 2817
Memory Write to Addr: 0x10010FA4 Val: 0x004000FC
In clock cycle: 2818
Memory Write to Addr: 0x10010FA0 Val: 0x10010FA8
In clock cycle: 2820
Register Write to Reg: 0x08 Val: 0x10010F88
In clock cycle: 2822
Memory Write to Addr: 0x10010FA8 Val: 0x10010FC4
In clock cycle: 2824
Register Write to Reg: 0x00 Val: 0x00400244
In clock cycle: 2828
Register Write to Reg: 0x07 Val: 0x10010FC4
In clock cycle: 2831
Register Write to Reg: 0x07 Val: 0x00000003
In clock cycle: 2834
Register Write to Reg: 0x07 Val: 0x00000001
In clock cycle: 2838
Register Write to Reg: 0x00 Val: 0x004002AC
In clock cycle: 2842
Register Write to Reg: 0x07 Val: 0x10010FC4
In clock cycle: 2845
Register Write to Reg: 0x1C Val: 0x00000000
In clock cycle: 2846
Register Write to Reg: 0x07 Val: 0x10010FC4
In clock cycle: 2849
Register Write to Reg: 0x07 Val: 0x00000003
In clock cycle: 2852
Register Write to Reg: 0x1E Val: 0x00000003
In clock cycle: 2853
Register Write to Reg: 0x1D Val: 0x00000000
In clock cycle: 2854
Register Write to Reg: 0x01 Val: 0x0040025C
In clock cycle: 2857
Register Write to Reg: 0x01 Val: 0x00400268
In clock cycle: 2858
Register Write to Reg: 0x00 Val: 0x00400268
In clock cycle: 2862
Register Write to Reg: 0x02 Val: 0x10010F68
In clock cycle: 2864
Memory Write to Addr: 0x10010F84 Val: 0x10010F88
In clock cycle: 2866
Register Write to Reg: 0x08 Val: 0x10010F68
In clock cycle: 2868
Memory Write to Addr: 0x10010F88 Val: 0x00000000
In clock cycle: 2869
Memory Write to Addr: 0x10010F8C Val: 0x00000003
In clock cycle: 2871
Register Write to Reg: 0x07 Val: 0x100102D8
In clock cycle: 2874
Register Write to Reg: 0x07 Val: 0x10010014
In clock cycle: 2875
Register Write to Reg: 0x1C Val: 0x00000000
In clock cycle: 2878
Register Write to Reg: 0x1C Val: 0x00000000
In clock cycle: 2881
Register Write to Reg: 0x07 Val: 0x10010014
In clock cycle: 2884
Register Write to Reg: 0x07 Val: 0x00000006
In clock cycle: 2886
Memory Write to Addr: 0x10010F78 Val: 0x00000006
In clock cycle: 2888
Register Write to Reg: 0x07 Val: 0x00000001
In clock cycle: 2890
Memory Write to Addr: 0x10010F70 Val: 0x00000001
In clock cycle: 2891
Memory Write to Addr: 0x10010F74 Val: 0x00000000
In clock cycle: 2893
Register Write to Reg: 0x00 Val: 0x00400304
In clock cycle: 2897
Register Write to Reg: 0x1C Val: 0x00000000
In clock cycle: 2898
Register Write to Reg: 0x07 Val: 0x00000003
In clock cycle: 2901
Register Write to Reg: 0x07 Val: 0x00000001
In clock cycle: 2905
Register Write to Reg: 0x00 Val: 0x00400330
In clock cycle: 2909
Register Write to Reg: 0x07 Val: 0x00000001
In clock cycle: 2912
Register Write to Reg: 0x07 Val: 0x00000002
In clock cycle: 2914
Memory Write to Addr: 0x10010F70 Val: 0x00000002
In clock cycle: 2916
Register Write to Reg: 0x07 Val: 0x00000000
In clock cycle: 2919
Register Write to Reg: 0x07 Val: 0x00000001
In clock cycle: 2921
Memory Write to Addr: 0x10010F74 Val: 0x00000001
In clock cycle: 2923
Register Write to Reg: 0x1C Val: 0x00000001
In clock cycle: 2924
Register Write to Reg: 0x07 Val: 0x00000003
In clock cycle: 2927
Register Write to Reg: 0x07 Val: 0x00000001
In clock cycle: 2931
Register Write to Reg: 0x00 Val: 0x00400330
In clock cycle: 2935
Register Write to Reg: 0x07 Val: 0x00000002
In clock cycle: 2938
Register Write to Reg: 0x07 Val: 0x00000004
In clock cycle: 2940
Memory Write to Addr: 0x10010F70 Val: 0x00000004
In clock cycle: 2942
Register Write to Reg: 0x07 Val: 0x00000001
In clock cycle: 2945
Register Write to Reg: 0x07 Val: 0x00000002
In clock cycle: 2947
Memory Write to Addr: 0x10010F74 Val: 0x00000002
In clock cycle: 2949
Register Write to Reg: 0x1C Val: 0x00000002
In clock cycle: 2950
Register Write to Reg: 0x07 Val: 0x00000003
In clock cycle: 2953
Register Write to Reg: 0x07 Val: 0x00000001
In clock cycle: 2957
Register Write to Reg: 0x00 Val: 0x00400330
In clock cycle: 2961
Register Write to Reg: 0x07 Val: 0x00000004
In clock cycle: 2964
Register Write to Reg: 0x07 Val: 0x00000008
In clock cycle: 2966
Memory Write to Addr: 0x10010F70 Val: 0x00000008
In clock cycle: 2968
Register Write to Reg: 0x07 Val: 0x00000002
In clock cycle: 2971
Register Write to Reg: 0x07 Val: 0x00000003
In clock cycle: 2973
Memory Write to Addr: 0x10010F74 Val: 0x00000003
In clock cycle: 2975
Register Write to Reg: 0x1C Val: 0x00000003
In clock cycle: 2976
Register Write to Reg: 0x07 Val: 0x00000003
In clock cycle: 2979
Register Write to Reg: 0x07 Val: 0x00000000
In clock cycle: 2986
Register Write to Reg: 0x1C Val: 0x00000008
In clock cycle: 2987
Register Write to Reg: 0x07 Val: 0x00000006
In clock cycle: 2990
Register Write to Reg: 0x07 Val: 0x00000000
In clock cycle: 2993
Register Write to Reg: 0x07 Val: 0x00000000
In clock cycle: 2996
Register Write to Reg: 0x07 Val: 0x00000000
In clock cycle: 2997
Register Write to Reg: 0x02 Val: 0x10010F68
In clock cycle: 3000
Register Write to Reg: 0x08 Val: 0x10010F88
In clock cycle: 3001
Register Write to Reg: 0x02 Val: 0x10010F88
In clock cycle: 3002
Register Write to Reg: 0x00 Val: 0x00400354
In clock cycle: 3010
Register Write to Reg: 0x07 Val: 0x10010FC4
In clock cycle: 3013
Register Write to Reg: 0x07 Val: 0x00000003
In clock cycle: 3016
Register Write to Reg: 0x1C Val: 0x00000004
In clock cycle: 3017
Register Write to Reg: 0x07 Val: 0x10010FC4
In clock cycle: 3019
Memory Write to Addr: 0x10010FC8 Val: 0x00000004
In clock cycle: 3021
Register Write to Reg: 0x07 Val: 0x10010FC4
In clock cycle: 3024
Register Write to Reg: 0x07 Val: 0x00000004
In clock cycle: 3027
Register Write to Reg: 0x07 Val: 0x00000000
In clock cycle: 3034
Register Write to Reg: 0x07 Val: 0xFFFFFFFF
In clock cycle: 3035
Register Write to Reg: 0x02 Val: 0x10010F88
In clock cycle: 3038
Register Write to Reg: 0x01 Val: 0x004000FC
In clock cycle: 3039
Register Write to Reg: 0x08 Val: 0x10010FA8
In clock cycle: 3040
Register Write to Reg: 0x02 Val: 0x10010FA8
In clock cycle: 3041
Register Write to Reg: 0x00 Val: 0x004002C4
In clock cycle: 3044
Memory Write to Addr: 0x10010FC0 Val: 0xFFFFFFFF
In clock cycle: 3046
Register Write to Reg: 0x1C Val: 0xFFFFFFFF
In clock cycle: 3047
Register Write to Reg: 0x07 Val: 0xFFFFFFFF
In clock cycle: 3054
Register Write to Reg: 0x07 Val: 0x10010110
In clock cycle: 3057
Register Write to Reg: 0x07 Val: 0x10010028
In clock cycle: 3060
Register Write to Reg: 0x07 Val: 0x00000001
In clock cycle: 3063
Register Write to Reg: 0x1D Val: 0x00000000
In clock cycle: 3064
Register Write to Reg: 0x1C Val: 0x10010120
In clock cycle: 3067
Register Write to Reg: 0x1C Val: 0x10010028
In clock cycle: 3069
Memory Write to Addr: 0x10010028 Val: 0x00000000
In clock cycle: 3071
Register Write to Reg: 0x1D Val: 0x1001012C
In clock cycle: 3074
Register Write to Reg: 0x1D Val: 0x10010000
In clock cycle: 3075
Register Write to Reg: 0x1C Val: 0x00000004
In clock cycle: 3078
Register Write to Reg: 0x1C Val: 0x00000002
In clock cycle: 3081
Register Write to Reg: 0x1C Val: 0x00000001
In clock cycle: 3084
Register Write to Reg: 0x1C Val: 0x00000004
In clock cycle: 3085
Register Write to Reg: 0x1F Val: 0x004000FD
In clock cycle: 3086
Register Write to Reg: 0x1F Val: 0x004000FD
In clock cycle: 3089
Register Write to Reg: 0x1F Val: 0xFFBFFF03
In clock cycle: 3090
Register Write to Reg: 0x07 Val: 0x10010150
In clock cycle: 3093
Register Write to Reg: 0x07 Val: 0x10010000
In clock cycle: 3094
Register Write to Reg: 0x0B Val: 0x00010000
In clock cycle: 3097
Register Write to Reg: 0x0B Val: 0x0000FFFF
In clock cycle: 3100
Register Write to Reg: 0x1F Val: 0x00000000
In clock cycle: 3103
Register Write to Reg: 0x07 Val: 0x10010000
In clock cycle: 3106
Register Write to Reg: 0x07 Val: 0x10010004
In clock cycle: 3107
Register Write to Reg: 0x1C Val: 0x00000000
In clock cycle: 3109
Memory Write to Addr: 0x10010004 Val: 0x00000000
In clock cycle: 3111
Register Write to Reg: 0x02 Val: 0x10010FA8
In clock cycle: 3114
Register Write to Reg: 0x01 Val: 0x00400064
In clock cycle: 3115
Register Write to Reg: 0x08 Val: 0x10010FD8
In clock cycle: 3116
Register Write to Reg: 0x02 Val: 0x10010FD8
In clock cycle: 3117
Register Write to Reg: 0x00 Val: 0x00400188
In clock cycle: 3121
Register Write to Reg: 0x07 Val: 0x00000000
In clock cycle: 3124
Register Write to Reg: 0x07 Val: 0x00000001
In clock cycle: 3126
Memory Write to Addr: 0x10010FF0 Val: 0x00000001
In clock cycle: 3128
Register Write to Reg: 0x07 Val: 0x00000001
In clock cycle: 3131
Register Write to Reg: 0x07 Val: 0x00000001
In clock cycle: 3135
Register Write to Reg: 0x00 Val: 0x00400080
In clock cycle: 3139
Register Write to Reg: 0x1D Val: 0x00000001
In clock cycle: 3140
Register Write to Reg: 0x01 Val: 0x0040003C
In clock cycle: 3143
Register Write to Reg: 0x01 Val: 0x00400048
In clock cycle: 3144
Register Write to Reg: 0x00 Val: 0x00400048
In clock cycle: 3148
Register Write to Reg: 0x02 Val: 0x10010FB8
In clock cycle: 3150
Memory Write to Addr: 0x10010FD4 Val: 0x10010FD8
In clock cycle: 3152
Register Write to Reg: 0x08 Val: 0x10010FB8
In clock cycle: 3154
Memory Write to Addr: 0x10010FD8 Val: 0x00000001
In clock cycle: 3156
Register Write to Reg: 0x07 Val: 0x00000001
In clock cycle: 3158
Memory Write to Addr: 0x10010FC0 Val: 0x00000001
In clock cycle: 3159
Memory Write to Addr: 0x10010FC4 Val: 0x00000000
In clock cycle: 3161
Register Write to Reg: 0x00 Val: 0x004003F4
In clock cycle: 3165
Register Write to Reg: 0x1C Val: 0x00000000
In clock cycle: 3166
Register Write to Reg: 0x07 Val: 0x00000001
In clock cycle: 3169
Register Write to Reg: 0x07 Val: 0x00000001
In clock cycle: 3173
Register Write to Reg: 0x00 Val: 0x00400420
In clock cycle: 3177
Register Write to Reg: 0x07 Val: 0x00000001
In clock cycle: 3180
Register Write to Reg: 0x07 Val: 0x00000100
In clock cycle: 3182
Memory Write to Addr: 0x10010FC0 Val: 0x00000100
In clock cycle: 3184
Register Write to Reg: 0x07 Val: 0x00000000
In clock cycle: 3187
Register Write to Reg: 0x07 Val: 0x00000001
In clock cycle: 3189
Memory Write to Addr: 0x10010FC4 Val: 0x00000001
In clock cycle: 3191
Register Write to Reg: 0x1C Val: 0x00000001
In clock cycle: 3192
Register Write to Reg: 0x07 Val: 0x00000001
In clock cycle: 3195
Register Write to Reg: 0x07 Val: 0x00000000
In clock cycle: 3202
Register Write to Reg: 0x07 Val: 0x10010420
In clock cycle: 3205
Register Write to Reg: 0x07 Val: 0x10010024
In clock cycle: 3208
Register Write to Reg: 0x07 Val: 0x00010101
In clock cycle: 3210
Memory Write to Addr: 0x10010FC8 Val: 0x00010101
In clock cycle: 3212
Register Write to Reg: 0x1C Val: 0x00010101
In clock cycle: 3213
Register Write to Reg: 0x07 Val: 0x00000100
In clock cycle: 3216
Register Write to Reg: 0x07 Val: 0x00000100
In clock cycle: 3219
Register Write to Reg: 0x07 Val: 0x00000001
In clock cycle: 3222
Register Write to Reg: 0x07 Val: 0x00000001
In clock cycle: 3223
Register Write to Reg: 0x02 Val: 0x10010FB8
In clock cycle: 3226
Register Write to Reg: 0x08 Val: 0x10010FD8
In clock cycle: 3227
Register Write to Reg: 0x02 Val: 0x10010FD8
In clock cycle: 3228
Register Write to Reg: 0x00 Val: 0x00400454
In clock cycle: 3232
Register Write to Reg: 0x07 Val: 0x00000000
In clock cycle: 3235
Register Write to Reg: 0x07 Val: 0x00000000
In clock cycle: 3242
Register Write to Reg: 0x07 Val: 0x00000001
In clock cycle: 3245
Register Write to Reg: 0x07 Val: 0x00000002
In clock cycle: 3247
Memory Write to Addr: 0x10010FF0 Val: 0x00000002
In clock cycle: 3249
Register Write to Reg: 0x07 Val: 0x00000002
In clock cycle: 3252
Register Write to Reg: 0x07 Val: 0x00000001
In clock cycle: 3256
Register Write to Reg: 0x00 Val: 0x00400080
In clock cycle: 3260
Register Write to Reg: 0x1D Val: 0x00000002
In clock cycle: 3261
Register Write to Reg: 0x01 Val: 0x0040003C
In clock cycle: 3264
Register Write to Reg: 0x01 Val: 0x00400048
In clock cycle: 3265
Register Write to Reg: 0x00 Val: 0x00400048
In clock cycle: 3269
Register Write to Reg: 0x02 Val: 0x10010FB8
In clock cycle: 3271
Memory Write to Addr: 0x10010FD4 Val: 0x10010FD8
In clock cycle: 3273
Register Write to Reg: 0x08 Val: 0x10010FB8
In clock cycle: 3275
Memory Write to Addr: 0x10010FD8 Val: 0x00000002
In clock cycle: 3277
Register Write to Reg: 0x07 Val: 0x00000001
In clock cycle: 3279
Memory Write to Addr: 0x10010FC0 Val: 0x00000001
In clock cycle: 3280
Memory Write to Addr: 0x10010FC4 Val: 0x00000000
In clock cycle: 3282
Register Write to Reg: 0x00 Val: 0x004003F4
In clock cycle: 3286
Register Write to Reg: 0x1C Val: 0x00000000
In clock cycle: 3287
Register Write to Reg: 0x07 Val: 0x00000002
In clock cycle: 3290
Register Write to Reg: 0x07 Val: 0x00000001
In clock cycle: 3294
Register Write to Reg: 0x00 Val: 0x00400420
In clock cycle: 3298
Register Write to Reg: 0x07 Val: 0x00000001
In clock cycle: 3301
Register Write to Reg: 0x07 Val: 0x00000100
In clock cycle: 3303
Memory Write to Addr: 0x10010FC0 Val: 0x00000100
In clock cycle: 3305
Register Write to Reg: 0x07 Val: 0x00000000
In clock cycle: 3308
Register Write to Reg: 0x07 Val: 0x00000001
In clock cycle: 3310
Memory Write to Addr: 0x10010FC4 Val: 0x00000001
In clock cycle: 3312
Register Write to Reg: 0x1C Val: 0x00000001
In clock cycle: 3313
Register Write to Reg: 0x07 Val: 0x00000002
In clock cycle: 3316
Register Write to Reg: 0x07 Val: 0x00000001
In clock cycle: 3320
Register Write to Reg: 0x00 Val: 0x00400420
In clock cycle: 3324
Register Write to Reg: 0x07 Val: 0x00000100
In clock cycle: 3327
Register Write to Reg: 0x07 Val: 0x00010000
In clock cycle: 3329
Memory Write to Addr: 0x10010FC0 Val: 0x00010000
In clock cycle: 3331
Register Write to Reg: 0x07 Val: 0x00000001
In clock cycle: 3334
Register Write to Reg: 0x07 Val: 0x00000002
In clock cycle: 3336
Memory Write to Addr: 0x10010FC4 Val: 0x00000002
In clock cycle: 3338
Register Write to Reg: 0x1C Val: 0x00000002
In clock cycle: 3339
Register Write to Reg: 0x07 Val: 0x00000002
In clock cycle: 3342
Register Write to Reg: 0x07 Val: 0x00000000
In clock cycle: 3349
Register Write to Reg: 0x07 Val: 0x10010420
In clock cycle: 3352
Register Write to Reg: 0x07 Val: 0x10010024
In clock cycle: 3355
Register Write to Reg: 0x07 Val: 0x00010101
In clock cycle: 3357
Memory Write to Addr: 0x10010FC8 Val: 0x00010101
In clock cycle: 3359
Register Write to Reg: 0x1C Val: 0x00010101
In clock cycle: 3360
Register Write to Reg: 0x07 Val: 0x00010000
In clock cycle: 3363
Register Write to Reg: 0x07 Val: 0x00010000
In clock cycle: 3366
Register Write to Reg: 0x07 Val: 0x00000001
In clock cycle: 3369
Register Write to Reg: 0x07 Val: 0x00000001
In clock cycle: 3370
Register Write to Reg: 0x02 Val: 0x10010FB8
In clock cycle: 3373
Register Write to Reg: 0x08 Val: 0x10010FD8
In clock cycle: 3374
Register Write to Reg: 0x02 Val: 0x10010FD8
In clock cycle: 3375
Register Write to Reg: 0x00 Val: 0x00400454
In clock cycle: 3379
Register Write to Reg: 0x07 Val: 0x00000000
In clock cycle: 3382
Register Write to Reg: 0x07 Val: 0x00000000
In clock cycle: 3389
Register Write to Reg: 0x07 Val: 0x00000002
In clock cycle: 3392
Register Write to Reg: 0x07 Val: 0x00000003
In clock cycle: 3394
Memory Write to Addr: 0x10010FF0 Val: 0x00000003
In clock cycle: 3396
Register Write to Reg: 0x07 Val: 0x00000003
In clock cycle: 3399
Register Write to Reg: 0x07 Val: 0x00000001
In clock cycle: 3403
Register Write to Reg: 0x00 Val: 0x00400080
In clock cycle: 3407
Register Write to Reg: 0x1D Val: 0x00000003
In clock cycle: 3408
Register Write to Reg: 0x01 Val: 0x0040003C
In clock cycle: 3411
Register Write to Reg: 0x01 Val: 0x00400048
In clock cycle: 3412
Register Write to Reg: 0x00 Val: 0x00400048
In clock cycle: 3416
Register Write to Reg: 0x02 Val: 0x10010FB8
In clock cycle: 3418
Memory Write to Addr: 0x10010FD4 Val: 0x10010FD8
In clock cycle: 3420
Register Write to Reg: 0x08 Val: 0x10010FB8
In clock cycle: 3422
Memory Write to Addr: 0x10010FD8 Val: 0x00000003
In clock cycle: 3424
Register Write to Reg: 0x07 Val: 0x00000001
In clock cycle: 3426
Memory Write to Addr: 0x10010FC0 Val: 0x00000001
In clock cycle: 3427
Memory Write to Addr: 0x10010FC4 Val: 0x00000000
In clock cycle: 3429
Register Write to Reg: 0x00 Val: 0x004003F4
In clock cycle: 3433
Register Write to Reg: 0x1C Val: 0x00000000
In clock cycle: 3434
Register Write to Reg: 0x07 Val: 0x00000003
In clock cycle: 3437
Register Write to Reg: 0x07 Val: 0x00000001
In clock cycle: 3441
Register Write to Reg: 0x00 Val: 0x00400420
In clock cycle: 3445
Register Write to Reg: 0x07 Val: 0x00000001
In clock cycle: 3448
Register Write to Reg: 0x07 Val: 0x00000100
In clock cycle: 3450
Memory Write to Addr: 0x10010FC0 Val: 0x00000100
In clock cycle: 3452
Register Write to Reg: 0x07 Val: 0x00000000
In clock cycle: 3455
Register Write to Reg: 0x07 Val: 0x00000001
In clock cycle: 3457
Memory Write to Addr: 0x10010FC4 Val: 0x00000001
In clock cycle: 3459
Register Write to Reg: 0x1C Val: 0x00000001
In clock cycle: 3460
Register Write to Reg: 0x07 Val: 0x00000003
In clock cycle: 3463
Register Write to Reg: 0x07 Val: 0x00000001
In clock cycle: 3467
Register Write to Reg: 0x00 Val: 0x00400420
In clock cycle: 3471
Register Write to Reg: 0x07 Val: 0x00000100
In clock cycle: 3474
Register Write to Reg: 0x07 Val: 0x00010000
In clock cycle: 3476
Memory Write to Addr: 0x10010FC0 Val: 0x00010000
In clock cycle: 3478
Register Write to Reg: 0x07 Val: 0x00000001
In clock cycle: 3481
Register Write to Reg: 0x07 Val: 0x00000002
In clock cycle: 3483
Memory Write to Addr: 0x10010FC4 Val: 0x00000002
In clock cycle: 3485
Register Write to Reg: 0x1C Val: 0x00000002
In clock cycle: 3486
Register Write to Reg: 0x07 Val: 0x00000003
In clock cycle: 3489
Register Write to Reg: 0x07 Val: 0x00000001
In clock cycle: 3493
Register Write to Reg: 0x00 Val: 0x00400420
In clock cycle: 3497
Register Write to Reg: 0x07 Val: 0x00010000
In clock cycle: 3500
Register Write to Reg: 0x07 Val: 0x01000000
In clock cycle: 3502
Memory Write to Addr: 0x10010FC0 Val: 0x01000000
In clock cycle: 3504
Register Write to Reg: 0x07 Val: 0x00000002
In clock cycle: 3507
Register Write to Reg: 0x07 Val: 0x00000003
In clock cycle: 3509
Memory Write to Addr: 0x10010FC4 Val: 0x00000003
In clock cycle: 3511
Register Write to Reg: 0x1C Val: 0x00000003
In clock cycle: 3512
Register Write to Reg: 0x07 Val: 0x00000003
In clock cycle: 3515
Register Write to Reg: 0x07 Val: 0x00000000
In clock cycle: 3522
Register Write to Reg: 0x07 Val: 0x10010420
In clock cycle: 3525
Register Write to Reg: 0x07 Val: 0x10010024
In clock cycle: 3528
Register Write to Reg: 0x07 Val: 0x00010101
In clock cycle: 3530
Memory Write to Addr: 0x10010FC8 Val: 0x00010101
In clock cycle: 3532
Register Write to Reg: 0x1C Val: 0x00010101
In clock cycle: 3533
Register Write to Reg: 0x07 Val: 0x01000000
In clock cycle: 3536
Register Write to Reg: 0x07 Val: 0x00000000
In clock cycle: 3539
Register Write to Reg: 0x07 Val: 0x00000000
In clock cycle: 3542
Register Write to Reg: 0x07 Val: 0x00000000
In clock cycle: 3543
Register Write to Reg: 0x02 Val: 0x10010FB8
In clock cycle: 3546
Register Write to Reg: 0x08 Val: 0x10010FD8
In clock cycle: 3547
Register Write to Reg: 0x02 Val: 0x10010FD8
In clock cycle: 3548
Register Write to Reg: 0x00 Val: 0x00400454
In clock cycle: 3552
Register Write to Reg: 0x07 Val: 0x00000001
In clock cycle: 3555
Register Write to Reg: 0x07 Val: 0x00000001
In clock cycle: 3559
Register Write to Reg: 0x1D Val: 0x00000003
In clock cycle: 3560
Register Write to Reg: 0x01 Val: 0x00400058
In clock cycle: 3563
Register Write to Reg: 0x01 Val: 0x00400064
In clock cycle: 3564
Register Write to Reg: 0x00 Val: 0x00400064
In clock cycle: 3568
Register Write to Reg: 0x02 Val: 0x10010FA8
In clock cycle: 3570
Memory Write to Addr: 0x10010FD4 Val: 0x00400064
In clock cycle: 3571
Memory Write to Addr: 0x10010FD0 Val: 0x10010FD8
In clock cycle: 3573
Register Write to Reg: 0x08 Val: 0x10010FA8
In clock cycle: 3575
Memory Write to Addr: 0x10010FD8 Val: 0x00000003
In clock cycle: 3577
Register Write to Reg: 0x1D Val: 0x00000003
In clock cycle: 3578
Register Write to Reg: 0x01 Val: 0x004001A0
In clock cycle: 3581
Register Write to Reg: 0x01 Val: 0x004001AC
In clock cycle: 3582
Register Write to Reg: 0x00 Val: 0x004001AC
In clock cycle: 3586
Register Write to Reg: 0x02 Val: 0x10010F88
In clock cycle: 3588
Memory Write to Addr: 0x10010FA4 Val: 0x10010FA8
In clock cycle: 3590
Register Write to Reg: 0x08 Val: 0x10010F88
In clock cycle: 3592
Memory Write to Addr: 0x10010FA8 Val: 0x00000003
In clock cycle: 3594
Register Write to Reg: 0x07 Val: 0x00000001
In clock cycle: 3596
Memory Write to Addr: 0x10010F90 Val: 0x00000001
In clock cycle: 3597
Memory Write to Addr: 0x10010F94 Val: 0x00000000
In clock cycle: 3599
Register Write to Reg: 0x00 Val: 0x00400374
In clock cycle: 3603
Register Write to Reg: 0x1C Val: 0x00000000
In clock cycle: 3604
Register Write to Reg: 0x07 Val: 0x00000003
In clock cycle: 3607
Register Write to Reg: 0x07 Val: 0x00000001
In clock cycle: 3611
Register Write to Reg: 0x00 Val: 0x004003A0
In clock cycle: 3615
Register Write to Reg: 0x07 Val: 0x00000001
In clock cycle: 3618
Register Write to Reg: 0x07 Val: 0x00000100
In clock cycle: 3620
Memory Write to Addr: 0x10010F90 Val: 0x00000100
In clock cycle: 3622
Register Write to Reg: 0x07 Val: 0x00000000
In clock cycle: 3625
Register Write to Reg: 0x07 Val: 0x00000001
In clock cycle: 3627
Memory Write to Addr: 0x10010F94 Val: 0x00000001
In clock cycle: 3629
Register Write to Reg: 0x1C Val: 0x00000001
In clock cycle: 3630
Register Write to Reg: 0x07 Val: 0x00000003
In clock cycle: 3633
Register Write to Reg: 0x07 Val: 0x00000001
In clock cycle: 3637
Register Write to Reg: 0x00 Val: 0x004003A0
In clock cycle: 3641
Register Write to Reg: 0x07 Val: 0x00000100
In clock cycle: 3644
Register Write to Reg: 0x07 Val: 0x00010000
In clock cycle: 3646
Memory Write to Addr: 0x10010F90 Val: 0x00010000
In clock cycle: 3648
Register Write to Reg: 0x07 Val: 0x00000001
In clock cycle: 3651
Register Write to Reg: 0x07 Val: 0x00000002
In clock cycle: 3653
Memory Write to Addr: 0x10010F94 Val: 0x00000002
In clock cycle: 3655
Register Write to Reg: 0x1C Val: 0x00000002
In clock cycle: 3656
Register Write to Reg: 0x07 Val: 0x00000003
In clock cycle: 3659
Register Write to Reg: 0x07 Val: 0x00000001
In clock cycle: 3663
Register Write to Reg: 0x00 Val: 0x004003A0
In clock cycle: 3667
Register Write to Reg: 0x07 Val: 0x00010000
In clock cycle: 3670
Register Write to Reg: 0x07 Val: 0x01000000
In clock cycle: 3672
Memory Write to Addr: 0x10010F90 Val: 0x01000000
In clock cycle: 3674
Register Write to Reg: 0x07 Val: 0x00000002
In clock cycle: 3677
Register Write to Reg: 0x07 Val: 0x00000003
In clock cycle: 3679
Memory Write to Addr: 0x10010F94 Val: 0x00000003
In clock cycle: 3681
Register Write to Reg: 0x1C Val: 0x00000003
In clock cycle: 3682
Register Write to Reg: 0x07 Val: 0x00000003
In clock cycle: 3685
Register Write to Reg: 0x07 Val: 0x00000000
In clock cycle: 3692
Register Write to Reg: 0x07 Val: 0x100103A0
In clock cycle: 3695
Register Write to Reg: 0x07 Val: 0x10010024
In clock cycle: 3697
Memory Write to Addr: 0x10010F98 Val: 0x10010024
In clock cycle: 3699
Register Write to Reg: 0x07 Val: 0x10010024
In clock cycle: 3702
Register Write to Reg: 0x1C Val: 0x00010101
In clock cycle: 3703
Register Write to Reg: 0x07 Val: 0x01000000
In clock cycle: 3706
Register Write to Reg: 0x1C Val: 0x01010101
In clock cycle: 3707
Register Write to Reg: 0x07 Val: 0x10010024
In clock cycle: 3709
Memory Write to Addr: 0x10010024 Val: 0x01010101
In clock cycle: 3711
Register Write to Reg: 0x02 Val: 0x10010F88
In clock cycle: 3714
Register Write to Reg: 0x08 Val: 0x10010FA8
In clock cycle: 3715
Register Write to Reg: 0x02 Val: 0x10010FA8
In clock cycle: 3716
Register Write to Reg: 0x00 Val: 0x004003D4
In clock cycle: 3720
Register Write to Reg: 0x07 Val: 0x10010FC4
In clock cycle: 3721
Register Write to Reg: 0x1E Val: 0x00000003
In clock cycle: 3723
Register Write to Reg: 0x1D Val: 0x10010FC4
In clock cycle: 3724
Register Write to Reg: 0x01 Val: 0x004001B8
In clock cycle: 3727
Register Write to Reg: 0x01 Val: 0x004001C4
In clock cycle: 3728
Register Write to Reg: 0x00 Val: 0x004001C4
In clock cycle: 3732
Register Write to Reg: 0x02 Val: 0x10010F90
In clock cycle: 3734
Memory Write to Addr: 0x10010FA4 Val: 0x10010FA8
In clock cycle: 3736
Register Write to Reg: 0x08 Val: 0x10010F90
In clock cycle: 3739
Register Write to Reg: 0x1F Val: 0x00000000
In clock cycle: 3739
Memory Write to Addr: 0x10010FA8 Val: 0x10010FC4
In clock cycle: 3740
Memory Write to Addr: 0x10010FAC Val: 0x00000003
In clock cycle: 3742
Register Write to Reg: 0x07 Val: 0x00000003
In clock cycle: 3744
Memory Write to Addr: 0x10010F98 Val: 0x00000003
In clock cycle: 3745
Memory Write to Addr: 0x10010F9C Val: 0x00000000
In clock cycle: 3747
Register Write to Reg: 0x07 Val: 0x10010FC4
In clock cycle: 3748
Register Write to Reg: 0x1D Val: 0x00000003
In clock cycle: 3749
Register Write to Reg: 0x1C Val: 0x00000000
In clock cycle: 3750
Memory Write to Addr: 0x10010FC4 Val: 0x00000003
In clock cycle: 3751
Memory Write to Addr: 0x10010FC8 Val: 0x00000000
In clock cycle: 3753
Register Write to Reg: 0x07 Val: 0x10010FC4
In clock cycle: 3754
Register Write to Reg: 0x02 Val: 0x10010F90
In clock cycle: 3757
Register Write to Reg: 0x08 Val: 0x10010FA8
In clock cycle: 3758
Register Write to Reg: 0x02 Val: 0x10010FA8
In clock cycle: 3759
Register Write to Reg: 0x00 Val: 0x0040022C
In clock cycle: 3763
Register Write to Reg: 0x07 Val: 0x10010FC4
In clock cycle: 3766
Register Write to Reg: 0x1D Val: 0x10010FC4
In clock cycle: 3767
Register Write to Reg: 0x01 Val: 0x004001CC
In clock cycle: 3770
Register Write to Reg: 0x01 Val: 0x004001D8
In clock cycle: 3771
Register Write to Reg: 0x00 Val: 0x004001D8
In clock cycle: 3775
Register Write to Reg: 0x02 Val: 0x10010F88
In clock cycle: 3777
Memory Write to Addr: 0x10010FA4 Val: 0x004001D8
In clock cycle: 3778
Memory Write to Addr: 0x10010FA0 Val: 0x10010FA8
In clock cycle: 3780
Register Write to Reg: 0x08 Val: 0x10010F88
In clock cycle: 3782
Memory Write to Addr: 0x10010FA8 Val: 0x10010FC4
In clock cycle: 3784
Register Write to Reg: 0x00 Val: 0x00400244
In clock cycle: 3788
Register Write to Reg: 0x07 Val: 0x10010FC4
In clock cycle: 3791
Register Write to Reg: 0x07 Val: 0x00000000
In clock cycle: 3794
Register Write to Reg: 0x07 Val: 0x00000001
In clock cycle: 3798
Register Write to Reg: 0x00 Val: 0x004002AC
In clock cycle: 3802
Register Write to Reg: 0x07 Val: 0x10010FC4
In clock cycle: 3805
Register Write to Reg: 0x1C Val: 0x00000003
In clock cycle: 3806
Register Write to Reg: 0x07 Val: 0x10010FC4
In clock cycle: 3809
Register Write to Reg: 0x07 Val: 0x00000000
In clock cycle: 3812
Register Write to Reg: 0x1E Val: 0x00000000
In clock cycle: 3813
Register Write to Reg: 0x1D Val: 0x00000003
In clock cycle: 3814
Register Write to Reg: 0x01 Val: 0x0040025C
In clock cycle: 3817
Register Write to Reg: 0x01 Val: 0x00400268
In clock cycle: 3818
Register Write to Reg: 0x00 Val: 0x00400268
In clock cycle: 3822
Register Write to Reg: 0x02 Val: 0x10010F68
In clock cycle: 3824
Memory Write to Addr: 0x10010F84 Val: 0x10010F88
In clock cycle: 3826
Register Write to Reg: 0x08 Val: 0x10010F68
In clock cycle: 3828
Memory Write to Addr: 0x10010F88 Val: 0x00000003
In clock cycle: 3829
Memory Write to Addr: 0x10010F8C Val: 0x00000000
In clock cycle: 3831
Register Write to Reg: 0x07 Val: 0x100102D8
In clock cycle: 3834
Register Write to Reg: 0x07 Val: 0x10010014
In clock cycle: 3835
Register Write to Reg: 0x1C Val: 0x00000003
In clock cycle: 3838
Register Write to Reg: 0x1C Val: 0x0000000C
In clock cycle: 3841
Register Write to Reg: 0x07 Val: 0x10010020
In clock cycle: 3844
Register Write to Reg: 0x07 Val: 0x00000003
In clock cycle: 3846
Memory Write to Addr: 0x10010F78 Val: 0x00000003
In clock cycle: 3848
Register Write to Reg: 0x07 Val: 0x00000001
In clock cycle: 3850
Memory Write to Addr: 0x10010F70 Val: 0x00000001
In clock cycle: 3851
Memory Write to Addr: 0x10010F74 Val: 0x00000000
In clock cycle: 3853
Register Write to Reg: 0x00 Val: 0x00400304
In clock cycle: 3857
Register Write to Reg: 0x1C Val: 0x00000000
In clock cycle: 3858
Register Write to Reg: 0x07 Val: 0x00000000
In clock cycle: 3861
Register Write to Reg: 0x07 Val: 0x00000000
In clock cycle: 3868
Register Write to Reg: 0x1C Val: 0x00000001
In clock cycle: 3869
Register Write to Reg: 0x07 Val: 0x00000003
In clock cycle: 3872
Register Write to Reg: 0x07 Val: 0x00000001
In clock cycle: 3875
Register Write to Reg: 0x07 Val: 0x00000001
In clock cycle: 3878
Register Write to Reg: 0x07 Val: 0x00000001
In clock cycle: 3879
Register Write to Reg: 0x02 Val: 0x10010F68
In clock cycle: 3882
Register Write to Reg: 0x08 Val: 0x10010F88
In clock cycle: 3883
Register Write to Reg: 0x02 Val: 0x10010F88
In clock cycle: 3884
Register Write to Reg: 0x00 Val: 0x00400354
In clock cycle: 3889
Register Write to Reg: 0x07 Val: 0x10010FC4
In clock cycle: 3892
Register Write to Reg: 0x07 Val: 0x00000000
In clock cycle: 3895
Register Write to Reg: 0x1D Val: 0x00000001
In clock cycle: 3896
Register Write to Reg: 0x1C Val: 0x10010FC4
In clock cycle: 3898
Memory Write to Addr: 0x10010FC8 Val: 0x00000001
In clock cycle: 3900
Register Write to Reg: 0x00 Val: 0x00400284
In clock cycle: 3904
Register Write to Reg: 0x02 Val: 0x10010F88
In clock cycle: 3907
Register Write to Reg: 0x01 Val: 0x004001D8
In clock cycle: 3908
Register Write to Reg: 0x08 Val: 0x10010FA8
In clock cycle: 3909
Register Write to Reg: 0x02 Val: 0x10010FA8
In clock cycle: 3910
Register Write to Reg: 0x00 Val: 0x004002C4
In clock cycle: 3913
Memory Write to Addr: 0x10010FC0 Val: 0x00000000
In clock cycle: 3915
Register Write to Reg: 0x00 Val: 0x004001E0
In clock cycle: 3919
Register Write to Reg: 0x1C Val: 0x00000000
In clock cycle: 3920
Register Write to Reg: 0x07 Val: 0xFFFFFFFF
In clock cycle: 3924
Register Write to Reg: 0x00 Val: 0x00400110
In clock cycle: 3928
Register Write to Reg: 0x1D Val: 0x00000000
In clock cycle: 3929
Register Write to Reg: 0x01 Val: 0x004000C0
In clock cycle: 3932
Register Write to Reg: 0x01 Val: 0x004000CC
In clock cycle: 3933
Register Write to Reg: 0x00 Val: 0x004000CC
In clock cycle: 3937
Register Write to Reg: 0x02 Val: 0x10010F88
In clock cycle: 3939
Memory Write to Addr: 0x10010FA4 Val: 0x10010FA8
In clock cycle: 3941
Register Write to Reg: 0x08 Val: 0x10010F88
In clock cycle: 3943
Memory Write to Addr: 0x10010FA8 Val: 0x00000000
In clock cycle: 3945
Register Write to Reg: 0x07 Val: 0x00000001
In clock cycle: 3947
Memory Write to Addr: 0x10010F90 Val: 0x00000001
In clock cycle: 3948
Memory Write to Addr: 0x10010F94 Val: 0x00000000
In clock cycle: 3950
Register Write to Reg: 0x00 Val: 0x004003F4
In clock cycle: 3954
Register Write to Reg: 0x1C Val: 0x00000000
In clock cycle: 3955
Register Write to Reg: 0x07 Val: 0x00000000
In clock cycle: 3958
Register Write to Reg: 0x07 Val: 0x00000000
In clock cycle: 3965
Register Write to Reg: 0x07 Val: 0x10010420
In clock cycle: 3968
Register Write to Reg: 0x07 Val: 0x10010024
In clock cycle: 3971
Register Write to Reg: 0x07 Val: 0x01010101
In clock cycle: 3973
Memory Write to Addr: 0x10010F98 Val: 0x01010101
In clock cycle: 3975
Register Write to Reg: 0x1C Val: 0x01010101
In clock cycle: 3976
Register Write to Reg: 0x07 Val: 0x00000001
In clock cycle: 3979
Register Write to Reg: 0x07 Val: 0x00000001
In clock cycle: 3982
Register Write to Reg: 0x07 Val: 0x00000001
In clock cycle: 3985
Register Write to Reg: 0x07 Val: 0x00000001
In clock cycle: 3986
Register Write to Reg: 0x02 Val: 0x10010F88
In clock cycle: 3989
Register Write to Reg: 0x08 Val: 0x10010FA8
In clock cycle: 3990
Register Write to Reg: 0x02 Val: 0x10010FA8
In clock cycle: 3991
Register Write to Reg: 0x00 Val: 0x00400454
In clock cycle: 3995
Register Write to Reg: 0x07 Val: 0x00000000
In clock cycle: 3998
Register Write to Reg: 0x07 Val: 0x00000000
In clock cycle: 4005
Register Write to Reg: 0x07 Val: 0x10010FC4
In clock cycle: 4008
Register Write to Reg: 0x1D Val: 0x10010FC4
In clock cycle: 4009
Register Write to Reg: 0x01 Val: 0x004000F0
In clock cycle: 4012
Register Write to Reg: 0x01 Val: 0x004000FC
In clock cycle: 4013
Register Write to Reg: 0x00 Val: 0x004000FC
In clock cycle: 4017
Register Write to Reg: 0x02 Val: 0x10010F88
In clock cycle: 4019
Memory Write to Addr: 0x10010FA4 Val: 0x004000FC
In clock cycle: 4020
Memory Write to Addr: 0x10010FA0 Val: 0x10010FA8
In clock cycle: 4022
Register Write to Reg: 0x08 Val: 0x10010F88
In clock cycle: 4024
Memory Write to Addr: 0x10010FA8 Val: 0x10010FC4
In clock cycle: 4026
Register Write to Reg: 0x00 Val: 0x00400244
In clock cycle: 4030
Register Write to Reg: 0x07 Val: 0x10010FC4
In clock cycle: 4033
Register Write to Reg: 0x07 Val: 0x00000001
In clock cycle: 4036
Register Write to Reg: 0x07 Val: 0x00000001
In clock cycle: 4040
Register Write to Reg: 0x00 Val: 0x004002AC
In clock cycle: 4044
Register Write to Reg: 0x07 Val: 0x10010FC4
In clock cycle: 4047
Register Write to Reg: 0x1C Val: 0x00000003
In clock cycle: 4048
Register Write to Reg: 0x07 Val: 0x10010FC4
In clock cycle: 4051
Register Write to Reg: 0x07 Val: 0x00000001
In clock cycle: 4054
Register Write to Reg: 0x1E Val: 0x00000001
In clock cycle: 4055
Register Write to Reg: 0x1D Val: 0x00000003
In clock cycle: 4056
Register Write to Reg: 0x01 Val: 0x0040025C
In clock cycle: 4059
Register Write to Reg: 0x01 Val: 0x00400268
In clock cycle: 4060
Register Write to Reg: 0x00 Val: 0x00400268
In clock cycle: 4064
Register Write to Reg: 0x02 Val: 0x10010F68
In clock cycle: 4066
Memory Write to Addr: 0x10010F84 Val: 0x10010F88
In clock cycle: 4068
Register Write to Reg: 0x08 Val: 0x10010F68
In clock cycle: 4070
Memory Write to Addr: 0x10010F88 Val: 0x00000003
In clock cycle: 4071
Memory Write to Addr: 0x10010F8C Val: 0x00000001
In clock cycle: 4073
Register Write to Reg: 0x07 Val: 0x100102D8
In clock cycle: 4076
Register Write to Reg: 0x07 Val: 0x10010014
In clock cycle: 4077
Register Write to Reg: 0x1C Val: 0x00000003
In clock cycle: 4080
Register Write to Reg: 0x1C Val: 0x0000000C
In clock cycle: 4083
Register Write to Reg: 0x07 Val: 0x10010020
In clock cycle: 4086
Register Write to Reg: 0x07 Val: 0x00000003
In clock cycle: 4088
Memory Write to Addr: 0x10010F78 Val: 0x00000003
In clock cycle: 4090
Register Write to Reg: 0x07 Val: 0x00000001
In clock cycle: 4092
Memory Write to Addr: 0x10010F70 Val: 0x00000001
In clock cycle: 4093
Memory Write to Addr: 0x10010F74 Val: 0x00000000
In clock cycle: 4095
Register Write to Reg: 0x00 Val: 0x00400304
In clock cycle: 4099
Register Write to Reg: 0x1C Val: 0x00000000
In clock cycle: 4100
Register Write to Reg: 0x07 Val: 0x00000001
In clock cycle: 4103
Register Write to Reg: 0x07 Val: 0x00000001
In clock cycle: 4107
Register Write to Reg: 0x00 Val: 0x00400330
In clock cycle: 4111
Register Write to Reg: 0x07 Val: 0x00000001
In clock cycle: 4114
Register Write to Reg: 0x07 Val: 0x00000002
In clock cycle: 4116
Memory Write to Addr: 0x10010F70 Val: 0x00000002
In clock cycle: 4118
Register Write to Reg: 0x07 Val: 0x00000000
In clock cycle: 4121
Register Write to Reg: 0x07 Val: 0x00000001
In clock cycle: 4123
Memory Write to Addr: 0x10010F74 Val: 0x00000001
In clock cycle: 4125
Register Write to Reg: 0x1C Val: 0x00000001
In clock cycle: 4126
Register Write to Reg: 0x07 Val: 0x00000001
In clock cycle: 4129
Register Write to Reg: 0x07 Val: 0x00000000
In clock cycle: 4136
Register Write to Reg: 0x1C Val: 0x00000002
In clock cycle: 4137
Register Write to Reg: 0x07 Val: 0x00000003
In clock cycle: 4140
Register Write to Reg: 0x07 Val: 0x00000002
In clock cycle: 4143
Register Write to Reg: 0x07 Val: 0x00000001
In clock cycle: 4146
Register Write to Reg: 0x07 Val: 0x00000001
In clock cycle: 4147
Register Write to Reg: 0x02 Val: 0x10010F68
In clock cycle: 4150
Register Write to Reg: 0x08 Val: 0x10010F88
In clock cycle: 4151
Register Write to Reg: 0x02 Val: 0x10010F88
In clock cycle: 4152
Register Write to Reg: 0x00 Val: 0x00400354
In clock cycle: 4157
Register Write to Reg: 0x07 Val: 0x10010FC4
In clock cycle: 4160
Register Write to Reg: 0x07 Val: 0x00000001
In clock cycle: 4163
Register Write to Reg: 0x1D Val: 0x00000002
In clock cycle: 4164
Register Write to Reg: 0x1C Val: 0x10010FC4
In clock cycle: 4166
Memory Write to Addr: 0x10010FC8 Val: 0x00000002
In clock cycle: 4168
Register Write to Reg: 0x00 Val: 0x00400284
In clock cycle: 4172
Register Write to Reg: 0x02 Val: 0x10010F88
In clock cycle: 4175
Register Write to Reg: 0x01 Val: 0x004000FC
In clock cycle: 4176
Register Write to Reg: 0x08 Val: 0x10010FA8
In clock cycle: 4177
Register Write to Reg: 0x02 Val: 0x10010FA8
In clock cycle: 4178
Register Write to Reg: 0x00 Val: 0x004002C4
In clock cycle: 4181
Memory Write to Addr: 0x10010FC0 Val: 0x00000001
In clock cycle: 4183
Register Write to Reg: 0x1C Val: 0x00000001
In clock cycle: 4184
Register Write to Reg: 0x07 Val: 0xFFFFFFFF
In clock cycle: 4188
Register Write to Reg: 0x00 Val: 0x00400110
In clock cycle: 4192
Register Write to Reg: 0x1D Val: 0x00000001
In clock cycle: 4193
Register Write to Reg: 0x01 Val: 0x004000C0
In clock cycle: 4196
Register Write to Reg: 0x01 Val: 0x004000CC
In clock cycle: 4197
Register Write to Reg: 0x00 Val: 0x004000CC
In clock cycle: 4201
Register Write to Reg: 0x02 Val: 0x10010F88
In clock cycle: 4203
Memory Write to Addr: 0x10010FA4 Val: 0x10010FA8
In clock cycle: 4205
Register Write to Reg: 0x08 Val: 0x10010F88
In clock cycle: 4207
Memory Write to Addr: 0x10010FA8 Val: 0x00000001
In clock cycle: 4209
Register Write to Reg: 0x07 Val: 0x00000001
In clock cycle: 4211
Memory Write to Addr: 0x10010F90 Val: 0x00000001
In clock cycle: 4212
Memory Write to Addr: 0x10010F94 Val: 0x00000000
In clock cycle: 4214
Register Write to Reg: 0x00 Val: 0x004003F4
In clock cycle: 4218
Register Write to Reg: 0x1C Val: 0x00000000
In clock cycle: 4219
Register Write to Reg: 0x07 Val: 0x00000001
In clock cycle: 4222
Register Write to Reg: 0x07 Val: 0x00000001
In clock cycle: 4226
Register Write to Reg: 0x00 Val: 0x00400420
In clock cycle: 4230
Register Write to Reg: 0x07 Val: 0x00000001
In clock cycle: 4233
Register Write to Reg: 0x07 Val: 0x00000100
In clock cycle: 4235
Memory Write to Addr: 0x10010F90 Val: 0x00000100
In clock cycle: 4237
Register Write to Reg: 0x07 Val: 0x00000000
In clock cycle: 4240
Register Write to Reg: 0x07 Val: 0x00000001
In clock cycle: 4242
Memory Write to Addr: 0x10010F94 Val: 0x00000001
In clock cycle: 4244
Register Write to Reg: 0x1C Val: 0x00000001
In clock cycle: 4245
Register Write to Reg: 0x07 Val: 0x00000001
In clock cycle: 4248
Register Write to Reg: 0x07 Val: 0x00000000
In clock cycle: 4255
Register Write to Reg: 0x07 Val: 0x10010420
In clock cycle: 4258
Register Write to Reg: 0x07 Val: 0x10010024
In clock cycle: 4261
Register Write to Reg: 0x07 Val: 0x01010101
In clock cycle: 4263
Memory Write to Addr: 0x10010F98 Val: 0x01010101
In clock cycle: 4265
Register Write to Reg: 0x1C Val: 0x01010101
In clock cycle: 4266
Register Write to Reg: 0x07 Val: 0x00000100
In clock cycle: 4269
Register Write to Reg: 0x07 Val: 0x00000100
In clock cycle: 4272
Register Write to Reg: 0x07 Val: 0x00000001
In clock cycle: 4275
Register Write to Reg: 0x07 Val: 0x00000001
In clock cycle: 4276
Register Write to Reg: 0x02 Val: 0x10010F88
In clock cycle: 4279
Register Write to Reg: 0x08 Val: 0x10010FA8
In clock cycle: 4280
Register Write to Reg: 0x02 Val: 0x10010FA8
In clock cycle: 4281
Register Write to Reg: 0x00 Val: 0x00400454
In clock cycle: 4285
Register Write to Reg: 0x07 Val: 0x00000000
In clock cycle: 4288
Register Write to Reg: 0x07 Val: 0x00000000
In clock cycle: 4295
Register Write to Reg: 0x07 Val: 0x10010FC4
In clock cycle: 4298
Register Write to Reg: 0x1D Val: 0x10010FC4
In clock cycle: 4299
Register Write to Reg: 0x01 Val: 0x004000F0
In clock cycle: 4302
Register Write to Reg: 0x01 Val: 0x004000FC
In clock cycle: 4303
Register Write to Reg: 0x00 Val: 0x004000FC
In clock cycle: 4307
Register Write to Reg: 0x02 Val: 0x10010F88
In clock cycle: 4309
Memory Write to Addr: 0x10010FA4 Val: 0x004000FC
In clock cycle: 4310
Memory Write to Addr: 0x10010FA0 Val: 0x10010FA8
In clock cycle: 4312
Register Write to Reg: 0x08 Val: 0x10010F88
In clock cycle: 4314
Memory Write to Addr: 0x10010FA8 Val: 0x10010FC4
In clock cycle: 4316
Register Write to Reg: 0x00 Val: 0x00400244
In clock cycle: 4320
Register Write to Reg: 0x07 Val: 0x10010FC4
In clock cycle: 4323
Register Write to Reg: 0x07 Val: 0x00000002
In clock cycle: 4326
Register Write to Reg: 0x07 Val: 0x00000001
In clock cycle: 4330
Register Write to Reg: 0x00 Val: 0x004002AC
In clock cycle: 4334
Register Write to Reg: 0x07 Val: 0x10010FC4
In clock cycle: 4337
Register Write to Reg: 0x1C Val: 0x00000003
In clock cycle: 4338
Register Write to Reg: 0x07 Val: 0x10010FC4
In clock cycle: 4341
Register Write to Reg: 0x07 Val: 0x00000002
In clock cycle: 4344
Register Write to Reg: 0x1E Val: 0x00000002
In clock cycle: 4345
Register Write to Reg: 0x1D Val: 0x00000003
In clock cycle: 4346
Register Write to Reg: 0x01 Val: 0x0040025C
In clock cycle: 4349
Register Write to Reg: 0x01 Val: 0x00400268
In clock cycle: 4350
Register Write to Reg: 0x00 Val: 0x00400268
In clock cycle: 4354
Register Write to Reg: 0x02 Val: 0x10010F68
In clock cycle: 4356
Memory Write to Addr: 0x10010F84 Val: 0x10010F88
In clock cycle: 4358
Register Write to Reg: 0x08 Val: 0x10010F68
In clock cycle: 4360
Memory Write to Addr: 0x10010F88 Val: 0x00000003
In clock cycle: 4361
Memory Write to Addr: 0x10010F8C Val: 0x00000002
In clock cycle: 4363
Register Write to Reg: 0x07 Val: 0x100102D8
In clock cycle: 4366
Register Write to Reg: 0x07 Val: 0x10010014
In clock cycle: 4367
Register Write to Reg: 0x1C Val: 0x00000003
In clock cycle: 4370
Register Write to Reg: 0x1C Val: 0x0000000C
In clock cycle: 4373
Register Write to Reg: 0x07 Val: 0x10010020
In clock cycle: 4376
Register Write to Reg: 0x07 Val: 0x00000003
In clock cycle: 4378
Memory Write to Addr: 0x10010F78 Val: 0x00000003
In clock cycle: 4380
Register Write to Reg: 0x07 Val: 0x00000001
In clock cycle: 4382
Memory Write to Addr: 0x10010F70 Val: 0x00000001
In clock cycle: 4383
Memory Write to Addr: 0x10010F74 Val: 0x00000000
In clock cycle: 4385
Register Write to Reg: 0x00 Val: 0x00400304
In clock cycle: 4389
Register Write to Reg: 0x1C Val: 0x00000000
In clock cycle: 4390
Register Write to Reg: 0x07 Val: 0x00000002
In clock cycle: 4393
Register Write to Reg: 0x07 Val: 0x00000001
In clock cycle: 4397
Register Write to Reg: 0x00 Val: 0x00400330
In clock cycle: 4401
Register Write to Reg: 0x07 Val: 0x00000001
In clock cycle: 4404
Register Write to Reg: 0x07 Val: 0x00000002
In clock cycle: 4406
Memory Write to Addr: 0x10010F70 Val: 0x00000002
In clock cycle: 4408
Register Write to Reg: 0x07 Val: 0x00000000
In clock cycle: 4411
Register Write to Reg: 0x07 Val: 0x00000001
In clock cycle: 4413
Memory Write to Addr: 0x10010F74 Val: 0x00000001
In clock cycle: 4415
Register Write to Reg: 0x1C Val: 0x00000001
In clock cycle: 4416
Register Write to Reg: 0x07 Val: 0x00000002
In clock cycle: 4419
Register Write to Reg: 0x07 Val: 0x00000001
In clock cycle: 4423
Register Write to Reg: 0x00 Val: 0x00400330
In clock cycle: 4427
Register Write to Reg: 0x07 Val: 0x00000002
In clock cycle: 4430
Register Write to Reg: 0x07 Val: 0x00000004
In clock cycle: 4432
Memory Write to Addr: 0x10010F70 Val: 0x00000004
In clock cycle: 4434
Register Write to Reg: 0x07 Val: 0x00000001
In clock cycle: 4437
Register Write to Reg: 0x07 Val: 0x00000002
In clock cycle: 4439
Memory Write to Addr: 0x10010F74 Val: 0x00000002
In clock cycle: 4441
Register Write to Reg: 0x1C Val: 0x00000002
In clock cycle: 4442
Register Write to Reg: 0x07 Val: 0x00000002
In clock cycle: 4445
Register Write to Reg: 0x07 Val: 0x00000000
In clock cycle: 4452
Register Write to Reg: 0x1C Val: 0x00000004
In clock cycle: 4453
Register Write to Reg: 0x07 Val: 0x00000003
In clock cycle: 4456
Register Write to Reg: 0x07 Val: 0x00000000
In clock cycle: 4459
Register Write to Reg: 0x07 Val: 0x00000000
In clock cycle: 4462
Register Write to Reg: 0x07 Val: 0x00000000
In clock cycle: 4463
Register Write to Reg: 0x02 Val: 0x10010F68
In clock cycle: 4466
Register Write to Reg: 0x08 Val: 0x10010F88
In clock cycle: 4467
Register Write to Reg: 0x02 Val: 0x10010F88
In clock cycle: 4468
Register Write to Reg: 0x00 Val: 0x00400354
In clock cycle: 4476
Register Write to Reg: 0x07 Val: 0x10010FC4
In clock cycle: 4479
Register Write to Reg: 0x07 Val: 0x00000002
In clock cycle: 4482
Register Write to Reg: 0x1C Val: 0x00000003
In clock cycle: 4483
Register Write to Reg: 0x07 Val: 0x10010FC4
In clock cycle: 4485
Memory Write to Addr: 0x10010FC8 Val: 0x00000003
In clock cycle: 4487
Register Write to Reg: 0x07 Val: 0x10010FC4
In clock cycle: 4490
Register Write to Reg: 0x07 Val: 0x00000003
In clock cycle: 4493
Register Write to Reg: 0x07 Val: 0x00000001
In clock cycle: 4497
Register Write to Reg: 0x00 Val: 0x004002AC
In clock cycle: 4501
Register Write to Reg: 0x07 Val: 0x10010FC4
In clock cycle: 4504
Register Write to Reg: 0x1C Val: 0x00000003
In clock cycle: 4505
Register Write to Reg: 0x07 Val: 0x10010FC4
In clock cycle: 4508
Register Write to Reg: 0x07 Val: 0x00000003
In clock cycle: 4511
Register Write to Reg: 0x1E Val: 0x00000003
In clock cycle: 4512
Register Write to Reg: 0x1D Val: 0x00000003
In clock cycle: 4513
Register Write to Reg: 0x01 Val: 0x0040025C
In clock cycle: 4516
Register Write to Reg: 0x01 Val: 0x00400268
In clock cycle: 4517
Register Write to Reg: 0x00 Val: 0x00400268
In clock cycle: 4521
Register Write to Reg: 0x02 Val: 0x10010F68
In clock cycle: 4523
Memory Write to Addr: 0x10010F84 Val: 0x10010F88
In clock cycle: 4525
Register Write to Reg: 0x08 Val: 0x10010F68
In clock cycle: 4527
Memory Write to Addr: 0x10010F88 Val: 0x00000003
In clock cycle: 4528
Memory Write to Addr: 0x10010F8C Val: 0x00000003
In clock cycle: 4530
Register Write to Reg: 0x07 Val: 0x100102D8
In clock cycle: 4533
Register Write to Reg: 0x07 Val: 0x10010014
In clock cycle: 4534
Register Write to Reg: 0x1C Val: 0x00000003
In clock cycle: 4537
Register Write to Reg: 0x1C Val: 0x0000000C
In clock cycle: 4540
Register Write to Reg: 0x07 Val: 0x10010020
In clock cycle: 4543
Register Write to Reg: 0x07 Val: 0x00000003
In clock cycle: 4545
Memory Write to Addr: 0x10010F78 Val: 0x00000003
In clock cycle: 4547
Register Write to Reg: 0x07 Val: 0x00000001
In clock cycle: 4549
Memory Write to Addr: 0x10010F70 Val: 0x00000001
In clock cycle: 4550
Memory Write to Addr: 0x10010F74 Val: 0x00000000
In clock cycle: 4552
Register Write to Reg: 0x00 Val: 0x00400304
In clock cycle: 4556
Register Write to Reg: 0x1C Val: 0x00000000
In clock cycle: 4557
Register Write to Reg: 0x07 Val: 0x00000003
In clock cycle: 4560
Register Write to Reg: 0x07 Val: 0x00000001
In clock cycle: 4564
Register Write to Reg: 0x00 Val: 0x00400330
In clock cycle: 4568
Register Write to Reg: 0x07 Val: 0x00000001
In clock cycle: 4571
Register Write to Reg: 0x07 Val: 0x00000002
In clock cycle: 4573
Memory Write to Addr: 0x10010F70 Val: 0x00000002
In clock cycle: 4575
Register Write to Reg: 0x07 Val: 0x00000000
In clock cycle: 4578
Register Write to Reg: 0x07 Val: 0x00000001
In clock cycle: 4580
Memory Write to Addr: 0x10010F74 Val: 0x00000001
In clock cycle: 4582
Register Write to Reg: 0x1C Val: 0x00000001
In clock cycle: 4583
Register Write to Reg: 0x07 Val: 0x00000003
In clock cycle: 4586
Register Write to Reg: 0x07 Val: 0x00000001
In clock cycle: 4590
Register Write to Reg: 0x00 Val: 0x00400330
In clock cycle: 4594
Register Write to Reg: 0x07 Val: 0x00000002
In clock cycle: 4597
Register Write to Reg: 0x07 Val: 0x00000004
In clock cycle: 4599
Memory Write to Addr: 0x10010F70 Val: 0x00000004
In clock cycle: 4601
Register Write to Reg: 0x07 Val: 0x00000001
In clock cycle: 4604
Register Write to Reg: 0x07 Val: 0x00000002
In clock cycle: 4606
Memory Write to Addr: 0x10010F74 Val: 0x00000002
In clock cycle: 4608
Register Write to Reg: 0x1C Val: 0x00000002
In clock cycle: 4609
Register Write to Reg: 0x07 Val: 0x00000003
In clock cycle: 4612
Register Write to Reg: 0x07 Val: 0x00000001
In clock cycle: 4616
Register Write to Reg: 0x00 Val: 0x00400330
In clock cycle: 4620
Register Write to Reg: 0x07 Val: 0x00000004
In clock cycle: 4623
Register Write to Reg: 0x07 Val: 0x00000008
In clock cycle: 4625
Memory Write to Addr: 0x10010F70 Val: 0x00000008
In clock cycle: 4627
Register Write to Reg: 0x07 Val: 0x00000002
In clock cycle: 4630
Register Write to Reg: 0x07 Val: 0x00000003
In clock cycle: 4632
Memory Write to Addr: 0x10010F74 Val: 0x00000003
In clock cycle: 4634
Register Write to Reg: 0x1C Val: 0x00000003
In clock cycle: 4635
Register Write to Reg: 0x07 Val: 0x00000003
In clock cycle: 4638
Register Write to Reg: 0x07 Val: 0x00000000
In clock cycle: 4645
Register Write to Reg: 0x1C Val: 0x00000008
In clock cycle: 4646
Register Write to Reg: 0x07 Val: 0x00000003
In clock cycle: 4649
Register Write to Reg: 0x07 Val: 0x00000000
In clock cycle: 4652
Register Write to Reg: 0x07 Val: 0x00000000
In clock cycle: 4655
Register Write to Reg: 0x07 Val: 0x00000000
In clock cycle: 4656
Register Write to Reg: 0x02 Val: 0x10010F68
In clock cycle: 4659
Register Write to Reg: 0x08 Val: 0x10010F88
In clock cycle: 4660
Register Write to Reg: 0x02 Val: 0x10010F88
In clock cycle: 4661
Register Write to Reg: 0x00 Val: 0x00400354
In clock cycle: 4669
Register Write to Reg: 0x07 Val: 0x10010FC4
In clock cycle: 4672
Register Write to Reg: 0x07 Val: 0x00000003
In clock cycle: 4675
Register Write to Reg: 0x1C Val: 0x00000004
In clock cycle: 4676
Register Write to Reg: 0x07 Val: 0x10010FC4
In clock cycle: 4678
Memory Write to Addr: 0x10010FC8 Val: 0x00000004
In clock cycle: 4680
Register Write to Reg: 0x07 Val: 0x10010FC4
In clock cycle: 4683
Register Write to Reg: 0x07 Val: 0x00000004
In clock cycle: 4686
Register Write to Reg: 0x07 Val: 0x00000000
In clock cycle: 4693
Register Write to Reg: 0x07 Val: 0xFFFFFFFF
In clock cycle: 4694
Register Write to Reg: 0x02 Val: 0x10010F88
In clock cycle: 4697
Register Write to Reg: 0x01 Val: 0x004000FC
In clock cycle: 4698
Register Write to Reg: 0x08 Val: 0x10010FA8
In clock cycle: 4699
Register Write to Reg: 0x02 Val: 0x10010FA8
In clock cycle: 4700
Register Write to Reg: 0x00 Val: 0x004002C4
In clock cycle: 4703
Memory Write to Addr: 0x10010FC0 Val: 0xFFFFFFFF
In clock cycle: 4705
Register Write to Reg: 0x1C Val: 0xFFFFFFFF
In clock cycle: 4706
Register Write to Reg: 0x07 Val: 0xFFFFFFFF
In clock cycle: 4713
Register Write to Reg: 0x07 Val: 0x10010110
In clock cycle: 4716
Register Write to Reg: 0x07 Val: 0x10010028
In clock cycle: 4719
Register Write to Reg: 0x07 Val: 0x00000000
In clock cycle: 4722
Register Write to Reg: 0x1D Val: 0xFFFFFFFF
In clock cycle: 4723
Register Write to Reg: 0x1C Val: 0x10010120
In clock cycle: 4726
Register Write to Reg: 0x1C Val: 0x10010028
In clock cycle: 4728
Memory Write to Addr: 0x10010028 Val: 0xFFFFFFFF
In clock cycle: 4730
Register Write to Reg: 0x1D Val: 0x1001012C
In clock cycle: 4733
Register Write to Reg: 0x1D Val: 0x10010000
In clock cycle: 4734
Register Write to Reg: 0x1C Val: 0x00000000
In clock cycle: 4737
Register Write to Reg: 0x1C Val: 0x00000000
In clock cycle: 4740
Register Write to Reg: 0x1C Val: 0x00000000
In clock cycle: 4743
Register Write to Reg: 0x1C Val: 0x00000000
In clock cycle: 4744
Register Write to Reg: 0x1F Val: 0x004000FC
In clock cycle: 4745
Register Write to Reg: 0x1F Val: 0x004000FC
In clock cycle: 4748
Register Write to Reg: 0x1F Val: 0xFFBFFF04
In clock cycle: 4749
Register Write to Reg: 0x07 Val: 0x10010150
In clock cycle: 4752
Register Write to Reg: 0x07 Val: 0x10010000
In clock cycle: 4753
Register Write to Reg: 0x0B Val: 0x00010000
In clock cycle: 4756
Register Write to Reg: 0x0B Val: 0x0000FFFF
In clock cycle: 4759
Register Write to Reg: 0x1F Val: 0x00000000
In clock cycle: 4762
Register Write to Reg: 0x07 Val: 0x10010000
In clock cycle: 4765
Register Write to Reg: 0x07 Val: 0x10010000
In clock cycle: 4766
Register Write to Reg: 0x1C Val: 0x00000003
In clock cycle: 4768
Memory Write to Addr: 0x10010000 Val: 0x00000003
In clock cycle: 4770
Register Write to Reg: 0x02 Val: 0x10010FA8
In clock cycle: 4773
Register Write to Reg: 0x01 Val: 0x00400064
In clock cycle: 4774
Register Write to Reg: 0x08 Val: 0x10010FD8
In clock cycle: 4775
Register Write to Reg: 0x02 Val: 0x10010FD8
In clock cycle: 4776
Register Write to Reg: 0x00 Val: 0x00400188
In clock cycle: 4780
Register Write to Reg: 0x07 Val: 0x00000003
In clock cycle: 4783
Register Write to Reg: 0x07 Val: 0x00000004
In clock cycle: 4785
Memory Write to Addr: 0x10010FF0 Val: 0x00000004
In clock cycle: 4787
Register Write to Reg: 0x07 Val: 0x00000004
In clock cycle: 4790
Register Write to Reg: 0x07 Val: 0x00000000
In clock cycle: 4796
Memory Write to Addr: 0x10010FF4 Val: 0x00000000
In clock cycle: 4798
Register Write to Reg: 0x00 Val: 0x00400088
In clock cycle: 4802
Register Write to Reg: 0x07 Val: 0x00000000
In clock cycle: 4805
Register Write to Reg: 0x07 Val: 0x00000001
In clock cycle: 4808
Register Write to Reg: 0x07 Val: 0x00000000
In clock cycle: 4815
Register Write to Reg: 0x07 Val: 0x00000000
In clock cycle: 4818
Register Write to Reg: 0x07 Val: 0x00000001
In clock cycle: 4820
Memory Write to Addr: 0x10010FF4 Val: 0x00000001
In clock cycle: 4822
Register Write to Reg: 0x07 Val: 0x00000001
In clock cycle: 4825
Register Write to Reg: 0x07 Val: 0x00000001
In clock cycle: 4828
Register Write to Reg: 0x07 Val: 0x00000000
In clock cycle: 4835
Register Write to Reg: 0x07 Val: 0x00000001
In clock cycle: 4838
Register Write to Reg: 0x07 Val: 0x00000002
In clock cycle: 4840
Memory Write to Addr: 0x10010FF4 Val: 0x00000002
In clock cycle: 4842
Register Write to Reg: 0x07 Val: 0x00000002
In clock cycle: 4845
Register Write to Reg: 0x07 Val: 0x00000001
In clock cycle: 4848
Register Write to Reg: 0x07 Val: 0x00000000
In clock cycle: 4855
Register Write to Reg: 0x07 Val: 0x00000002
In clock cycle: 4858
Register Write to Reg: 0x07 Val: 0x00000003
In clock cycle: 4860
Memory Write to Addr: 0x10010FF4 Val: 0x00000003
In clock cycle: 4862
Register Write to Reg: 0x07 Val: 0x00000003
In clock cycle: 4865
Register Write to Reg: 0x07 Val: 0x00000001
In clock cycle: 4868
Register Write to Reg: 0x07 Val: 0x00000000
In clock cycle: 4875
Register Write to Reg: 0x07 Val: 0x00000003
In clock cycle: 4878
Register Write to Reg: 0x07 Val: 0x00000004
In clock cycle: 4880
Memory Write to Addr: 0x10010FF4 Val: 0x00000004
In clock cycle: 4882
Register Write to Reg: 0x07 Val: 0x00000004
In clock cycle: 4885
Register Write to Reg: 0x07 Val: 0x00000000
In clock cycle: 4888
Register Write to Reg: 0x07 Val: 0x00000001
In clock cycle: 4892
Register Write to Reg: 0x07 Val: 0x00000000
In clock cycle: 4893
Register Write to Reg: 0x02 Val: 0x10010FD8
In clock cycle: 4896
Register Write to Reg: 0x01 Val: 0x00400018
In clock cycle: 4897
Register Write to Reg: 0x08 Val: 0x00000000
In clock cycle: 4900
Register Write to Reg: 0x02 Val: 0x10011000
In clock cycle: 4901
Register Write to Reg: 0x00 Val: 0x004000BC
In clock cycle: 4905
Register Write to Reg: 0x00 Val: 0x0040001C
Execution is stopping! Clock Cycle: 4909
